-- MySQL dump 10.13  Distrib 5.1.49, for debian-linux-gnu (i486)
--
-- Host: localhost    Database: aaveter_0
-- ------------------------------------------------------
-- Server version	5.1.49-3

/*!40101 SET @OLD_CHARACTER_SET_CLIENT=@@CHARACTER_SET_CLIENT */;
/*!40101 SET @OLD_CHARACTER_SET_RESULTS=@@CHARACTER_SET_RESULTS */;
/*!40101 SET @OLD_COLLATION_CONNECTION=@@COLLATION_CONNECTION */;
/*!40101 SET NAMES utf8 */;
/*!40103 SET @OLD_TIME_ZONE=@@TIME_ZONE */;
/*!40103 SET TIME_ZONE='+00:00' */;
/*!40014 SET @OLD_UNIQUE_CHECKS=@@UNIQUE_CHECKS, UNIQUE_CHECKS=0 */;
/*!40014 SET @OLD_FOREIGN_KEY_CHECKS=@@FOREIGN_KEY_CHECKS, FOREIGN_KEY_CHECKS=0 */;
/*!40101 SET @OLD_SQL_MODE=@@SQL_MODE, SQL_MODE='NO_AUTO_VALUE_ON_ZERO' */;
/*!40111 SET @OLD_SQL_NOTES=@@SQL_NOTES, SQL_NOTES=0 */;

--
-- Table structure for table `articles_article`
--

DROP TABLE IF EXISTS `articles_article`;
/*!40101 SET @saved_cs_client     = @@character_set_client */;
/*!40101 SET character_set_client = utf8 */;
CREATE TABLE `articles_article` (
  `flatpage_ptr_id` int(11) NOT NULL,
  `atype_id` int(11) NOT NULL,
  `datetime` datetime NOT NULL,
  PRIMARY KEY (`flatpage_ptr_id`),
  KEY `articles_article_3c6f8d4c` (`atype_id`)
) ENGINE=MyISAM DEFAULT CHARSET=utf8 COLLATE=utf8_unicode_ci;
/*!40101 SET character_set_client = @saved_cs_client */;

--
-- Dumping data for table `articles_article`
--

LOCK TABLES `articles_article` WRITE;
/*!40000 ALTER TABLE `articles_article` DISABLE KEYS */;
INSERT INTO `articles_article` VALUES (1,1,'2012-06-28 14:17:04'),(2,1,'2012-06-28 14:17:04'),(3,1,'2012-06-28 14:17:04'),(4,1,'2012-06-28 14:17:04'),(5,1,'2012-06-28 14:17:04'),(6,1,'2012-06-28 14:17:04'),(7,1,'2012-06-28 14:17:04'),(8,1,'2012-06-28 14:17:04'),(9,1,'2012-06-28 14:17:04'),(10,1,'2012-06-28 14:17:04'),(11,1,'2012-06-28 14:17:04'),(12,1,'2012-06-28 14:17:04'),(13,1,'2012-06-28 14:17:04'),(14,1,'2012-06-28 14:17:04'),(15,1,'2012-06-28 14:17:05'),(16,1,'2012-06-28 14:17:05'),(17,1,'2012-06-28 14:17:05'),(18,1,'2012-06-28 14:17:05'),(19,1,'2012-06-28 14:17:05'),(20,1,'2012-06-28 14:17:05'),(21,1,'2012-06-28 14:17:05'),(22,1,'2012-06-28 14:17:05'),(23,2,'2012-04-13 00:00:00'),(24,2,'2012-04-25 00:00:00'),(25,2,'2012-03-20 00:00:00'),(26,2,'2011-11-12 00:00:00'),(27,2,'2011-11-12 00:00:00'),(28,2,'2011-11-12 00:00:00'),(29,2,'2011-11-12 00:00:00'),(30,2,'2011-11-12 00:00:00'),(31,2,'2011-11-12 00:00:00'),(32,2,'2012-03-20 00:00:00'),(33,2,'2012-05-19 00:00:00'),(34,2,'2012-04-13 00:00:00'),(35,2,'2012-03-20 00:00:00'),(36,2,'2012-03-22 00:00:00'),(37,2,'2012-04-13 00:00:00'),(38,3,'2012-06-28 14:17:05'),(39,4,'2012-06-28 14:17:05'),(40,4,'2012-06-28 14:17:05'),(41,4,'2012-06-28 14:17:06'),(42,4,'2012-06-28 14:17:06'),(43,4,'2012-06-28 14:17:06'),(44,3,'2012-06-28 14:17:06'),(45,5,'2012-06-28 14:17:06'),(46,5,'2012-06-28 14:17:06'),(47,5,'2012-06-28 14:17:06'),(48,5,'2012-06-28 14:17:06'),(49,5,'2012-06-28 14:17:06'),(50,3,'2012-06-28 14:17:06'),(51,6,'2011-10-03 00:00:00'),(52,6,'2011-10-06 00:00:00'),(53,6,'2011-10-10 00:00:00'),(54,6,'2011-12-05 00:00:00'),(55,6,'2011-12-27 00:00:00'),(56,6,'2012-01-13 00:00:00'),(57,6,'2012-01-18 00:00:00'),(58,6,'2012-05-18 00:00:00'),(59,6,'2012-05-18 00:00:00'),(60,3,'2012-06-28 14:17:06'),(61,7,'2012-06-28 14:17:06'),(62,3,'2012-06-28 14:17:06'),(63,8,'2012-06-28 14:17:06'),(64,3,'2012-06-28 14:17:06'),(65,9,'2012-06-28 14:17:06'),(66,3,'2012-06-28 14:17:06'),(67,10,'2012-06-28 14:17:07'),(68,10,'2012-06-28 14:17:07'),(69,10,'2012-06-28 14:17:07'),(70,10,'2012-06-28 14:17:07'),(71,3,'2012-06-28 14:17:07'),(72,11,'2012-06-28 14:17:07'),(73,11,'2012-06-28 14:17:07'),(74,3,'2012-06-28 14:17:07'),(75,12,'2012-06-28 14:17:07'),(76,13,'2012-06-28 14:17:07'),(77,14,'2012-06-28 14:17:07'),(78,14,'2012-06-28 14:17:07'),(79,14,'2012-06-28 14:17:07'),(80,15,'2012-06-28 14:17:07');
/*!40000 ALTER TABLE `articles_article` ENABLE KEYS */;
UNLOCK TABLES;

--
-- Table structure for table `articles_article_specials`
--

DROP TABLE IF EXISTS `articles_article_specials`;
/*!40101 SET @saved_cs_client     = @@character_set_client */;
/*!40101 SET character_set_client = utf8 */;
CREATE TABLE `articles_article_specials` (
  `id` int(11) NOT NULL AUTO_INCREMENT,
  `article_id` int(11) NOT NULL,
  `articlespecial_id` int(11) NOT NULL,
  PRIMARY KEY (`id`),
  UNIQUE KEY `article_id` (`article_id`,`articlespecial_id`),
  KEY `articles_article_specials_30525a19` (`article_id`),
  KEY `articles_article_specials_4cd73ea9` (`articlespecial_id`)
) ENGINE=MyISAM AUTO_INCREMENT=70 DEFAULT CHARSET=utf8 COLLATE=utf8_unicode_ci;
/*!40101 SET character_set_client = @saved_cs_client */;

--
-- Dumping data for table `articles_article_specials`
--

LOCK TABLES `articles_article_specials` WRITE;
/*!40000 ALTER TABLE `articles_article_specials` DISABLE KEYS */;
INSERT INTO `articles_article_specials` VALUES (1,1,3),(2,1,4),(3,1,5),(4,2,6),(5,2,7),(6,2,8),(7,3,3),(8,3,9),(9,4,10),(10,4,11),(11,5,12),(12,6,9),(13,7,9),(14,7,13),(15,8,9),(16,9,14),(17,10,9),(18,11,15),(19,12,12),(20,13,12),(21,14,4),(22,15,15),(23,16,16),(24,17,17),(25,18,17),(26,19,18),(27,20,19),(28,21,18),(29,22,20),(30,23,24),(31,24,25),(32,25,26),(33,26,27),(34,27,28),(35,28,29),(36,29,30),(37,30,31),(38,31,32),(39,32,33),(40,33,34),(41,34,35),(42,35,36),(43,36,37),(44,37,38),(45,39,42),(46,40,43),(47,43,44),(48,45,46),(49,46,47),(50,47,48),(51,48,49),(52,49,50),(53,51,52),(54,52,52),(55,53,52),(56,54,53),(57,54,54),(58,55,55),(59,56,56),(60,57,57),(61,58,58),(62,59,59),(63,61,61),(64,63,63),(65,65,65),(66,67,67),(67,68,68),(68,69,69),(69,70,70);
/*!40000 ALTER TABLE `articles_article_specials` ENABLE KEYS */;
UNLOCK TABLES;

--
-- Table structure for table `articles_articlespecial`
--

DROP TABLE IF EXISTS `articles_articlespecial`;
/*!40101 SET @saved_cs_client     = @@character_set_client */;
/*!40101 SET character_set_client = utf8 */;
CREATE TABLE `articles_articlespecial` (
  `id` int(11) NOT NULL AUTO_INCREMENT,
  `name` varchar(200) COLLATE utf8_unicode_ci NOT NULL,
  `text` longtext COLLATE utf8_unicode_ci NOT NULL,
  PRIMARY KEY (`id`)
) ENGINE=MyISAM AUTO_INCREMENT=79 DEFAULT CHARSET=utf8 COLLATE=utf8_unicode_ci;
/*!40101 SET character_set_client = @saved_cs_client */;

--
-- Dumping data for table `articles_articlespecial`
--

LOCK TABLES `articles_articlespecial` WRITE;
/*!40000 ALTER TABLE `articles_articlespecial` DISABLE KEYS */;
INSERT INTO `articles_articlespecial` VALUES (1,'article_template','articles/excursion.html'),(2,'name','Экскурсии'),(3,'excursion_time','3 часа'),(4,'cost','4400 руб. (€ 110)'),(5,'button_image','ex-li-fon-1.png'),(6,'excursion_time','6 часов'),(7,'cost','10000 руб. (€ 250)'),(8,'button_image','ex-li-fon-2.png'),(9,'cost','4800 руб. (€ 120)'),(10,'excursion_time','4, 5 часа'),(11,'cost','6800 руб. (€ 170)'),(12,'cost','5200 руб. (€ 130)'),(13,'map_address','http://maps.google.ru/maps?saddr=Basilica+di+S.Maria+Maggiore&daddr=Santa+Prassede+to:Santa+Pudenziana+to:San+Pietro+in+Vincoli+to:Sancta+Sanctorum+to:San+Giovanni+in+Laterano+to:Croce+in+Gerusalemme+to:Basilica+di+San+Paolo+fuori+le+Mura+to:Basilica+di+Santa+Sabina&hl=ru&sll=41.877985,12.49578&sspn=0.05496,0.111494&geocode=FR5NfwIdNbi-ACFCuyKFaJKxlg%3BFT5JfwIdl7i-ACGM6E-237vNww%3BFXRRfwIdbau-ACGI6oEqUhsJqg%3BFWo_fwIdK6C-ACEw1Kvkdtw7Mg%3BFaYlfwIdNda-ACHb_jqw8hzXMA%3BFSclfwIdiM--ACGxOYOOQHo7og%3BFa0tfwIdl_O-ACEh5de4ZcbugiknB9_Ck2EvEzEzpXg9w88Kog%3BFZiwfgId0mO-ACE64JcSTZ0TAA%3BFfoafwIdu22-ACGBTnIUAxE_kQ&vpsrc=0&dirflg=w&mra=ls&t=m&z=14'),(14,'cost','5600 руб. (€ 140)'),(15,'cost','4000 руб. (€ 100)'),(16,'cost','6078 руб. (€ 140)'),(17,'cost','7381 руб. (€ 170)'),(18,'cost','13200 руб. (€ 330)'),(19,'cost','7164 руб. (€ 165)'),(20,'cost','8052 руб. (€ 190)'),(21,'only_in_list','True'),(22,'name','Новости'),(23,'type_name_postfix','s'),(24,'image','/images/Tintoretto.jpg'),(25,'image','/images/Malevich.jpg'),(26,'image','/images/skidka.jpg'),(27,'image','/images/Florence.jpg'),(28,'image','/images/Toscana_1.jpg'),(29,'image','/images/Florence1.jpg'),(30,'image','/images/Venezia.jpg'),(31,'image','/images/Napoli1.jpg'),(32,'image','/images/Milano.jpg'),(33,'image','/images/Stadio.jpg'),(34,'image','/images/Fruit.jpg'),(35,'image','/images/Vacanze_romane.jpg'),(36,'image','/images/Sparga.jpg'),(37,'image','/images/Terme4.jpg'),(38,'image','/images/Dali.jpg'),(39,'article_template','articles/notes.html'),(40,'name','Список статей'),(41,'name','Магазины'),(42,'image','/saldi.jpg'),(43,'image','/shops_times.jpg'),(44,'image','/tax_free.jpg'),(45,'name','Транспорт'),(46,'image','/transport.jpg'),(47,'image','/metro.jpg'),(48,'image','/taxi.jpg'),(49,'image','/fiumicino.jpg'),(50,'image','/ciampino.jpg'),(51,'name','Отзывы'),(52,'mail','0'),(53,'mail','glazkovvn@mail.ru'),(54,'image','/otziv.png'),(55,'mail','AfanasievSA@sit.su'),(56,'mail','vitoldich88@yandex.ru'),(57,'mail','elena1902@gmail.com'),(58,'mail','lava-@list.ru'),(59,'mail','zaec_a@mail.ru'),(60,'name','Авиаперелеты'),(61,'image','/images/avia2.jpg'),(62,'name','Отели'),(63,'image','/images/hotel2.jpg'),(64,'name','Рестораны'),(65,'image','/images/restaurants2-pasta-italiano.jpg'),(66,'name','Контакты'),(67,'image','/phone.jpg'),(68,'image','/skype.jpg'),(69,'image','/e_mail.png'),(70,'image','/vk.png'),(71,'name','Трансфер'),(72,'article_template','articles/main.html'),(73,'name','Заглавная страница'),(74,'article_template','articles/fotos.html'),(75,'name','Фотогалерея'),(76,'article_template','articles/empty.html'),(77,'name','Для Яндекса'),(78,'name','Услуги перевода');
/*!40000 ALTER TABLE `articles_articlespecial` ENABLE KEYS */;
UNLOCK TABLES;

--
-- Table structure for table `articles_articletype`
--

DROP TABLE IF EXISTS `articles_articletype`;
/*!40101 SET @saved_cs_client     = @@character_set_client */;
/*!40101 SET character_set_client = utf8 */;
CREATE TABLE `articles_articletype` (
  `id` int(11) NOT NULL AUTO_INCREMENT,
  `title` varchar(200) COLLATE utf8_unicode_ci NOT NULL,
  `text` longtext COLLATE utf8_unicode_ci,
  PRIMARY KEY (`id`)
) ENGINE=MyISAM AUTO_INCREMENT=16 DEFAULT CHARSET=utf8 COLLATE=utf8_unicode_ci;
/*!40101 SET character_set_client = @saved_cs_client */;

--
-- Dumping data for table `articles_articletype`
--

LOCK TABLES `articles_articletype` WRITE;
/*!40000 ALTER TABLE `articles_articletype` DISABLE KEYS */;
INSERT INTO `articles_articletype` VALUES (1,'excursion',NULL),(2,'note',NULL),(3,'notes_page',NULL),(4,'shop',NULL),(5,'transport',NULL),(6,'reccomendation',NULL),(7,'flight',NULL),(8,'hotel',NULL),(9,'restaurant',NULL),(10,'contact',NULL),(11,'transfer',NULL),(12,'simple_page',NULL),(13,'fotogallery',NULL),(14,'for_yandex',NULL),(15,'translate',NULL);
/*!40000 ALTER TABLE `articles_articletype` ENABLE KEYS */;
UNLOCK TABLES;

--
-- Table structure for table `articles_articletype_specials`
--

DROP TABLE IF EXISTS `articles_articletype_specials`;
/*!40101 SET @saved_cs_client     = @@character_set_client */;
/*!40101 SET character_set_client = utf8 */;
CREATE TABLE `articles_articletype_specials` (
  `id` int(11) NOT NULL AUTO_INCREMENT,
  `articletype_id` int(11) NOT NULL,
  `articletypespecial_id` int(11) NOT NULL,
  PRIMARY KEY (`id`),
  UNIQUE KEY `articletype_id` (`articletype_id`,`articletypespecial_id`),
  KEY `articles_articletype_specials_300f9ba5` (`articletype_id`),
  KEY `articles_articletype_specials_7b2ced35` (`articletypespecial_id`)
) ENGINE=MyISAM AUTO_INCREMENT=38 DEFAULT CHARSET=utf8 COLLATE=utf8_unicode_ci;
/*!40101 SET character_set_client = @saved_cs_client */;

--
-- Dumping data for table `articles_articletype_specials`
--

LOCK TABLES `articles_articletype_specials` WRITE;
/*!40000 ALTER TABLE `articles_articletype_specials` DISABLE KEYS */;
INSERT INTO `articles_articletype_specials` VALUES (1,1,1),(2,1,2),(3,2,21),(4,2,22),(5,2,23),(6,3,39),(7,3,40),(8,4,21),(9,4,41),(10,4,23),(11,5,21),(12,5,45),(13,6,21),(14,6,51),(15,6,23),(16,7,21),(17,7,60),(18,7,23),(19,8,21),(20,8,62),(21,8,23),(22,9,21),(23,9,64),(24,9,23),(25,10,21),(26,10,66),(27,10,23),(28,11,21),(29,11,71),(30,12,72),(31,12,73),(32,13,74),(33,13,75),(34,14,76),(35,14,77),(36,15,1),(37,15,78);
/*!40000 ALTER TABLE `articles_articletype_specials` ENABLE KEYS */;
UNLOCK TABLES;

--
-- Table structure for table `articles_articletypespecial`
--

DROP TABLE IF EXISTS `articles_articletypespecial`;
/*!40101 SET @saved_cs_client     = @@character_set_client */;
/*!40101 SET character_set_client = utf8 */;
CREATE TABLE `articles_articletypespecial` (
  `articlespecial_ptr_id` int(11) NOT NULL,
  PRIMARY KEY (`articlespecial_ptr_id`)
) ENGINE=MyISAM DEFAULT CHARSET=utf8 COLLATE=utf8_unicode_ci;
/*!40101 SET character_set_client = @saved_cs_client */;

--
-- Dumping data for table `articles_articletypespecial`
--

LOCK TABLES `articles_articletypespecial` WRITE;
/*!40000 ALTER TABLE `articles_articletypespecial` DISABLE KEYS */;
INSERT INTO `articles_articletypespecial` VALUES (1),(2),(21),(22),(23),(39),(40),(41),(45),(51),(60),(62),(64),(66),(71),(72),(73),(74),(75),(76),(77),(78);
/*!40000 ALTER TABLE `articles_articletypespecial` ENABLE KEYS */;
UNLOCK TABLES;

--
-- Table structure for table `articles_foto`
--

DROP TABLE IF EXISTS `articles_foto`;
/*!40101 SET @saved_cs_client     = @@character_set_client */;
/*!40101 SET character_set_client = utf8 */;
CREATE TABLE `articles_foto` (
  `id` int(11) NOT NULL AUTO_INCREMENT,
  `title` varchar(200) COLLATE utf8_unicode_ci NOT NULL,
  `url` varchar(200) COLLATE utf8_unicode_ci NOT NULL,
  `text` longtext COLLATE utf8_unicode_ci NOT NULL,
  `image` varchar(100) COLLATE utf8_unicode_ci NOT NULL,
  `datetime` datetime NOT NULL,
  PRIMARY KEY (`id`)
) ENGINE=MyISAM AUTO_INCREMENT=7 DEFAULT CHARSET=utf8 COLLATE=utf8_unicode_ci;
/*!40101 SET character_set_client = @saved_cs_client */;

--
-- Dumping data for table `articles_foto`
--

LOCK TABLES `articles_foto` WRITE;
/*!40000 ALTER TABLE `articles_foto` DISABLE KEYS */;
INSERT INTO `articles_foto` VALUES (1,'у Колизея','***','Я рядом с Колизеем во время одной из экскурсий','/images/colosseo1_2.jpg','2011-11-08 00:00:00'),(2,'Собор Святого Петра','***','во время экскурсии в Ватикане на фоне его крупнейшего сооружения - Собора Святого Петра','/images/S_Pietro1.jpg','2011-11-08 00:00:00'),(3,'Каноп в Тиволи','***','во время одной из экскурсий в Вилле Адриана в Тиволи. Позади нас Каноп.','/images/Tivoli1.jpg','2011-11-08 00:00:00'),(4,'в Тиволи','***','продолжение','/images/Tivoli2.jpg','2011-11-08 00:00:00'),(5,'в Тиволи','***','Вилла Адриана. Островная вилла.','/images/Tivoli3.jpg','2011-11-08 00:00:00'),(6,'Тиволи','***','Каноп','/images/Tivoli4.jpg','2011-11-08 00:00:00');
/*!40000 ALTER TABLE `articles_foto` ENABLE KEYS */;
UNLOCK TABLES;

--
-- Table structure for table `articles_foto_sites`
--

DROP TABLE IF EXISTS `articles_foto_sites`;
/*!40101 SET @saved_cs_client     = @@character_set_client */;
/*!40101 SET character_set_client = utf8 */;
CREATE TABLE `articles_foto_sites` (
  `id` int(11) NOT NULL AUTO_INCREMENT,
  `foto_id` int(11) NOT NULL,
  `site_id` int(11) NOT NULL,
  PRIMARY KEY (`id`),
  UNIQUE KEY `foto_id` (`foto_id`,`site_id`),
  KEY `articles_foto_sites_46331a32` (`foto_id`),
  KEY `articles_foto_sites_6223029` (`site_id`)
) ENGINE=MyISAM AUTO_INCREMENT=7 DEFAULT CHARSET=utf8 COLLATE=utf8_unicode_ci;
/*!40101 SET character_set_client = @saved_cs_client */;

--
-- Dumping data for table `articles_foto_sites`
--

LOCK TABLES `articles_foto_sites` WRITE;
/*!40000 ALTER TABLE `articles_foto_sites` DISABLE KEYS */;
INSERT INTO `articles_foto_sites` VALUES (1,1,1),(2,2,1),(3,3,1),(4,4,1),(5,5,1),(6,6,1);
/*!40000 ALTER TABLE `articles_foto_sites` ENABLE KEYS */;
UNLOCK TABLES;

--
-- Table structure for table `auth_group`
--

DROP TABLE IF EXISTS `auth_group`;
/*!40101 SET @saved_cs_client     = @@character_set_client */;
/*!40101 SET character_set_client = utf8 */;
CREATE TABLE `auth_group` (
  `id` int(11) NOT NULL AUTO_INCREMENT,
  `name` varchar(80) COLLATE utf8_unicode_ci NOT NULL,
  PRIMARY KEY (`id`),
  UNIQUE KEY `name` (`name`)
) ENGINE=MyISAM DEFAULT CHARSET=utf8 COLLATE=utf8_unicode_ci;
/*!40101 SET character_set_client = @saved_cs_client */;

--
-- Dumping data for table `auth_group`
--

LOCK TABLES `auth_group` WRITE;
/*!40000 ALTER TABLE `auth_group` DISABLE KEYS */;
/*!40000 ALTER TABLE `auth_group` ENABLE KEYS */;
UNLOCK TABLES;

--
-- Table structure for table `auth_group_permissions`
--

DROP TABLE IF EXISTS `auth_group_permissions`;
/*!40101 SET @saved_cs_client     = @@character_set_client */;
/*!40101 SET character_set_client = utf8 */;
CREATE TABLE `auth_group_permissions` (
  `id` int(11) NOT NULL AUTO_INCREMENT,
  `group_id` int(11) NOT NULL,
  `permission_id` int(11) NOT NULL,
  PRIMARY KEY (`id`),
  UNIQUE KEY `group_id` (`group_id`,`permission_id`),
  KEY `auth_group_permissions_425ae3c4` (`group_id`),
  KEY `auth_group_permissions_1e014c8f` (`permission_id`)
) ENGINE=MyISAM DEFAULT CHARSET=utf8 COLLATE=utf8_unicode_ci;
/*!40101 SET character_set_client = @saved_cs_client */;

--
-- Dumping data for table `auth_group_permissions`
--

LOCK TABLES `auth_group_permissions` WRITE;
/*!40000 ALTER TABLE `auth_group_permissions` DISABLE KEYS */;
/*!40000 ALTER TABLE `auth_group_permissions` ENABLE KEYS */;
UNLOCK TABLES;

--
-- Table structure for table `auth_message`
--

DROP TABLE IF EXISTS `auth_message`;
/*!40101 SET @saved_cs_client     = @@character_set_client */;
/*!40101 SET character_set_client = utf8 */;
CREATE TABLE `auth_message` (
  `id` int(11) NOT NULL AUTO_INCREMENT,
  `user_id` int(11) NOT NULL,
  `message` longtext COLLATE utf8_unicode_ci NOT NULL,
  PRIMARY KEY (`id`),
  KEY `auth_message_403f60f` (`user_id`)
) ENGINE=MyISAM DEFAULT CHARSET=utf8 COLLATE=utf8_unicode_ci;
/*!40101 SET character_set_client = @saved_cs_client */;

--
-- Dumping data for table `auth_message`
--

LOCK TABLES `auth_message` WRITE;
/*!40000 ALTER TABLE `auth_message` DISABLE KEYS */;
/*!40000 ALTER TABLE `auth_message` ENABLE KEYS */;
UNLOCK TABLES;

--
-- Table structure for table `auth_permission`
--

DROP TABLE IF EXISTS `auth_permission`;
/*!40101 SET @saved_cs_client     = @@character_set_client */;
/*!40101 SET character_set_client = utf8 */;
CREATE TABLE `auth_permission` (
  `id` int(11) NOT NULL AUTO_INCREMENT,
  `name` varchar(50) COLLATE utf8_unicode_ci NOT NULL,
  `content_type_id` int(11) NOT NULL,
  `codename` varchar(100) COLLATE utf8_unicode_ci NOT NULL,
  PRIMARY KEY (`id`),
  UNIQUE KEY `content_type_id` (`content_type_id`,`codename`),
  KEY `auth_permission_1bb8f392` (`content_type_id`)
) ENGINE=MyISAM AUTO_INCREMENT=97 DEFAULT CHARSET=utf8 COLLATE=utf8_unicode_ci;
/*!40101 SET character_set_client = @saved_cs_client */;

--
-- Dumping data for table `auth_permission`
--

LOCK TABLES `auth_permission` WRITE;
/*!40000 ALTER TABLE `auth_permission` DISABLE KEYS */;
INSERT INTO `auth_permission` VALUES (1,'Can add permission',1,'add_permission'),(2,'Can change permission',1,'change_permission'),(3,'Can delete permission',1,'delete_permission'),(4,'Can add group',2,'add_group'),(5,'Can change group',2,'change_group'),(6,'Can delete group',2,'delete_group'),(7,'Can add user',3,'add_user'),(8,'Can change user',3,'change_user'),(9,'Can delete user',3,'delete_user'),(10,'Can add content type',4,'add_contenttype'),(11,'Can change content type',4,'change_contenttype'),(12,'Can delete content type',4,'delete_contenttype'),(13,'Can add session',5,'add_session'),(14,'Can change session',5,'change_session'),(15,'Can delete session',5,'delete_session'),(16,'Can add site',6,'add_site'),(17,'Can change site',6,'change_site'),(18,'Can delete site',6,'delete_site'),(19,'Can add log entry',7,'add_logentry'),(20,'Can change log entry',7,'change_logentry'),(21,'Can delete log entry',7,'delete_logentry'),(22,'Can add book',8,'add_book'),(23,'Can change book',8,'change_book'),(24,'Can delete book',8,'delete_book'),(25,'Can add excursion',9,'add_excursion'),(26,'Can change excursion',9,'change_excursion'),(27,'Can delete excursion',9,'delete_excursion'),(28,'Can add tab',10,'add_tab'),(29,'Can change tab',10,'change_tab'),(30,'Can delete tab',10,'delete_tab'),(31,'Can add note',11,'add_note'),(32,'Can change note',11,'change_note'),(33,'Can delete note',11,'delete_note'),(34,'Can add contacts',12,'add_contacts'),(35,'Can change contacts',12,'change_contacts'),(36,'Can delete contacts',12,'delete_contacts'),(37,'Can add olga info',13,'add_olgainfo'),(38,'Can change olga info',13,'change_olgainfo'),(39,'Can delete olga info',13,'delete_olgainfo'),(40,'Can add site footer',14,'add_sitefooter'),(41,'Can change site footer',14,'change_sitefooter'),(42,'Can delete site footer',14,'delete_sitefooter'),(78,'Can delete flat page',26,'delete_flatpage'),(77,'Can change flat page',26,'change_flatpage'),(76,'Can add flat page',26,'add_flatpage'),(46,'Can add shops',16,'add_shops'),(47,'Can change shops',16,'change_shops'),(48,'Can delete shops',16,'delete_shops'),(49,'Can add transport',17,'add_transport'),(50,'Can change transport',17,'change_transport'),(51,'Can delete transport',17,'delete_transport'),(52,'Can add transfer',18,'add_transfer'),(53,'Can change transfer',18,'change_transfer'),(54,'Can delete transfer',18,'delete_transfer'),(55,'Can add message',19,'add_message'),(56,'Can change message',19,'change_message'),(57,'Can delete message',19,'delete_message'),(58,'Can add fotos',20,'add_fotos'),(59,'Can change fotos',20,'change_fotos'),(60,'Can delete fotos',20,'delete_fotos'),(61,'Can add site param',23,'add_siteparam'),(62,'Can change site param',23,'change_siteparam'),(63,'Can delete site param',23,'delete_siteparam'),(64,'Can add reccomendations',21,'add_reccomendations'),(65,'Can change reccomendations',21,'change_reccomendations'),(66,'Can delete reccomendations',21,'delete_reccomendations'),(67,'Can add flights',22,'add_flights'),(68,'Can change flights',22,'change_flights'),(69,'Can delete flights',22,'delete_flights'),(70,'Can add hotels',24,'add_hotels'),(71,'Can change hotels',24,'change_hotels'),(72,'Can delete hotels',24,'delete_hotels'),(73,'Can add restaurants',25,'add_restaurants'),(74,'Can change restaurants',25,'change_restaurants'),(75,'Can delete restaurants',25,'delete_restaurants'),(79,'Can add article special',27,'add_articlespecial'),(80,'Can change article special',27,'change_articlespecial'),(81,'Can delete article special',27,'delete_articlespecial'),(82,'Can add article type special',28,'add_articletypespecial'),(83,'Can change article type special',28,'change_articletypespecial'),(84,'Can delete article type special',28,'delete_articletypespecial'),(85,'Can add article type',29,'add_articletype'),(86,'Can change article type',29,'change_articletype'),(87,'Can delete article type',29,'delete_articletype'),(88,'Can add foto',30,'add_foto'),(89,'Can change foto',30,'change_foto'),(90,'Can delete foto',30,'delete_foto'),(91,'Can add article',31,'add_article'),(92,'Can change article',31,'change_article'),(93,'Can delete article',31,'delete_article'),(94,'Can add project option',32,'add_projectoption'),(95,'Can change project option',32,'change_projectoption'),(96,'Can delete project option',32,'delete_projectoption');
/*!40000 ALTER TABLE `auth_permission` ENABLE KEYS */;
UNLOCK TABLES;

--
-- Table structure for table `auth_user`
--

DROP TABLE IF EXISTS `auth_user`;
/*!40101 SET @saved_cs_client     = @@character_set_client */;
/*!40101 SET character_set_client = utf8 */;
CREATE TABLE `auth_user` (
  `id` int(11) NOT NULL AUTO_INCREMENT,
  `username` varchar(30) COLLATE utf8_unicode_ci NOT NULL,
  `first_name` varchar(30) COLLATE utf8_unicode_ci NOT NULL,
  `last_name` varchar(30) COLLATE utf8_unicode_ci NOT NULL,
  `email` varchar(75) COLLATE utf8_unicode_ci NOT NULL,
  `password` varchar(128) COLLATE utf8_unicode_ci NOT NULL,
  `is_staff` tinyint(1) NOT NULL,
  `is_active` tinyint(1) NOT NULL,
  `is_superuser` tinyint(1) NOT NULL,
  `last_login` datetime NOT NULL,
  `date_joined` datetime NOT NULL,
  PRIMARY KEY (`id`),
  UNIQUE KEY `username` (`username`)
) ENGINE=MyISAM AUTO_INCREMENT=3 DEFAULT CHARSET=utf8 COLLATE=utf8_unicode_ci;
/*!40101 SET character_set_client = @saved_cs_client */;

--
-- Dumping data for table `auth_user`
--

LOCK TABLES `auth_user` WRITE;
/*!40000 ALTER TABLE `auth_user` DISABLE KEYS */;
INSERT INTO `auth_user` VALUES (1,'admin','','','aa.veter@gmail.com','sha1$1eb3c$fa83f6531cf30267a8f5f5abacf1258e29656760',1,1,1,'2012-06-28 14:27:58','2011-10-03 04:36:26'),(2,'olga','','','','sha1$KKcFNR2PJ92r$92885336d85e0a9331a49495be5b1afc7af57583',1,1,0,'2012-06-28 19:33:46','2011-10-13 09:10:44');
/*!40000 ALTER TABLE `auth_user` ENABLE KEYS */;
UNLOCK TABLES;

--
-- Table structure for table `auth_user_groups`
--

DROP TABLE IF EXISTS `auth_user_groups`;
/*!40101 SET @saved_cs_client     = @@character_set_client */;
/*!40101 SET character_set_client = utf8 */;
CREATE TABLE `auth_user_groups` (
  `id` int(11) NOT NULL AUTO_INCREMENT,
  `user_id` int(11) NOT NULL,
  `group_id` int(11) NOT NULL,
  PRIMARY KEY (`id`),
  UNIQUE KEY `user_id` (`user_id`,`group_id`),
  KEY `auth_user_groups_403f60f` (`user_id`),
  KEY `auth_user_groups_425ae3c4` (`group_id`)
) ENGINE=MyISAM DEFAULT CHARSET=utf8 COLLATE=utf8_unicode_ci;
/*!40101 SET character_set_client = @saved_cs_client */;

--
-- Dumping data for table `auth_user_groups`
--

LOCK TABLES `auth_user_groups` WRITE;
/*!40000 ALTER TABLE `auth_user_groups` DISABLE KEYS */;
/*!40000 ALTER TABLE `auth_user_groups` ENABLE KEYS */;
UNLOCK TABLES;

--
-- Table structure for table `auth_user_user_permissions`
--

DROP TABLE IF EXISTS `auth_user_user_permissions`;
/*!40101 SET @saved_cs_client     = @@character_set_client */;
/*!40101 SET character_set_client = utf8 */;
CREATE TABLE `auth_user_user_permissions` (
  `id` int(11) NOT NULL AUTO_INCREMENT,
  `user_id` int(11) NOT NULL,
  `permission_id` int(11) NOT NULL,
  PRIMARY KEY (`id`),
  UNIQUE KEY `user_id` (`user_id`,`permission_id`),
  KEY `auth_user_user_permissions_403f60f` (`user_id`),
  KEY `auth_user_user_permissions_1e014c8f` (`permission_id`)
) ENGINE=MyISAM AUTO_INCREMENT=82 DEFAULT CHARSET=utf8 COLLATE=utf8_unicode_ci;
/*!40101 SET character_set_client = @saved_cs_client */;

--
-- Dumping data for table `auth_user_user_permissions`
--

LOCK TABLES `auth_user_user_permissions` WRITE;
/*!40000 ALTER TABLE `auth_user_user_permissions` DISABLE KEYS */;
INSERT INTO `auth_user_user_permissions` VALUES (81,2,60),(80,2,59),(79,2,58),(78,2,54),(77,2,53),(76,2,52),(75,2,51),(74,2,50),(73,2,49),(72,2,48),(71,2,47),(70,2,46),(66,2,39),(65,2,38),(64,2,37),(63,2,36),(62,2,35),(61,2,34),(60,2,33),(59,2,32),(58,2,31),(57,2,27),(56,2,26),(55,2,25),(54,2,19);
/*!40000 ALTER TABLE `auth_user_user_permissions` ENABLE KEYS */;
UNLOCK TABLES;

--
-- Table structure for table `books_book`
--

DROP TABLE IF EXISTS `books_book`;
/*!40101 SET @saved_cs_client     = @@character_set_client */;
/*!40101 SET character_set_client = utf8 */;
CREATE TABLE `books_book` (
  `id` int(11) NOT NULL AUTO_INCREMENT,
  `name` varchar(50) COLLATE utf8_unicode_ci NOT NULL,
  `pub_date` date NOT NULL,
  PRIMARY KEY (`id`)
) ENGINE=MyISAM DEFAULT CHARSET=utf8 COLLATE=utf8_unicode_ci;
/*!40101 SET character_set_client = @saved_cs_client */;

--
-- Dumping data for table `books_book`
--

LOCK TABLES `books_book` WRITE;
/*!40000 ALTER TABLE `books_book` DISABLE KEYS */;
/*!40000 ALTER TABLE `books_book` ENABLE KEYS */;
UNLOCK TABLES;

--
-- Table structure for table `books_contacts`
--

DROP TABLE IF EXISTS `books_contacts`;
/*!40101 SET @saved_cs_client     = @@character_set_client */;
/*!40101 SET character_set_client = utf8 */;
CREATE TABLE `books_contacts` (
  `id` int(11) NOT NULL AUTO_INCREMENT,
  `name` varchar(50) COLLATE utf8_unicode_ci NOT NULL,
  `value` varchar(100) COLLATE utf8_unicode_ci NOT NULL,
  `image` varchar(200) COLLATE utf8_unicode_ci NOT NULL,
  `c_type` varchar(30) COLLATE utf8_unicode_ci NOT NULL,
  PRIMARY KEY (`id`)
) ENGINE=MyISAM AUTO_INCREMENT=5 DEFAULT CHARSET=utf8 COLLATE=utf8_unicode_ci;
/*!40101 SET character_set_client = @saved_cs_client */;

--
-- Dumping data for table `books_contacts`
--

LOCK TABLES `books_contacts` WRITE;
/*!40000 ALTER TABLE `books_contacts` DISABLE KEYS */;
INSERT INTO `books_contacts` VALUES (1,'Телефон','+39 3336631315','phone.jpg','0'),(2,'Skype','olga.gidinrome','skype.jpg','0'),(3,'E-mail','olga@rim-gid.com','e_mail.png','0'),(4,'Вконтакте','vkontakte.ru/id2981077','vk.png','0');
/*!40000 ALTER TABLE `books_contacts` ENABLE KEYS */;
UNLOCK TABLES;

--
-- Table structure for table `books_excursion`
--

DROP TABLE IF EXISTS `books_excursion`;
/*!40101 SET @saved_cs_client     = @@character_set_client */;
/*!40101 SET character_set_client = utf8 */;
CREATE TABLE `books_excursion` (
  `id` int(11) NOT NULL AUTO_INCREMENT,
  `title` varchar(200) COLLATE utf8_unicode_ci NOT NULL,
  `title_time` varchar(50) COLLATE utf8_unicode_ci NOT NULL,
  `button_image` varchar(50) COLLATE utf8_unicode_ci NOT NULL,
  `group` varchar(20) COLLATE utf8_unicode_ci NOT NULL,
  `special` varchar(100) COLLATE utf8_unicode_ci NOT NULL,
  `text` longtext COLLATE utf8_unicode_ci NOT NULL,
  `text_full` longtext COLLATE utf8_unicode_ci NOT NULL,
  `cost` varchar(30) COLLATE utf8_unicode_ci NOT NULL,
  `map_address` longtext COLLATE utf8_unicode_ci NOT NULL,
  `map_preview` longtext COLLATE utf8_unicode_ci NOT NULL,
  PRIMARY KEY (`id`)
) ENGINE=MyISAM AUTO_INCREMENT=24 DEFAULT CHARSET=utf8 COLLATE=utf8_unicode_ci;
/*!40101 SET character_set_client = @saved_cs_client */;

--
-- Dumping data for table `books_excursion`
--

LOCK TABLES `books_excursion` WRITE;
/*!40000 ALTER TABLE `books_excursion` DISABLE KEYS */;
INSERT INTO `books_excursion` VALUES (1,'Обзорная экскурсия по Риму','3 часа','ex-li-fon-1.png','0','0','<p>На обзорной экскурсии с русскоязычным гидом Вы познакомитесь с историей основания Рима, увидите древние развалины Форумов и Колизей у центральных холмов Рима, Капитолийскую площадь, Площадь Венеции, прогуляетесь по району Испанской площади, площади Барберини, увидите фонтан Треви, площадь Колонна, храм Адриана, посетите древний храм Пантеон и площадь Навона. Это индивидуальная экскурсия без входа в Колизей.</p>','<div class=\"abzac\">Эта экскурсия возможна пешком или на машине. Место встречи - у гостиницы или в любом месте в центре города. Мы увидим Долину пяти холмов - <strong>Капитолий, Палатин, Авентин, Эсквилин и Целий</strong>. Пройдем по проспекту <strong>Императорских форумов</strong> где расположены Республиканские и Императорские форумы и <strong>рынки Траяна</strong>. Подойдем к колизею и пофотографируем его с возвышения холма Оппио где был Золотой Дом Нерона. Затем поднимемся на Капитолйский холм, посмотрим с видовой площадки на панораму древних развалин. Увидим комплекс зданий Капитолийских музеев и Сената эпохи возрождения. Затем-площадь Венеции с Алтарем Отечества-мемориальным комплексом Виктория Эмануила.</div>\r\n<div class=\"abzac\">По улице Корсо мы направимся в кварталы Барокко, празднично украшенные фонтанами. <strong>Фонтан Треви</strong> и площадь Барберини где расположена также улица <strong>Долче Вита</strong>, воспетая в фильмах режиссера <strong>Феллини</strong>. Затем-излюбленные кварталы писателей, художников и иностранцев-квартал Испанской площади украшенный <strong>фонтаном Лодочка</strong> - творение архитектора <strong>Бернини</strong>. Затем - посещение древнейшего языческого храма <strong>Пантеон</strong>. Рядом с этим храмом расположена площадь <strong>Навона</strong> которая была древним стадионом а в современности это популярное место для прогулок и концертов. В центре площади фонтан 4-х рек, также творение Бернини и воспетый в романах Дена Брауна.</div>\r\n<div class=\"abzac\">&nbsp;</div>\r\n<div class=\"abzac\" style=\"width: 100%;\"><strong>Продолжительность экскурсии</strong> - 3 часа.</div>\r\n<div class=\"abzac\" style=\"width: 100%;\">&nbsp;</div>\r\n<div class=\"abzac\" style=\"width: 100%;\"><strong>Пешеходная:</strong></div>\r\n<div class=\"abzac\" style=\"width: 100%;\"><br /><strong>Стоимость на 1-3 человек</strong> - 110 евро.<br /><strong>Стоимость на 4-7 человек</strong> - 160 евро.</div>\r\n<div class=\"abzac\" style=\"width: 100%;\"><strong>Cтоимость на 7-10 человек</strong> - 220 евро</div>\r\n<div class=\"abzac\" style=\"width: 100%;\"><br /><strong>На машине:</strong></div>\r\n<div class=\"abzac\" style=\"width: 100%;\"><strong><br /></strong></div>\r\n<div class=\"abzac\" style=\"width: 100%;\"><strong>1 -3 человек - 230 евро</strong></div>\r\n<div class=\"abzac\" style=\"width: 100%;\"><strong>4 -6 человек - 250 евро</strong></div>\r\n<div class=\"abzac\" style=\"width: 100%;\">&nbsp;</div>\r\n<div class=\"abzac\" style=\"width: 100%;\">Ознакомьтесь также с экскурсией \"<a title=\"Экскурсия Античный Рим\" href=\"../../../../excursion/4\">Античный Рим</a>\".</div>\r\n<p><img src=\"../../../../ex_1_image_1.jpg\" alt=\"\" align=\"left\" hspace=\"5\" vspace=\"5\" /> <img src=\"../../../../ex_1_image_2.jpg\" alt=\"\" align=\"left\" hspace=\"5\" vspace=\"5\" /> <img src=\"../../../../ex_1_image_3.jpg\" alt=\"\" align=\"left\" hspace=\"5\" vspace=\"5\" /> <img src=\"../../../../ex_1_image_4.jpg\" alt=\"\" align=\"left\" hspace=\"5\" vspace=\"5\" /> <img src=\"../../../../ex_1_image_5.jpg\" alt=\"\" align=\"left\" hspace=\"5\" vspace=\"5\" /> <img src=\"../../../../ex_1_image_6.jpg\" alt=\"\" align=\"left\" hspace=\"5\" vspace=\"5\" /></p>','4400 руб. (€ 110)','0','0'),(2,'Обзорная экскурсия по Риму','6 часов','ex-li-fon-2.png','0','0','<p>На этой индивидуальной экскурсии с русскоговорящим гидом по Риму Вы познакомитесь с историей города со дня его основания, увидите древние развалины Форумов и Колизей внутри, центральные холмы города, Капитолийскую площадь, Площадь Венеции, прогуляетесь по району Испанской площади, площади Барберини, увидите фонтан Треви, площадь Колонна, храм Адриана, древний храм Пантеон, площадь Навона, замок св. Ангела. Посетите также собор Св. Петра - главный собор города, расположенный в государстве Ватикан</p>','<div class=\"abzac\">Место встречи - в отеле или около Колизея. Первая часть экскурсии начинается в древней части города - в долине 5 холмов: Капитолий, Палатин, Эсквилин, Целий и Авентин. Мы зайдем в Императорские форумы, где увидим языческие храмы, Сенат, рынки императора Траяна и узнаем о легендах древности. Затем войдем в Колизей - арену для сражений гладиаторов и одно из чудес света. Рассмотрим сцену, а также поднимемся наверх на панорамную площадку. Увидим арку Константина-главную триумфальную арку Рима. Затем по проспекту императорских форумов мы прийдем на площадь Венеции, где расположен Алтарь отечества-мемориальный комплекс Виктория Эмануила. Поднимемся на Капитолийский холм-к комплексу зданий капитолийских музеев и Сената эпохи Возрождения. За Капитолийским холмом-Цирк Массимус-древнее место для атлетических состязаний и холм Палатин-место постройки императорских вилл.</div>\r\n<div class=\"abzac\">По улице Корсо мы направимся в кварталы Барокко, празднично украшенные фонтанами. Остановимся у фонтана Треви, воспетого в фильмах режиссера Феллини. Затем отправимся в излюбленное место писателей и художников-квартал Испанской площади, украшенный фонтаном Лодочка-творением архитектора Бернини. По пути к Пантеону мы увидим площадь Колонна с государственными зданиями города. Затем посетим сам уникальный и древнейший языческий храм Пантеон. На перерыв на обед мы остановимся в традиционном cемейном ресторанчике. Cтоимость обеда с вином около 20-25 евро на человека. Рядом с Пантеоном расположена площадь Навона - бывший в древности стадион, а теперь популярное место для прогулок и концертов. В центре площади увидим фонтан 4-х рек-творение Бернини, воспетый в романах Дена Брауна. Во второй части экскурсии мы рассмотрим другую сторону Рима, расположенную на противоположном берегу реки Тибр.</div>\r\n<div class=\"abzac\">При переезде через реку мы увидим замок святого Ангела. Затем окажемся на площади Св. Петра с собором Св. Петра - территории государства Ватикан. Мы посетим собор - творение в стиле барокко архитектора Бернини. Если Вы захотите, то можно будет подняться на купол и посмотреть на великолепный вид города. В течении тура мы посетим две панорамные площадки. Одну - на живописном холме Авентино, где прогуляемся в апельсиновом садике и посмотрим через Святое Отверстие в монастыре Мальтийского ордена на купол Святого Петра. А другую площадку-на высотном холме Яникул, с которой открывается самый романтичный вид на Рим.</div>\r\n<div class=\"abzac\" style=\"width: 100%;\">Экскурсия возможна пешком и на машине.</div>\r\n<div class=\"abzac\" style=\"width: 100%;\">&nbsp;</div>\r\n<div class=\"abzac\" style=\"width: 100%;\"><strong>Пешеходная:</strong></div>\r\n<div class=\"abzac\" style=\"width: 100%;\"><br /><strong>Cтоимость на 1 - 3 человек</strong> - 250 евро<br /><strong>Стоимость на 4 - 6 человек</strong> - 350 евро<br /><strong>Стоимость на 7 - 9 человек</strong> - 450 евро</div>\r\n<div class=\"abzac\" style=\"width: 100%;\"><br /><strong></strong></div>\r\n<div class=\"abzac\" style=\"width: 100%;\"><strong>На машине 6 &nbsp;часов:</strong></div>\r\n<div class=\"abzac\" style=\"width: 100%;\"><strong><br /></strong></div>\r\n<div class=\"abzac\" style=\"width: 100%;\"><strong>1 - 3 человек - 350 евро</strong></div>\r\n<div class=\"abzac\" style=\"width: 100%;\"><strong>4 - 6 человек - 400 евро</strong></div>\r\n<p><img src=\"../../../../ex_2_1.jpg\" alt=\"\" align=\"left\" hspace=\"5\" vspace=\"5\" /> <img src=\"../../../../ex_2_2.jpg\" alt=\"\" align=\"left\" hspace=\"5\" vspace=\"5\" /> <img src=\"../../../../ex_2_3.jpg\" alt=\"\" align=\"left\" hspace=\"5\" vspace=\"5\" /> <img src=\"../../../../ex_2_4.jpg\" alt=\"\" align=\"left\" hspace=\"5\" vspace=\"5\" /> <img src=\"../../../../ex_2_5.jpg\" alt=\"\" align=\"left\" hspace=\"5\" vspace=\"5\" /> <img src=\"../../../../ex_2_6.jpg\" alt=\"\" align=\"left\" hspace=\"5\" vspace=\"5\" /> <img src=\"../../../../ex_2_7.jpg\" alt=\"\" align=\"left\" hspace=\"5\" vspace=\"5\" /> <img src=\"../../../../ex_2_8.jpg\" alt=\"\" align=\"left\" hspace=\"5\" vspace=\"5\" /></p>','10000 руб. (€ 250)','0','0'),(3,'Античный Рим','3 часа','0','0','0','<p>На этом индивидуальном туре Вы подробно познакомитесь с историей Рима от первого Царя и основателя Вечного Города Ромула до падения Великой Римской Империи, узнаете о судьбах и великих событиях древней эпохи. С русскоязычным гидом Вы посетите символы Вечного Города - древний театр Колизей, один из семи легендарных римских холмов - Палатин, главную площадь древнего города - римский Форум, а также другие общеизвестные всему миру сооружения и памятники, построенные римскими императорами.</p>','<div class=\"abzac\">Экскурсия - пешеходная. Начинается от метро \"Колизей\", где находится самая древняя археологическая зона Рима - Римский форум. Мы пройдемся по мощеным улицам города, по которым ступала нога Юлия Цезаря и других великих императоров. На центральной площади города - алтарь Цезаря, где было сожжено его тело. Мы пройдем по Виа Трионфале до величественной арки Септимия Севера и Курии, в которой собирался Сенат и вершил судьбы могущественной империи. Затем по Виа Сакра мы подойдем к руинам базилики Юлия и Эмилия, посетим Храм Весты и Ромула, Кастора и Поллукса и арку Тита. Мы также увидим где находились ростры, с которых вещали знаменитые императоры. Вы узнаете об истории язычества, о повседневной жизни и разнообразных праздниках римлян. Мы также посетим Мамертинскую темницу, в которой в 1 веке содержались перед смертью апостолы Петр и Павел и где на камне стены сохранился отпечаток лица Петра.</div>\r\n<div class=\"abzac\">Затем мы проследуем на Палатинский холм, где Ромул заложил первый камень Вечного Города и где позже императоры строили свои дворцы. Мы пройдемся по раскопкам этих дворцов - от эпохи императора Августа до Флавиев, в комнатах которых сохранились фрески и мраморные полы. Перед нами откроется великолепный вид на другие холмы - Авентин и Яникул. Затем мимо грандиозной арки Константина мы заходим в Колизей. Вы узнаете подробно о жизни Нерона и его Золотом Доме, который располагался на этих землях до пожара в Риме, о деталях постройки этого грандиозного амфитеатра, о cражениях гладиаторов, о расположении трибун для зрителей и клеток для животныx.</div>\r\n<div class=\"abzac\"><strong>Стоимость:</strong><br /><strong>1-3 человека</strong> - 120 евро<br /><strong>4-7 человека</strong> - 170 евро<br /><strong>7-10 человек</strong> - 265 евро</div>\r\n<p><img src=\"../../../../ex_3_1.jpg\" alt=\"\" align=\"left\" hspace=\"5\" vspace=\"5\" /> <img src=\"../../../../ex_3_2.jpg\" alt=\"\" align=\"left\" hspace=\"5\" vspace=\"5\" /> <img src=\"../../../../ex_3_3.jpg\" alt=\"\" align=\"left\" hspace=\"5\" vspace=\"5\" /> <img src=\"../../../../ex_3_4.jpg\" alt=\"\" align=\"left\" hspace=\"5\" vspace=\"5\" /> <img src=\"../../../../ex_3_5.jpg\" alt=\"\" align=\"left\" hspace=\"5\" vspace=\"5\" /> <img src=\"../../../../ex_3_6.jpg\" alt=\"\" align=\"left\" hspace=\"5\" vspace=\"5\" /> <img src=\"../../../../ex_3_7.jpg\" alt=\"\" align=\"left\" hspace=\"5\" vspace=\"5\" /> <img src=\"../../../../ex_3_8.jpg\" alt=\"\" align=\"left\" hspace=\"5\" vspace=\"5\" /></p>','4800 руб. (€ 120)','0','0'),(4,'Античный Рим','4, 5 часа','0','0','экскурсия античный рим','<p>На этой экскурсии по древнему городу Вы подробно познакомитесь с историей от первого Царя и основателя Вечного Города до падения Великой Римской Империи, узнаете о судьбах и великих событияx античной эпохи. Вы посетите археологичекие места: Колизей - символ Вечного Города, Палатинский Холм &ndash; один из семи легендарных холмов, Римский Форум &ndash; главную площадь Древнего Рима, форумы Траяна, Августа и Нервы, Золотой Дом императора Нерона, Театр Марчелло, Храм Фортуны Верилис, Храм Весты, Уста Правды</p>','<div class=\"abzac\"><strong>Экскурсия Античный Рим 4,5 часа</strong> - пешеходная. Она начинается от метро \"Колизей\" - здесь находится самая древняя археологическая зона Рима - Римский форум. Мы пройдемся по мощеным улицам города, по которым ходили знаменитые римские императоры. На центральной площади города расположен алтарь первого римского императора Гая Юлия Цезаря, где было сожжено его тело. Мы пройдем по Виа Трионфале до величественной арки Септимия Севера и Курии, в которой собирался Сенат и вершил судьбы могущественной империи. Затем по Виа Сакра мы подойдем к руинам базилики Юлия и Эмилия, посетим Храм Весты и Ромула, Кастора и Поллукса, арку Тита. Мы также увидим где находились ростры, с которых вещали римские императоры. Вы узнаете об истории язычества, о повседневной жизни и разнообразных праздниках римлян.</div>\r\n<div class=\"abzac\">Мы также посетим Мамертинскую темницу, в которой в I веке содержались перед смертью апостолы Петр и Павел и на стене которой сохранился отпечаток лица Петра. Затем мы проследуем на Палатинский холм, где Ромул заложил первый камень Вечного Города и где позже императоры строили свои дворцы. Мы пройдемся по раскопкам этих дворцов, построенных в эпоху от императора Августа до Флавиев, в которых сохранились древние фрески и мраморные полы. Перед нами откроется великолепная перспектива на другие холмы античного времени -Авентин и Яникул. Затем мимо грандиозной арки Константина мы заходим в Колизей. Там вы узнаете подробно о жизни Нерона и его Золотом Доме, который располагался на этих землях до пожара, о деталях постройки этого грандиозного амфитеатра, о cражениях гладиаторов, о расположении трибун для зрителей и клеток для животныx.</div>\r\n<div class=\"abzac\">Мы обойдем Палатинский холм и увидим сохранившийся Цирк Максимус - стадион древнего Рима, где сейчас продолжаются раскопки. Вдоль цирка мы дойдем до берега Тибра. В этих местах находился рынок Форо Боарио (\"Мясной форум\"). На реке Тибр есть Остров Тиберина - бывший речной порт римской империи, а сейчас - просто место для прогулок. Рядом находятся прекрасно сохранившиеся языческие храмы - Фортуны, Верилис и Весты. Далее мы посетим церковь Санта Мария ин Космедин. Она интересна своей архитектурой и особенно тем, что в ее портике находятся \"Уста Истины\" - так называют мраморную маску. Народное предание гласит, что человек, дающий клятву, вложив руку в каменные уста маски, не сможет ее вынуть, если будет неискренен. Многие известные фильмы (например, \"Римские каникулы\") используют этот сюжет.</div>\r\n<div class=\"abzac\">Направляясь в сторону площади Венеции мы увидим <strong>развалины театра Марчелло</strong> - единственного сохранившегося в <strong>Риме античного театра</strong>. Он был построен императором Августом в 23 г. до н.э. и от него сохранилась часть наружной стены. Считается, что театр послужил моделью для посторойки Колизея.</div>\r\n<div class=\"abzac\">Стоимость: <br /><strong>1-3 человека</strong> - 170 евро<br /><strong>4-7 человека</strong> - 220 евро</div>\r\n<div class=\"abzac\"><strong>7-10 человек</strong> - 300 евро</div>\r\n<p><img src=\"../../../../ex_4_1.jpg\" alt=\"\" align=\"left\" hspace=\"5\" vspace=\"5\" /> <img src=\"../../../../ex_4_2.jpg\" alt=\"\" align=\"left\" hspace=\"5\" vspace=\"5\" /> <img src=\"../../../../ex_4_3.jpg\" alt=\"\" align=\"left\" hspace=\"5\" vspace=\"5\" /> <img src=\"../../../../ex_4_4.jpg\" alt=\"\" align=\"left\" hspace=\"5\" vspace=\"5\" /> <img src=\"../../../../ex_4_5.jpg\" alt=\"\" align=\"left\" hspace=\"5\" vspace=\"5\" /> <img src=\"../../../../ex_4_6.jpg\" alt=\"\" align=\"left\" hspace=\"5\" vspace=\"5\" /> <img src=\"../../../../ex_4_7.jpg\" alt=\"\" align=\"left\" hspace=\"5\" vspace=\"5\" /> <img src=\"../../../../ex_4_8.jpg\" alt=\"\" align=\"left\" hspace=\"5\" vspace=\"5\" /> <img src=\"../../../../ex_4_9.jpg\" alt=\"\" align=\"left\" hspace=\"5\" vspace=\"5\" /></p>','6800 руб. (€ 170)','0','0'),(5,'Государство Ватикан','0','0','0','0','<p>C индивидуальным русскоговорящим гидом вы увидите базилику Св. Петра, построенную на том месте, где во время Нероновых гонений был казнен Петр - первый епископ Рима, музеи Ватикана - крупнейшие в мире, в которых находится мировая коллекция живописи, скульптуры, мозаик, шпалер, украшений географических карт. Сикстинская капелла, где проводится таинство конклава - выбор папы римского. В этой капелле находятся фрески Микеланжело. Возможно дополнительное посещение Садов Ватикана с русскоговорящим гид</p>','<div class=\"abzac\">Эта пешеходная экскурсия может начинаться от отеля или от площади Св. Петра. Продолжительность-3 часа. Ватикан, официально называющееся Город-государство Ватикан (Stato della Citta del Vaticano) - это государство, не имеющее выхода к морю, территория которого состоит из окруженного стеной анклава в пределах города Рима. Государство расположено на территории приблизительно в 44 гектара (110 акров), с населением около 800 человек, это - самое маленькое независимое государство в мире и по населению, и по территории. Ватикан, как государство, появился только в 1929 году. В этом году было подписано Латеранское Соглашение, которое утвердило статус города &ndash; государства и говорило о Ватикане, как о новом государстве , а не как об остатке намного большей Папской области (756-1870 гг.), которая ранее занимала территорию центральной Италии. Большая часть этой территории была поглощена Королевством Италия в 1860 году, и заключительная часть, а именно, город Рим с маленькой областью вблизи Рима, десять лет спустя, в 1870 году.</div>\r\n<div class=\"abzac\">Ватикан представляет собой ненаследственную, избранную монархию, которой управляет Епископ Рима &mdash; Папа Римский. Самые высокие государственные чиновники являются священнослужителями Католической церкви. На территории Ватикана расположены Базилика Святого Петра, Апостольский Дворец, Сикстинская Капелла и музеи, которые были построены, наряду с различными другими зданиями в этой области. Территория Ватикана включает также Площадь Святого Петра. Мы пройдем в музеи Ватикана. Вначале мы посмотрим Пинакотеку - галлерею художников Италии от раннего возрождения до реализма. Вы увидите картины Джотто, Рафаэля, Гвидо Рени, Караваджо. У Вас будет уникальная возможность посетить Восьмиугольный двор, где находится знаменитая скульптурная группа Лаокоонт с сыновьями, открытие которой положило начало коллекции музеев, Аполлон Бельведерский, идеал мужской красоты, торс Бельведерский, любимая скульптура Микелянжело. В галлерее мы увидим гобелены, сотканные в Брюсселе, которые поразят Вас эффектом \"подвижной перспективы\".</div>\r\n<div class=\"abzac\">Вы увидите древние географические карты Италии. Затем мы пройдем в cтанцы Рафаэля-гостиные, где в 16 веке художник расписал фрески на религиозные сюжеты. В аппартаменах Борджия можно полюбоваться современным искусством - шедеврами Ван Гога, Марка Шагала и Сальвадора Дали. Самая уникальная часть музеев-Сикстинская Капелла. Cтены капеллы покрыты фресками Перуджино, Ботичелли, Росселини, а Микеланжело был расписан весь свод и алтарь. Это знаменитые фрески \"Cотворение мира\" и \"Страшный суд\". Через дверь Сикстинской Капеллы мы выйдем прямо к собору св. Петра. Строительство собора началось в 324 г., а закончилось только в 349 г., хотя богослужения в ней проводились уже с 326г. Вокруг храма вырос целый сакральный город, состоящий из часовен, молелен, крещален, иноческих обителей - все это было украшено ценными мозаиками, статуями, лепниной. Собор перестраивался много раз при участии архитекторов Рафаэля, Микеланжело, а позже Браманте, Беринини, Боромини и Рафаэля. Интерьер собора потрясает грандиозностью и величием &ndash; в полном соответствии с основной идеей явить облик Церкви торжествующей.</div>\r\n<div class=\"abzac\">Мы также посетим гроты Ватикана - зал, где захоронены Римские папы и подойдем к главной cвятыне собора - мощам Св. Петра.</div>\r\n<div class=\"abzac\">&nbsp;</div>\r\n<div class=\"abzac\"><strong>Cтоимость на 1-3 человек</strong> - 130 евро<br /><strong>Стоимость на 4-7 человек</strong> - 170 евро<br /><strong>Стоимость на 7-10 человек</strong> - 220 евро</div>\r\n<p><img src=\"../../../../ex_5_1.jpg\" alt=\"\" align=\"left\" hspace=\"5\" vspace=\"5\" /> <img src=\"../../../../ex_5_2.jpg\" alt=\"\" align=\"left\" hspace=\"5\" vspace=\"5\" /> <img src=\"../../../../ex_5_3.jpg\" alt=\"\" align=\"left\" hspace=\"5\" vspace=\"5\" /> <img src=\"../../../../ex_5_4.jpg\" alt=\"\" align=\"left\" hspace=\"5\" vspace=\"5\" /> <img src=\"../../../../ex_5_5.jpg\" alt=\"\" align=\"left\" hspace=\"5\" vspace=\"5\" /> <img src=\"../../../../ex_5_6.jpg\" alt=\"\" align=\"left\" hspace=\"5\" vspace=\"5\" /> <img src=\"../../../../ex_5_7.jpg\" alt=\"\" align=\"left\" hspace=\"5\" vspace=\"5\" /> <img src=\"../../../../ex_5_8.jpg\" alt=\"\" align=\"left\" hspace=\"5\" vspace=\"5\" /> <img src=\"../../../../ex_5_9.jpg\" alt=\"\" align=\"left\" hspace=\"5\" vspace=\"5\" /></p>','5200 руб. (€ 130)','0','0'),(6,'Монументальный Рим - от Возрождения до Барокко','0','0','0','0','<p>На этой экскурсии по Риму с индивидуальным гидом Вы увидите праздничные кварталы, пышно украшенные дворцами возрождения и фонтанами 17 - 18 века, творениями величайших архитекторов Бернини, Боромини, Мадерно, Валадьер. Самые романтические уголки города. Мы увидим: площадь Барберини, улицу Долче Вита, Крипту Капуцинов, Площадь Испании, фонтан Лодочка, фонтан Треви, Площадь Колонны, храм Адриана, Пантеон, Церковь Санта - Мария - Сопра - Минерва, площадь Навона, площадь цветов, площадь Фарнезе</p>','<div class=\"abzac\">Экскурсия начинается у отеля или на площади Барберини. Продолжительность-3 часа. Возможно пешком или на машине. Рим-уникальный город, в котором сосредоточены шедевры разных эпох: и античность, и средневековье, и возрождение, и барокко. Начиная с площади Барберини мы увидим фонтан Тритон-творение архитектора Лоренцо Бернини, cоздававшего украшения кварталов центра по заказам Папы Урбана VIII. От этой площади начинается легендарная улица Венето или Dolce Vita знаменитая по фильмам режиссера Федерико Феллини. Мы пройдемся по ней до церки Санта-Мария-делла-Кончецционе, где расположена крипта Капуццинов. Здесь в нескольких капеллах, соединенных длинным коридором монахи выложили замысловатыми узорами кости 4500 капуцинов. В зале №5 выставлен скелет принцессы Барберини, племянницы Папы Сикста V, умершей молодой. Коса смерти и чаша весов, напоминающие о том, что все земное бренно, дополняют макабрический интерьер.</div>\r\n<div class=\"abzac\">По улице Систина, где жил Гоголь мы поднимемся на вершину холма Пинчио. Cверху открывается прекрасный вид на Испанскую Лестницу и Испанскую площадь. В этом районе жили знаменитые писатели и художники. У подножия лестницы-чудесный фонтан Лодочка руки Пьетро Бернини, отца знаменитого скульптора. Весь квартал построен по проекту Трезубца-улицы Бабуино, Корсо и Рипетта. Мы пройдем по улице Бабуино, одной из улиц высокой моды до парадной площади Пополо, украшенной обелиском и скульптурными группами архитектора Валадьера. Оттуда пройдем по улице Корсо, где раньше проходили скачки на лошадях, мы остановимся у фонтана Треви, расположенного на площади, затерянной среди узких улочек. По традиции путешественники бросают в воды фонтана монетку для того, чтобы вернутся в Рим. Также здесь можно попробовать знаменитое итальянское мороженое домашнего приготовления-gelato, по праву считающееся самым вкусным.</div>\r\n<div class=\"abzac\">Мимо площади Колонны и дворца Парламента мы дойдем до сохранившихся колонн храма Адриана а затем пройдем к Пантеону, в котором покоится гений возрождения Рафаэль. Посетим церковь Санта-Мария-Сопра-Минервы-церковь Рима, находящаяся на месте античного храма Минервы. Эта цековь была возведена домениканцами в 1280-1370 гг. И строителми и прихожанами храма были флорентийцы. Здесь собирались комиссии по вопросам отречения еретиков. В частности здесь отрекались от своих \"заблуждений\" Галилей и граф Калиосто. Вы увидите замечательные художественные сокровища-росписи Филиппино Липпи в капелле Карафа, барочную капеллу Альдобрандини и статую Христа работы Микеланжело.</div>\r\n<div class=\"abzac\">Затем мы дойдем до самой прекрасной площади Барокко-площадь Навона с тремя восхитительными фонтанами-4-x рек, Нептун и Мавр. А рядом находится площадь Цветов, где располагается самый древний в Риме рынок и площадь Фарнезе с замечательными постройками возрождения и барокко.</div>\r\n<div class=\"abzac\">&nbsp;</div>\r\n<div class=\"abzac\"><strong>Стоимость 1-3 человека</strong> - 120 евро<br /><strong>Стоимость 4-7 человек</strong> - 160 евро<br /><strong>Стоимость 7-10 человек</strong> - 220 евро<br /><strong>Машина</strong> - 100 евро за тур</div>\r\n<p><img src=\"../../../../ex_6_1.jpg\" alt=\"\" align=\"left\" hspace=\"5\" vspace=\"5\" /> <img src=\"../../../../ex_6_2.jpg\" alt=\"\" align=\"left\" hspace=\"5\" vspace=\"5\" /> <img src=\"../../../../ex_6_3.jpg\" alt=\"\" align=\"left\" hspace=\"5\" vspace=\"5\" /> <img src=\"../../../../ex_6_4.jpg\" alt=\"\" align=\"left\" hspace=\"5\" vspace=\"5\" /> <img src=\"../../../../ex_6_5.jpg\" alt=\"\" align=\"left\" hspace=\"5\" vspace=\"5\" /> <img src=\"../../../../ex_6_6.jpg\" alt=\"\" align=\"left\" hspace=\"5\" vspace=\"5\" /> <img src=\"../../../../ex_6_7.jpg\" alt=\"\" align=\"left\" hspace=\"5\" vspace=\"5\" /> <img src=\"../../../../ex_6_8.jpg\" alt=\"\" align=\"left\" hspace=\"5\" vspace=\"5\" /></p>','4800 руб. (€ 120)','0','0'),(7,'Христианский Рим','0','0','0','0','<p>Посещение юбилейных базилик Рима - Cв. Марии Маджоре, Cв. Иоанна в Латеране, Cв. Павла, а также других церквей, где находятся христианские святыни. На холме Челио мы увидим Баптистерий - древнюю крещальню и Святую Лестницу, а также собор Санта - Кроче - ин - Джерусалем, где хранится реликвия креста, на котором был распят Иисус. Посещение базилики Сан - Пьетро - ин - Винколи, под алтарем которого хранятся вириги Св. Петра. В базилике Св. Прасседе и Св. Сабины были захоронены христианские мученики</p>','<div class=\"abzac\">Рим - \"второй Иерусалим\"- главный по масштабам город Римской Католической церкви. Это город местонахождения Святого престола и этим объясняется огромное количество соборов, церквей, базилик, часовен (по некоторым данным их около 500). Осматривая храмы Рима, знакомишься не только с историей города, Римской империей, но и узнаешь о судьбах великих художников и их произведений. Каждая церковь - это неповторимое произведение искусства. Во многих Соборах Рима находятся останки апостолов, мучеников, реликвии и символы христианства.</div>\r\n<div class=\"abzac\">Каждый год в Рим направляются множество паломников. По cредневековой традиции паломники проходили путь \"7 церквей\" - путь к месту смерти апостолов, как высшая форма покаяния, очищения и отпущения грехов. Эта традиция в 1300 году по воле Папы Бонифация VIII превратилась в Юбилей - Святой год, который наступает 1 раз в 25 лет. В Риме находится 4 патриархальные юбилейные базилики, где имеются особые бронзовые двери, откравающиеся на время юбилейного года.</div>\r\n<div class=\"abzac\">Сначала мы направимся на холм Эсквилин, где находится самая большая в городе, посвященная Непорочной Деве и единственная, сохранившая первоначальные древнехристианские формы церковь Санта-Мария-Маджоре. Этот собор называют также Либериана, по имени папы, которому согласно легенде, Святая Дева явилась во сне, наказывая поставить церковь там, где назавтра выпадет снег. Чудо свершилось и церковь была построена. Мы увидим великолепный резной потолок, средневековые мозаики,сохранившиеся в портике собора, Cикстинскую капеллу - место погребения папы Сикста V, капеллу Паолина - погребальную капеллу папы-мецената Павла V Боргезе. А в алтаре хранится главная святыня храма - ларец с кусочками вифлеемских яслей, где волхвы нашли младенца Иисуса.</div>\r\n<div class=\"abzac\">Недалеко от этой базилики расположена уникальная церковь Санта-Прасседе, посвященная Святой Праксиде, которая прославилась тем, что вместе со своей сестрой Пуденцианой во II веке подбирала и сохраняла останки христианских мучеников и втайне захоронивала их в закрытом колодце у входа в церковь. Гробницы самих сестер находятся в крипте собора. Мы увидим необыкновенную капеллу Сан-Дзеноне, которую папа Пасхалий I (817-824 гг.) построил в честь своей матери Теодоры и выложил византийской мозаикой. В этой базилике хранятся и мучениские кости, которые Папа Пасхалий 1 перевез из катакомб.</div>\r\n<div class=\"abzac\">Церковь Санта-Пуденциана расположена на том месте, где жил сенатор Пудент - отец Праксиды и Пуденцианы. Под криптой сохранилась часть этого древнего жилища и колодец, где хранились мощи христиан. На мозаиках изображены фигуры Христа, апостолов и святых Праксиды и Пуденцианы.</div>\r\n<div class=\"abzac\">Другая базилика, также расположенная на холме Эсквилино-Сан-Пьетро-ин-Винколи, знаменита тем, что под ее алтарем хранятся вириги - оковы Св.Петра. Тамже находится скульптура Св.Моисея работы Микельанжело. Эту скульптуру Микельанжело создал для надгробия папы Юлия II в базилике Св.Петра, но она не была им закончена. Впоследствие фигуры папы, Мадонны с младенцем, Лии и Рахели были завершены учениками мастера. В этой же базилике можно увидеть фрески Гверчино, Доменикино и Помаранчо.</div>\r\n<div class=\"abzac\">Затем мы направимся в район Латерана - древнего центра папского Рима. Вскоре после Миланского эдикта о принятии христианства на Латеране поселились папы - в резиденции Патриархии, которая вскоре стала огромным папским городом, где заседала Курия и принимали послов. Эти резиденции сгорели во время пожаров в 1307 году во время Авиньонского пленения пап. В XVI веке Сикст V построил Святая Святых ( Sancta Sanctorum ) - капеллу реликвий, где хранится нерукотворный образ Спасителя (VI-VII веков). В этом же здании находится Святая Лестница, по которой, как считается, Христос поднимался к Пилату. Главное строение Латерана - патриархальная базилика Сан-Джованни-ин-Латерано, заложенная в IV веке, а затем перестроенная в окончательном варианте архитектором Бернини. Рядом с собором мы увидим Баптистерий - крещальню, где принял крещение император Константин.</div>\r\n<div class=\"abzac\">В другой базилике района Латерана Санта-Кроче-ин-Джерусалеме, построенной на землях, где находился древний дворец императрицы Елены, хранятся реликвии, привезенные Еленой из Иерусалима - крест на котором был распят Иисус и колючки из тернового венца.</div>\r\n<div class=\"abzac\">Затем мы направимся к собору Св. Павла, который расположен за древними Аврелиевыми стенами. Этот древняя церковь была основана Константином на том месте, где был похоронен апостол Павел. В этом грандиозном соборе мы увидим медальоны-портреты всех Римских пап, малахит и лазурит, дарованные царем Николаем I после пожара 1823 года.</div>\r\n<div class=\"abzac\">Далее мы направимся на живописный холм Авентино, где расположены одни из самых ранних христианских церквей. Базилика Санта-Сабина была создана в V веке и в ней сохранились оригинальные мраморные хоры, остатки мозаичного пола, коринфские колонны из храма Юноны. На площади Мальтийских рыцарей мы увидим Святое отверстие, через глазок которого в двери Мальтийского монастыря виден купол собора Св. Петра.</div>\r\n<div class=\"abzac\">В этой экскурсии возможно посещение собора Cв. Петра для тех, кто не посещает Ватикан отдельно.<br /><br />Обязательное условие при посещении храмов - плечи и колени должны быть закрыты!<br /><br /><strong>Продолжительность тура</strong> - 3 часа</div>\r\n<div class=\"abzac\"><br /><strong>Стоимость:</strong></div>\r\n<div class=\"abzac\"><br /><strong>1 - 3 человек</strong> - 120 евро <br /><strong>4 - 7 человек</strong> - 160 евро <br /><strong>7 - 10 человек</strong> - 230 евро</div>\r\n<div class=\"abzac\"><br /><strong>Машина</strong> - 100 евро за тур</div>\r\n<p><img src=\"../../../../ex_7_1.jpg\" alt=\"\" align=\"left\" hspace=\"5\" vspace=\"5\" /> <img src=\"../../../../ex_7_2.jpg\" alt=\"\" align=\"left\" hspace=\"5\" vspace=\"5\" /> <img src=\"../../../../ex_7_3.jpg\" alt=\"\" align=\"left\" hspace=\"5\" vspace=\"5\" /> <img src=\"../../../../ex_7_4.jpg\" alt=\"\" align=\"left\" hspace=\"5\" vspace=\"5\" /> <img src=\"../../../../ex_7_5.jpg\" alt=\"\" align=\"left\" hspace=\"5\" vspace=\"5\" /> <img src=\"../../../../ex_7_6.jpg\" alt=\"\" align=\"left\" hspace=\"5\" vspace=\"5\" /> <img src=\"../../../../ex_7_7.jpg\" alt=\"\" align=\"left\" hspace=\"5\" vspace=\"5\" /> <img src=\"../../../../ex_7_8.jpg\" alt=\"\" align=\"left\" hspace=\"5\" vspace=\"5\" /></p>','4800 руб. (€ 120)','http://maps.google.ru/maps?saddr=Basilica+di+S.Maria+Maggiore&daddr=Santa+Prassede+to:Santa+Pudenziana+to:San+Pietro+in+Vincoli+to:Sancta+Sanctorum+to:San+Giovanni+in+Laterano+to:Croce+in+Gerusalemme+to:Basilica+di+San+Paolo+fuori+le+Mura+to:Basilica+di+Santa+Sabina&hl=ru&sll=41.877985,12.49578&sspn=0.05496,0.111494&geocode=FR5NfwIdNbi-ACFCuyKFaJKxlg%3BFT5JfwIdl7i-ACGM6E-237vNww%3BFXRRfwIdbau-ACGI6oEqUhsJqg%3BFWo_fwIdK6C-ACEw1Kvkdtw7Mg%3BFaYlfwIdNda-ACHb_jqw8hzXMA%3BFSclfwIdiM--ACGxOYOOQHo7og%3BFa0tfwIdl_O-ACEh5de4ZcbugiknB9_Ck2EvEzEzpXg9w88Kog%3BFZiwfgId0mO-ACE64JcSTZ0TAA%3BFfoafwIdu22-ACGBTnIUAxE_kQ&vpsrc=0&dirflg=w&mra=ls&t=m&z=14','0'),(8,'Подземный Рим','0','0','0','0','<p>Увлекательное путешествие с русскоязычным гидом по древней Аппиевой Дороге - самой значительной дороге Римской Империи, которая соединяла Рим с Грецией, Египтом и Малой Азией, где мы увидим виллы и гробницы республиканского и императорского периода, христианские катакомбы, средневековые башни и укрепления. На этой индивидуальной экскурсии Вы посетите катакомбы соборов Св. Каллисто и Св. Себастиана, которые использовались для захоронений в течении II - IV веков и церкви с подземельями.</p>','<div class=\"abzac\">Эта экскурися на машине. Продолжительность - 3 часа.<br /><br />Мы выезжаем из центра Рима, проезжая мимо Колизея и терм Каракаллы - главных античных Римских бань. При выезде из города Вы увидите древние Авреливые стены и въезд на Дорогу - ворота Св. Себастиана. Аппиева дорога была построена по приказу цензора Аппия Клавдия Цека в 312 году до н. э. Аппиева дорога имела важное военное, культурное и торговое значение и в древности ее называли \"царицей дорог\". Cамый древний участок дороги вымощен тесаными камнями, которые укладывались на слой гальки и цемента. Вскоре римляне стали строить вдоль дороги монументальные гробницы, акведуки и великолепные памятники, убранство которых стало делом престижа.</div>\r\n<div class=\"abzac\">Так, уже через 20 лет после открытия движения, по Аппиевой дороге представители римского рода Cципионов построили склепы для захоронения членов своей семьи. Мы посетим церковь Qua Vadis, где произошла знаковая для христианства встреча. Святой апостол Петр уходил из Рима и на Аппиевой дороге ему явился Христос. Domine Quo Vadis? ( \"Куда идешь, Господи?\") &ndash; спросил апостол. Ответ был: Eo Romam iterum crucifigi ( \"Иду в Рим, чтобы снова быть распятым\"). Устыдившись своего бегства, Петр вернулся. В самом центре церкви, названной Domine Quo Vadis мы увидим отпечаток ступней Иисуса, оригинал находится в церкви Св. Себастиана. Мы проследуем к этой церкви, в которой хранятся мощи этого Римского святого. А затем мы спустимся в катакомбы Св. Себастиана, где хорошо сохранились фрески христианской тематики: Оранта, Иисус в яслях, Моисей, цикл фрескок об Ионе.</div>\r\n<div class=\"abzac\">Рядом расположены огромные катакомбы Св. Каллисто. Этот комплекс формировался в течение II-IV века на базе нескольких ранее существовавших зон захоронений, постепенно расширявшихся и слившихся в единую сеть к концу IV столетия. Решение обустроить здесь кладбище для всех членов христианской общины Рима принадлежит римскому епископу Зефирину. Организация и управление комплексом захоронений были поручены диакону Каллисту. В обязанности Каллиста было вменено достойное погребение каждого умершего христианина, при этом похороны бедных осуществлялись за счёт церкви. Каллист, ставший после кончины Зефирина его преемником, значительно расширил и благоустроил катакомбы в течение своего понтификата, так что в церковном сознании этот погребальный комплекс тесно связан с именем Каллиста. Мы увидим множество фресок и надписей периода, свидетельствуещего о жизни и смерти членов христианской общины первых веков новой эры.</div>\r\n<div class=\"abzac\">Вернувшиcь назад в центр Рима мы посетим Базилику Св. Клемента - уникальный археологический комплекс, включающий в себя верхний уровень (современная базилика, возведённая в XII веке), средний уровень (раннехристианская базилика, построенная в IV веке) и нижний уровень (два строения, возникшие в I веке новой эры). Современная базилика содержит исполненную раннехристианскими символами мозаику XII века, фрески XV и XVIII веков. В раннехристианской базилике сохранились уникальные фрески IX века, содержащие, в том числе, первые из известных надписи на простонародном итальянском языке. В базилике почивают мощи Святого Климента, четвёртого римского епископа и одного из мужей апостольских, Игнатия Богоносца и немногочисленные уцелевшие частицы мощей равноапостольного Кирилла, славянского просветителя.</div>\r\n<div class=\"abzac\">Затем мы посетим базилику Сант-Аьезе-Фоури-ле-Мура, построенную в VII веке при папе Гонории I на месте захоронения мученицы святой Агнессы и спустимся в подземелья из вулканической почвы. В церкви Санта-Мария-ин-Космедин, рядом скоторой находятся легендарные Уста Истины, сможем увидеть в портике здания фреску XII века с древом жизни, резные мраморные хоры и спуститься в раннехристианский некрополь.</div>\r\n<div class=\"abzac\">&nbsp;</div>\r\n<div class=\"abzac\"><strong>Стоимость 1-3 человек</strong> - 120 евро<br /><strong>Стоимость 4-7 человек</strong> - 160 евро<br /><strong>Стоимость 7-10 человек</strong> - 230 евро</div>\r\n<div class=\"abzac\"><br /><strong>Машина</strong> - 100 евро за тур</div>\r\n<p><img src=\"../../../../ex_8_1.jpg\" alt=\"\" align=\"left\" hspace=\"5\" vspace=\"5\" /> <img src=\"../../../../ex_8_2.jpg\" alt=\"\" align=\"left\" hspace=\"5\" vspace=\"5\" /> <img src=\"../../../../ex_8_3.jpg\" alt=\"\" align=\"left\" hspace=\"5\" vspace=\"5\" /> <img src=\"../../../../ex_8_4.jpg\" alt=\"\" align=\"left\" hspace=\"5\" vspace=\"5\" /> <img src=\"../../../../ex_8_5.jpg\" alt=\"\" align=\"left\" hspace=\"5\" vspace=\"5\" /> <img src=\"../../../../ex_8_6.jpg\" alt=\"\" align=\"left\" hspace=\"5\" vspace=\"5\" /> <img src=\"../../../../ex_8_7.jpg\" alt=\"\" align=\"left\" hspace=\"5\" vspace=\"5\" /> <img src=\"../../../../ex_8_8.jpg\" alt=\"\" align=\"left\" hspace=\"5\" vspace=\"5\" /> <img src=\"../../../../ex_8_9.jpg\" alt=\"\" align=\"left\" hspace=\"5\" vspace=\"5\" /></p>','4800 руб. (€ 120)','0','0'),(9,'Вечерний Рим','0','0','0','0','<p>Знакомство с историей Рима от основания до наших дней будет происходить при уникальной вечерней подсветке его холмов, кварталов, площадей. С индивидуальным русскоговорящим гидом по Риму Вы увидите древние Форумы и Колизей, Капитолийскую площадь, Площадь Венеции, Испанскую площадь, площадь Барберини, фонтан Треви, площадь Колонна, храм Адриана, площадь Навона, Поле цветов, остров Тиберина, квартал Трастевере, холм Яникул, замок Св. Ангела, cобор Св. Петра, Квиринальский дворец, площадь Республики.</p>','<div class=\"abzac\">Экскурсия возможна пешком или на машине. Экскурсия начинается от Капитолийского холма. С панорамной площадки мы рассмотрим Римские форумы - ревний центр города. Вокрух Капитолия расположены другие холмы - Палатин, Авентин, Эсквилин и Целий. Знаменитая Капитолийская площадь, где находятся здания Капитолийских музеев, Сената эпохи Возрождения и лестницы - проект Микеланжело. От великолепной площади Венеции c мемориальным комплексом Алтаря Отечества наш путь лежит вдоль Императорских Форумов и Траяновых рынков к Колизею. От цирка Массимус открывается вид на великолепие дворцов Палатина. На живописном холме Авентин мы увидим легендарный панорамный глазок - Святое отверстие, сквозь которое через садик Мальтийского монастыря открывается вид на освещенный купол базилики Св. Петра. По улице Корсо мы направимся в кварталы Барокко, празднично украшенные фонтанами. На площади Колонна - древняя колонна Марка Аврелия, а рядом, на площади Пьетра - сохранившийся портик древнего храма Адриана.</div>\r\n<div class=\"abzac\">Затем мы остановимся у фонтана Треви - легендарного шедевра архитектора Николы Салви. Увидим площадь Барберини и фонтан Тритон, улицу Долче Вита (\"Сладкая жизнь\") - места Рима, воспетые в фильмах режиссера Феллини. Затем посетим излюбленные романтические кварталы писателей, художников и иностранцев. Квартал Испанской площади, украшенный фонтаном Лодочка - творением архитектора Бернини. Нам откроется вид на этот квартал с высоты холма Пинчио от церкви Тринита-дей-Монти. Улицы района Испанской площади формируют знаменитый Трезубец, который венчает величественный ансамбль площади Пополо. Затем мы остановимся на площади Навона, которая в древности была стадионом, а сейчас - это оживленное, особенно по вечерам, место, где много живой музыки, выступлений клоунов, шуточных \"живых статуй\". В центре площади расположен грандиозный фонтан 4-х рек - творение Бернини.</div>\r\n<div class=\"abzac\">Кампо-де-Фьори (\"Поле Цветов\") - место, где находился древний цветочный рынок. Это - центр настощей Римской вечерней жизни, где очень много виннерий, ресторанчиков, а магазины работают до поздна. Во второй части экскурсии мы увидим другую сторону реки Тибр. При переходе через мост на реке Тибр мы увидим остров Тиберина, римский квартал Трастевере и холм Яникул - римский холм, посвященный богу Янусу и самая высокая смотровая площадка на город. Яникул также украшает монументальный фонтан Паола, построенный папой Павлом V Боргезе. При спуске с Яникула нам откроется вид на площадь Св. Петра с колонадой Бернини и сам собор Св. Петра в великолепной подсветке, а затем замок Св. Ангела. На Квиринальском холме расположен величественный Квиринальский дворец - резиденция пап в XVI веке (в настоящее время дворец Президента Италии), а на холме Эсквилино - площадь Республики с фонтаном Неяд.</div>\r\n<div class=\"abzac\">&nbsp;</div>\r\n<div class=\"abzac\"><strong>Продолжительность</strong> - 3 часа</div>\r\n<div class=\"abzac\"><br /><strong>Стоимость:</strong><br /><strong>1-3 человека</strong> - 140 евро<br /><strong>4-7 человек</strong> - 190 евро<br /><strong>7-10 человек</strong> - 200 евро<br /><strong>Машина</strong> - 100 евро за тур</div>\r\n<p><img src=\"../../../../ex_9_1.jpg\" alt=\"\" align=\"left\" hspace=\"5\" vspace=\"5\" /> <img src=\"../../../../ex_9_2.jpg\" alt=\"\" align=\"left\" hspace=\"5\" vspace=\"5\" /> <img src=\"../../../../ex_9_3.jpg\" alt=\"\" align=\"left\" hspace=\"5\" vspace=\"5\" /> <img src=\"../../../../ex_9_4.jpg\" alt=\"\" align=\"left\" hspace=\"5\" vspace=\"5\" /> <img src=\"../../../../ex_9_5.jpg\" alt=\"\" align=\"left\" hspace=\"5\" vspace=\"5\" /> <img src=\"../../../../ex_9_6.jpg\" alt=\"\" align=\"left\" hspace=\"5\" vspace=\"5\" /> <img src=\"../../../../ex_9_7.jpg\" alt=\"\" align=\"left\" hspace=\"5\" vspace=\"5\" /> <img src=\"../../../../ex_9_8.jpg\" alt=\"\" align=\"left\" hspace=\"5\" vspace=\"5\" /></p>','5600 руб. (€ 140)','0','0'),(10,'Ангелы и Демоны Рима','0','0','0','0','<p>Вы погрузитесь в атмосферу фильма по роману Дэна Брауна \" Ангелы и Демоны\" - детективного триллера, описывающего ужасные события, разворачивающиеся в Риме во время избрания нового Папы Римского. С русскоговорящим гидом по Риму Вы пройдете по маршруту, по которому следовал герой фильма - Роберт Лэнгдон, раскрывая тайны сообщества Иллюминатов: церковь Санта - Мария - дель - Пополо, cобор Св. Петра, Пантеон, площадь Навона, церковь Санта - Мария - Делла - Виттория, замок и мост Св. Ангела.</p>','<div class=\"abzac\">Во время этой экскурсии мы погрузимся в атмосферу загадочности и пройдем \"путь просвещенных\", как и герои фильма \"Ангелы и демоны\", решавшие различные загадки и расшифровывавшие тайны древних скульптур и текстов. Роскошные замки, жуткие катакомбы, удивительные фонтаны и подземные тайники&hellip;</div>\r\n<div class=\"abzac\">О чем фильм \"Ангелы и Демоны\"? Ужасные события происходят во время избрания нового Папы Римского. Тайное антирелигиозное сообщество Иллюминатов похищает антивещество, способное сровнять с землей целую страну. Бомба установлена в Ватикане, в соборе Святого Петра, и вскоре должна взорваться. Есть и еще одна неприятность: похищены четыре кардинала &ndash; главные претенденты на пост Папы. Их обещают убивать по одному каждый час.</div>\r\n<div class=\"abzac\">В центре истории оказывается американский профессор Роберт Лэнгдон (актер Том Хэнкс), герой-интеллектуал. Он бегает по Риму, решая различные загадки, дабы предотвратить разрушение Ватикана. Раскрыть тайну Лэнгдону помогают четыре ориентира, связанные с Землей, Воздухом, Огнем и Водой, а также работы итальянского скульптора Лоренцо Бернини.</div>\r\n<div class=\"abzac\"><strong>Церковь Санта-Мария дель Пополо</strong><br /> Санта-Мария дель Пополо - церковь ордена августинцев. Она возникла на месте часовни, построенной у тополя (populeo в переводе с итальянского означает &laquo;тополевый&raquo;). Эта церквушка &ndash; кладезь бесценных произведений искусства, таких как картины Караваджо &laquo;Распятие Петра&raquo; и &laquo;Обращение Павла&raquo;. Роль в сюжете фильма: Ориентир, связанный с Землей. Ведь приделы церкви строились как семейные усыпальницы римской знати и церковных сановников. Роберт Лэнгдон и его подруга Виттория уверены, что именно здесь был убит первый из похищенных кардиналов. Самое важное место - капелла Киджи, созданная по проекту Рафаэля для крупного банкира и мецената Агостино Киджи. Там-то Лэнгдон и находит скульптуру Бернини &laquo;Хабаккук и ангел&raquo;. Ангел простирает руку и указывает смельчаку-профессору где находится следующий ключ к разгадке тайны.</div>\r\n<div class=\"abzac\"><strong>Площадь Св. Петра</strong><br /> Гигантская площадь Святого Петра разбита перед базиликой святого Петра в Риме по проекту Бернини (1656-1667). Потрясающая воображение колоннада на площади состоит из четырех рядов дорических колонн и украшена 140 статуями святых. Посередине - египетский обелиск, привезенный в Рим императором Калигулой.<br /> Роль в сюжете фильма: Второй кардинал с выжженным на груди знаком AIR (&laquo;воздух&raquo;) по замыслу Дэна Брауна был убит прямо перед собором Святого Петра. Площадь Святого Петра или пьяцца Сан Пьетро - грандиозная площадь в виде двух симметричных полукружий является архитектурной гордостью Рима. Разумеется, такое место просто не могло не попасть в фильм. В &laquo;Ангелах и демонах&raquo; пьяцца Сан Пьетро связана с символом Воздуха. На барельефе West Ponente (высеченном на камне в основании египетского обелиска) изображен ангел, выдыхающий воздух в восточном направлении... Он становится для профессора Лэнгдона следующим ориентиром.</div>\r\n<div class=\"abzac\"><strong>Церковь Санта-Мария-Делла-Виттория</strong><br /> Скульптура &laquo;Экстаз святой Терезы&raquo; посвящена испанской монахине и католической святой, жившей в ХVI веке. В одном из писем святая Тереза рассказала, как однажды во сне &laquo;к ней явился ангел в плотском образе&raquo; и пронзил ей сердце золотой стрелой с огненным концом, отчего она испытала &laquo;сладостную муку&raquo;. Скульптура Беринини сильно развеселила Дэна Брауна. &laquo;Его творение здорово смахивало на порнографию&raquo; &ndash; написал он в своей книге.<br /> Роль в сюжете фильма: Кардинал Гуидер, подвешенный за руки над костром, сгорел заживо в церкви Санта-Мария-делла-Виттория. Поэтому в фильме она имеет символ Огня. Правда, писатель Дэн Браун позволил себе вольность, расположив маленькую церквушку на площади Барберини, в то время как на самом дела она находится неподалеку от Пьяцца делла Република. Главная цель Роберта Лэндгдона &ndash; скульптура Бернини &laquo;Экстаз святой Терезы&raquo; - расположена в капелле Корнаро. Копье ангела направлено святой Терезе прямо в сердце. Приглядевшись к копью, Лэнгдон отправляется на юго-запад.</div>\r\n<div class=\"abzac\"><strong>Фонтан Четырех рек</strong><br /> В 1644 году великий Бернини из-за происков недругов не участвовал в конкурсе проектов будущего фонтана. Несмотря на это, Лоренцо все равно придумал его макет: обелиск должны окружать красавцы-атлеты, статуи речных богов рек Нила, Ганга, Дуная и Ла-Платы. Макет фонтана случайно оказался в столовой, где обедал папа Иннокентий X. Он был так поражен красотой скульптуры, что отменил конкурс и велел Бернини без промедления заняться сооружением фонтана. <br /> <strong>Роль в сюжете фильма:</strong><br /> Фонтан Четырех рек - один из самых знаменитых фонтанов Рима. Он находится на площади Навона. Как и предыдущие архитектурные ориентиры профессора Лэнгдона, фонтан был сооружен по проекту Бернини (1648-1651). Именно в этом фонтане, по задумке Брауна, утонул окутанный цепями кардинал Баджиа. Фонтан символизирует Воду. А последним указателем американского профессора становится голубь. Бронзовая фигурка голубки находится на вершине обелиска фонтана и указывает в направлении северо-запада &ndash; туда, где находится логово Иллюминатов.</div>\r\n<div class=\"abzac\"><strong>Замок Святого Ангела</strong><br /> <strong>Роль в сюжете фильма: </strong><br /> Замок святого Ангела &ndash; еще один &laquo;герой&raquo; фильма &laquo;Ангелы и демоны&raquo;. Замок когда-то был гробницей, затем резиденцией пап, хранилищем их ценностей и одновременно тюрьмой, а в наши дни является музеем. По фильму, спиралеобразная галерея замка использовалось в качестве секретного жилища наемного убийцы и последних из существующих Иллюминатов. Любопытно, что в средние века замок святого Ангела был соединен с Ватиканом passeto - 800-метровым укрепленным коридором. Он был нужен в качестве запасного выхода для римских Пап, а вовсе не для похищения кардиналов, как показано в фильме.</div>\r\n<div class=\"abzac\">Ватиканскому дворцу с находящейся в нем Сикстинской капеллой отведено в &laquo;Ангелах и демонах&raquo; очень важное место. Кардиналы запираются в капелле для тайного совещания, чтобы выбрать нового Папу римского.</div>\r\n<div class=\"abzac\">Еще одной остановкой для съёмочной группы &laquo;Ангелов и демонов&raquo; стала, расположенная за Пантеоном, площадь Пьяцца делла Ротонда, известная также как Площадь Пантеона. Это оживлённое место, заполненное кафе, сувенирными лавками, уличными музыкантами и вездесущими римскими голубями, в дни съёмок бурлило от количества любопытных. Мы с Вами посетим этот древнейший и уникальный \"храм всех богов\", основанный при Агриппе в 27 г. до н.э.</div>\r\n<div class=\"abzac\"><strong>Продолжительность</strong> - 3 часа<br /><br /> <strong>Стоимость:</strong><br /> <strong>1 - 3 человека</strong> - 120 евро<br /> <strong>4 - 7 человек</strong> - 160 евро<br /> <strong>7 - 10 человек</strong> - 220 евро<br /> <strong>Машина</strong> - 100 евро за тур</div>\r\n<p><img src=\"../../../../ex_10_1.jpg\" alt=\"\" align=\"left\" hspace=\"5\" vspace=\"5\" /> <img src=\"../../../../ex_10_2.jpg\" alt=\"\" align=\"left\" hspace=\"5\" vspace=\"5\" /> <img src=\"../../../../ex_10_3.jpg\" alt=\"\" align=\"left\" hspace=\"5\" vspace=\"5\" /> <img src=\"../../../../ex_10_4.jpg\" alt=\"\" align=\"left\" hspace=\"5\" vspace=\"5\" /> <img src=\"../../../../ex_10_5.jpg\" alt=\"\" align=\"left\" hspace=\"5\" vspace=\"5\" /> <img src=\"../../../../ex_10_6.jpg\" alt=\"\" align=\"left\" hspace=\"5\" vspace=\"5\" /> <img src=\"../../../../ex_10_7.jpg\" alt=\"\" align=\"left\" hspace=\"5\" vspace=\"5\" /> <img src=\"../../../../ex_10_8.jpg\" alt=\"\" align=\"left\" hspace=\"5\" vspace=\"5\" /> <img src=\"../../../../ex_10_9.jpg\" alt=\"\" align=\"left\" hspace=\"5\" vspace=\"5\" /> <img src=\"../../../../ex_10_10.jpg\" alt=\"\" align=\"left\" hspace=\"5\" vspace=\"5\" /> <img src=\"../../../../ex_10_11.jpg\" alt=\"\" align=\"left\" hspace=\"5\" vspace=\"5\" /></p>','4800 руб. (€ 120)','0','0'),(11,'Римская жизнь','0','0','0','0','<p>Это непринужденная прогулка проводится русскоговорящим гидом по романтичным и колоритным римским кварталам, где можно почувствовать веселось и непринужденность местной жизни. Мы увидим район Кампо - де - Фьори, где утром располается овощной и цветочный рынок города, а вечером открываются винерии и ресторанчики, остров Тиберина и квартал Трастевере с его живописными двориками и охристо - терракотовыми строениями, обвитыми плющом.</p>','<div class=\"abzac\">Эта пешеходная экскурсия начинается от Площади Аргентина, где мы увидим развалины театра Помпея(Ареа Сакра) - первой в Риме каменной арене, построенной в 55 г. до н.э. Именно в этом месте был заколот кинжалами Юлий Цезарь. А сейчас при этих развалинах живет целая колония знаменитых римских кошек. Затем по улице Джуббонари, что в переводе означает \"улица пиджачников\", мы направимся на Кампо-де-Фьори - центр настоящей римской жизни. Ранее в этом квартале находились ремесленная слобода. Улицы этого района так и называются: улицы Петтинари (гребенщиков), Капеллари (шляпников), Кальделари (лудильщиков). Здесь множество магазинов и питейных лавочек, работающих без перерыва и допоздна. Здесь можно также попробовать знаменитое итальянское мороженое (gelato).</div>\r\n<div class=\"abzac\">Затем мы подойдем к реке Тибр, перейдя через которую по мосту Фабриция, мы окажемся на острове Тиберина. По легенде это не остров, а корабль, на котором римляне плавали в Эпидавр к храму бога здоровья Эскулапу и привезли в Рим змею-лекаря. На этом месте змея соскользнула в воду, а корабль превратился в остров, напоминающий корабль. Пройдя по мосту Честио, мы окажемся в самой гуще квартала Трастевере. Виа-делла-Скала приведет нас на площадь Санта-Мария-ин-Трастевере, которая своей оживленностью может соперничать с площадью Навона, в отличие от которой собирает здесь весьма пеструю публику: всевозможных тусовщиков, местных жителей и туристов. В центре площади расположен Восьмиугольный фонтан (арх. К. Фонтана, 1692), украшенный красивыми раковинами.</div>\r\n<div class=\"abzac\">Церковь Санта-Мария-ин-Трастевере считается первой римской церковью, посвященной Мадонне. Основал её Папа Юлий I в 340 г., однако, современный облик храма - результат множества перестроек, которым церковь подвергалась в XI-XIX вв. Нынешнее здание относится к XII в.и знаменито мозаиками, особенно работами П. Каваллини. 22 гранитные колонны нефа взяты из древнеримских построек. На фасаде - изумительная фреска с изображением Богоматери, кормящей младенца Иисуса, пять мудрых евангельских дев с горящими светильниками и пять неразумных с потухшими. В конхе апсиды - сцена коронации Богоматери, сидящей по правую руку от Христа в окружении святых, на остальных шести мозаиках в алтаре - сцены из жизни Девы Марии.</div>\r\n<div class=\"abzac\">В капелле, слева от алтаря, хранится икона VII в., изображающая Мадонну в натуральную величину (Мадонна-делла-Клеменца). Под главным престолом погребены мощи святых Калеподия, Каллиста и Корнилия. На площади Сант-Элжидио интересна церковь Сант-Эджидио, принадлежавшая монастырю кармелитов. Ныне в монастырских помещениях размещается Музей Рима в Трастевере, известный как \"Музей фольклора\". Мы посетим экспозицию музея - материалы, связанные с праздниками, суевериями, традициями и обычаями римлян в эпоху папского правления.</div>\r\n<div class=\"abzac\">&nbsp;</div>\r\n<div class=\"abzac\"><strong>Продолжительность</strong> - 2, 5 часа<br /><strong></strong></div>\r\n<div class=\"abzac\"><strong><br /></strong></div>\r\n<div class=\"abzac\"><strong>Cтоимость:</strong></div>\r\n<div class=\"abzac\"><strong><br /></strong></div>\r\n<div class=\"abzac\"><strong>1 - 3 человек - 100 евро</strong></div>\r\n<div class=\"abzac\"><strong>4 - 7 человек - 160 евро</strong></div>\r\n<div class=\"abzac\"><strong>7 - 10 человек - 190 евро</strong></div>\r\n<p><img src=\"../../../../ex_11_1.jpg\" alt=\"\" align=\"left\" hspace=\"5\" vspace=\"5\" /> <img src=\"../../../../ex_11_2.jpg\" alt=\"\" align=\"left\" hspace=\"5\" vspace=\"5\" /> <img src=\"../../../../ex_11_3.jpg\" alt=\"\" align=\"left\" hspace=\"5\" vspace=\"5\" /> <img src=\"../../../../ex_11_4.jpg\" alt=\"\" align=\"left\" hspace=\"5\" vspace=\"5\" /> <img src=\"../../../../ex_11_5.jpg\" alt=\"\" align=\"left\" hspace=\"5\" vspace=\"5\" /> <img src=\"../../../../ex_11_6.jpg\" alt=\"\" align=\"left\" hspace=\"5\" vspace=\"5\" /> <img src=\"../../../../ex_11_7.jpg\" alt=\"\" align=\"left\" hspace=\"5\" vspace=\"5\" /> <img src=\"../../../../ex_11_8.jpg\" alt=\"\" align=\"left\" hspace=\"5\" vspace=\"5\" /> <img src=\"../../../../ex_11_9.jpg\" alt=\"\" align=\"left\" hspace=\"5\" vspace=\"5\" /></p>','4000 руб. (€ 100)','0','0'),(12,'Рафаэль и Микеланджело в Риме','0','0','0','0','<p>Это тематический тур проводится русскоговорящим индивидуальным гидом - посещение церквей, дворцов, зданий, площадей Рима, оформленных знаменитыми мастерами эпохи Возрождения - Рафаэлем и Микеланджело. Посещение виллы Фарнезина, церквей Сант - Элиджо - дельи - Орефичи, Санта - Мария - делла - Паче, Cант Агостино, Санта - Мария - дель - Пополо, Cан - Пьетро - ин - Винколи, Cанта - Мария - сопра - Минерва, Санта - Мария - дельи - Анджели, а также ансамбля Капитолийской площади и Порта Пиа</p>','<div class=\"abzac\"><strong>Биография Рафаэля</strong><br /> Посещение достопримечательностей - шедевров художника и архитектора Рафаэля в Риме: Название церкви Сант-Элиджо-дельи-Орефичи свидетельствует о том, что церковь принадлежала богатой корпорации ювелиров (от итал. orefici - ювелиры). Первоначальный проект разработал Рафаэль, однако, впоследствие церковь неоднократно перестраивалась. Посещение церкви Санта-Мария-делла-Паче, в постройке которой участвовали архитекторы Браманте и Пьетро да Кортона. В капелле Киджи интерьер украшают знаменитые фрески - четыре \"Сивиллы\" Рафаэля и четыре \"Пророка\", выполненные его учеником Т.Вити.</div>\r\n<div class=\"abzac\"><strong>Сивилла</strong><br /> Посещение церкви Сант-Агостино с фреской Рафаэля, где изображен пророк Исайя. Шедевр ренессансной архитектуры, вилла Фарнезина, построеннная по заказу сиенского банкира А. Киджи - влиятельного покровителя Рафаэля в Риме. Интерьер расписывал Перуцци, позже работу продолжили С. дель Пьомбо и Рафаэль. \"Триумф Галатеи\" в зале и лоджия с фресками на тему истории Амура и Психеи - работы Рафаэля. В 1577 г. виллу купил кардинал А. Фарнезе. Ныне в ней находится Академия Линчеи, основанная в 1603 г. и членом которой был Галилей. Церковь Санта-Мария-дель-Пополо построена на том самом месте, где некогда был похоронен император Нерон. В средние века римляне были уверены, что в гробнице проклятого императора поселилась нечистая сила.</div>\r\n<div class=\"abzac\">В 1099 г. Папа Пасхалий II велел выбросить прах Нерона в Тибр и разрушить гробницу, а на её месте поставить церковь, посвященную Богоматери. Над украшением храма работали известные мастера эпохи Возрождения: художники Пинтуриккьо, Караччи и Рафаэль, архитекторы Бернини, Браманте и Сансовино. Капелла Киджи, где похоронены братья-банкиры Киджи, выполнена по проекту Рафаэля. Мозаика в куполе также сделана по картону Рафаэля, и по его же эскизам ученик великого художника Лоренцетто исполнил фигуры Ионы.</div>\r\n<div class=\"abzac\"><strong>Биография Микеланджело</strong><br />Посещение достопримечательностей - шедевров художника и скульптора Микеланджело: Церковь Сан-Пьетро-ин-Винколи. Паломники испокон веков почитали ее за хранящиеся под алтарем вериги Св. Петра. В этой церкви находится надгробие папы Юлия II, созданное Микелянджело. Ансамбль Капитолийской площади. Площадь целиком и полностью придумал Микеланджело - от рисунка на мостовой до дизайна и расположения фасадов. Ему же принадлежит идея поставить в центре статую Марка Аврелия. На площади расположены постройки палаццо Сенатори, палаццо Консерватори, палаццо Нуово. Последнее творение Микеланджело - ведущая на площадь лестница под названием Кордоната. Кастор и Поллукс, венчающие подъем, появились позже - в 1583 году. Эти скульптуры были обнаружены при раскопках в театре Помпея.</div>\r\n<div class=\"abzac\">Во Двореце Фарнезе сегодня находится посольство Франции, поэтому осмотреть здание изнутри нельзя. Дворец построен для кардинала Алессандро Фарнезе, который впоследствии стал Папой Павлом III. К отделке здания приложили руку многие выдающиеся зодчие: А. да Сангалло-мл., Микеланджело (мраморная лоджия, карниз с гербом Фарнезе), Дж. делла Порта. На площади перед дворцом - любопытный фонтан, сооруженный на основе громадных ванн из терм Диоклетиана. Церковь Санта-Мария-сопра-Минерва - одна из немногих готических церквей Рима. Когда-то здесь был античный храм Минервы, на месте которого в VII в. выстроили христианскую церковь (от итал. \"sopra Minerva\" - над Минервой). У алтаря находится знаменитая скульптурная работа Микеланджело - Христос около креста.</div>\r\n<div class=\"abzac\">Церковь Санта-Мариа-дельи-Анджели была возведена на месте античного калидария терм Диоклетиана и строилась по проекту Микеланджело в 1563-1568 гг. (была перестроена в XVIII в. архитектором Ванвителли). Ворота Порта Пиа - это ворота в северо-восточной части Аврелиановой стены Рима, на Номентанской дороге. Они были построены папой Пием IV, родом из семьи Медичи, неподалёку от снесённых Номентанских ворот. Это последний архитектурный проект Микеланджело, представленный им, по свидетельству Вазари, в трёх вариантах, из которых понтифик выбрал самый дешёвый.</div>\r\n<div class=\"abzac\"><strong>Длительность тура</strong> - 3,5 часа</div>\r\n<div class=\"abzac\"><br /><strong>Стоимость:</strong><br /><strong>1 - 3 человека</strong> - 130 евро<br /><strong>4 - 7 человек</strong> - 170 евро<br /><strong>7 - 10 человек</strong> - 230 евро<br /><strong>Машина</strong> - 100 евро за тур</div>\r\n<p><img src=\"../../../../ex_12_1.jpg\" alt=\"\" align=\"left\" hspace=\"5\" vspace=\"5\" /> <img src=\"../../../../ex_12_2.jpg\" alt=\"\" align=\"left\" hspace=\"5\" vspace=\"5\" /> <img src=\"../../../../ex_12_3.jpg\" alt=\"\" align=\"left\" hspace=\"5\" vspace=\"5\" /> <img src=\"../../../../ex_12_4.jpg\" alt=\"\" align=\"left\" hspace=\"5\" vspace=\"5\" /> <img src=\"../../../../ex_12_5.jpg\" alt=\"\" align=\"left\" hspace=\"5\" vspace=\"5\" /> <img src=\"../../../../ex_12_6.jpg\" alt=\"\" align=\"left\" hspace=\"5\" vspace=\"5\" /> <img src=\"../../../../ex_12_7.jpg\" alt=\"\" align=\"left\" hspace=\"5\" vspace=\"5\" /> <img src=\"../../../../ex_12_8.jpg\" alt=\"\" align=\"left\" hspace=\"5\" vspace=\"5\" /></p>','5200 руб. (€ 130)','0','0'),(13,'Бернини и Борромини в Риме','0','0','0','0','<p>Это тематическая экскурсия - посещение дворцов, площадей, фонтанов - шедевров архитекторов эпохи Римского барокко - Джан Лоренцо Бернини и Франческо Боромини. Посещение с русскоязычным гидом площади Барберини, дворца Барберини, площади Испании, площади Навона, церквей Сант - Карло - алле - Куатро - Фонтане, Сант - Андреа - аль - Квиринале, Сант - Андреа - делле - Фрате, Сант - Иво - алла - Сапиенца, Cант - Аньезе - ин - Агоне, Cан - Джованни - дей - Фьорентини, а также знаменитых фонтанов Рима</p>','<div class=\"abzac\"><strong>Биография Бернини</strong><br /> <strong>Биография Борромини</strong><br /><br /> Экскурсия начинается от площади Барберини.<br /><br /> Некогда площадь Barberini была центральной площадью как папского, так и аристократического Рима. В центре площади установлен фонтан Тритона (1643) работы Бернини: восседающий на раковине тритон вот уже 360 лет исправно выдувает вверх струю воды.</div>\r\n<div class=\"abzac\">От площади отходит улица Венето, в начале которой находится Фонтан Пчел (Fontana delle Api). Он был выстроен по приказу Папы Урбана VIII и напоминает о гербе Барберини. Рядом с площадью Барберини находится дворец Барберини (Palazzo Barberini, 1625-1633). Проходя вдоль монументальной кованой решетки, мы увидим изображение пчел - геральдический символ рода Барберини. Над созданием грандиозного дворца Папы Урбана VIII из рода Барберини трудились виднейшие архитекторы XVII в.: Мадерна, Борромини, Бернини. Винтовая рампа правого крыла с двойными колоннами спроектирована Борромини, а классический вариант парадной лестницы слева - творение Бернини. Помимо огромного, до сих пор плодоносящего сада при дворце, прежде были театр, библиотека и мастерская по производству гобеленов. Ныне во дворце Барберини размещается Национальная галерея античного искусства.</div>\r\n<div class=\"abzac\">Мы направимся по улице Куатро Фонтане до площади Куатро Фонтане, которая больше похожа на перекресток, а не на площадь. В цоколях четырех угловых зданий установлены фонтаны-аллегории Тибра, Арно, Дианы и Юноны. С площади открывается уникальный вид сразу на три обелиска: у Санта-Мария-Маджоре, Тринита-деи-Монти и на Квиринале. Площадь украшает небольшая церковь Сан-Карло-алле-Куатро-Фонтане (Chiesa di S.Carlo alle Quattro Fontane, серед. XVIII в.) или кратко Сан-Карлино (проект Карло Борромини). Это уменьшительное название церкви отражает ее размеры - площадь не более площади пилона собора Св.Петра. Стиль церкви можно было бы назвать \"супербарокко\", так как нет ни одной плоскости, всё - изгиб и волна. Двигаясь по ул. Квиринале (via del Quirinale) мимо бесконечной стены, прозванной Маника-лунга (\"Manica lunga\"- Длинный рукав), мимо кирасиров в парадной форме, стоящих у дворца Квиринале, попадаем к церкви Сант-Андреа-аль-Квиринале (Chiesa di S.Andrea al Quirinale, арх. Д.-Л. Бернини и М. де Росси, 1671). Некогда она принадлежала ордену иезуитов. Создание церкви является результатом творческого соревнования Бернини и Борромини - это ответ первого последнему, построившему церковь Сан-Карло-алле-Куатро-Фонтане.</div>\r\n<div class=\"abzac\">Затем мы направимся на Площадь Испании (P.di Spagna) и увидим Испанскую летницу (Scalinata della Trinita dei Monti) - это одно из самых живописных мест в Риме, где собирается молодежь и туристы. Площадь Испании получила свое название из-за расположенного на ней испанского посольства. В центре площади находится фонтан Баркачча (\"La Barcaccia\" - Лодочка, 1629). Его создал Пьетро Бернини - отец знаменитого Джан-Лоренцо, сумевший использовать небольшую скорость струящейся воды и сконструировать подобие полузатопленной лодки.</div>\r\n<div class=\"abzac\">Дворец Пропаганда-Фиде , построенный при папе Урбане VIII для конгрегации пропаганды миссионерского католического университета и типографии, которые оформляли Бернини и Боромини <br /><br /> Недалеко от площади Испании, находится церковь Сант-Андреа-делле-Фратте (Chiesa di S.Andrea delle Fratte). На месте, где начали строить эту церковь, в то время проходила городская граница и рос лес. Отсюда возникло ее название (от итал. fratte - чащоба). В XVII в. крышу, купол и колокольню перестраивал Борромини. Внутри заслуживают внимания оригиналы двух ангелов, изваянных Бернини для моста Сант-Анджело. Заказчик - Папа Климент IX счел их столь ценными, что не решился выставить под открытым небом.</div>\r\n<div class=\"abzac\">В здании дворца Сапиенца (Palazzo della Sapienza, ХVв.) , реконструированным в серед. XVI в. при участии Микеланджело и Дж. делла Порта, с 1432 г. по 1935 г. размещался старый римский университет, основанный Папой Бонифацием VIII в 1303 г. Ныне дворец принадлежит Государственному архиву. В глубине двора взору открывается белокаменная спираль церкви Сант-Иво-алла-Сапиенца (Chiesa di S. Ivo alla Sapienza, 1642-1650, открыта сб, вс, 09.00-12.00) - чрезвычайно интересная работа Борромини. В плане здание напоминает пчелу - геральдический символ рода Барберини, так как строилось оно по заказу Папы Урбана VIII Барберини. Только у этой римской церкви есть такое затейливое завершение: очень высокий шестилопастной барабан (в плане напоминает цветок), на котором установлена изящная спираль, увенчанная каменной короной с ажурным куполом в виде луковки с кованым крестом. При изрядной доле фантазии можно представить себе, что каменная пчела погрузила голову в цветок, выставив на обозрение брюшко с жалом. Центральный алтарь украшен фигурой Св.Андрея Первозванного, возносящегося на небеса.</div>\r\n<div class=\"abzac\">При императоре Домициане (I в. до н.э.) на месте Площади Навона был стадион, очертания которого и определили её форму. На этом стадионе проходили спортивные состязания, а на соседнем, расположенном ближе к Тибру, устраивались морские бои. Площадь обрела баррочный облик при Папе Иннокентии X, велевшем построить здесь дворец для жены своего брата - Олимпии, благодаря которой он получил папскую тиару. Так появился дворец Памфили (Palazzo Pamphili, XVII в.). Рядом с ним возвели церковь Сант-Аньезе-ин-Агоне (Chiesa di S. Agnese in Agone, вт-сб.: 08.00-18.30, вс.: 10.00-13.00), посвященную Св. Агнессе, с которой на этом месте произошло чудо: мгновенно отросшие густые волосы скрыли наготу 13-летней христианки, брошенной на стадион перед толпой язычников. Фасад церкви выполнил Борромини (1652-1655). Голова Cвятой Агнессы, заколотой кинжалом, хранится в изящном реликварии в раннехристианской крипте церкви, здесь же, над входом, в саркофаге покоится прах Папы Иннокентия X.</div>\r\n<div class=\"abzac\">Напротив церкви Сант-Аньезе-ин-Агоне расположен фонтан Рек (Fontana dei Fiumi, XVII в.) - шедевр Дж. Л. Бернини. Аллегорические фигуры изображают самые большие реки континентов - Нил, Дунай, Ганг и Рио-де-ла-Плата (Амазонка тогда была неизвестна). Покрывало на голове Нила символизирует таинственность его истока, который в то время ещё не открыли. Расположение фигур фонтана породило легенду о поединке между гениями эпохи барокко - Бернини и Борромини: будто бы Ла Плата Бернини загораживается рукой, чтобы не видеть церковь - \"ужасное\" творение Борромини. На самом деле фонтан построен гораздо раньше, чем церковный фасад. По проекту Бернини создан и фонтан Мавра, один из двух фонтанов, расположенных по краям площади. Другой фонтан в оригинале состоял лишь из одного бассейна, к которому в конце XIX в. добавили скульптуру - так возник фонтан Нептуна. А Папа Иннокентий X, введший дополнительные налоги, чтобы обустроить площадь Навона, получил следующий отклик: \"Pane, pane, non fontane!\" (Хлеба, хлеба, а не фонтанов!).</div>\r\n<div class=\"abzac\">Во Флорентийском квартале жила большая община выходцев из Флоренции, владевшая мельницами на Тибре. В самом начале этого квартала проходит прямая и живописная Via Giulia (улица Джулиа), длинной около 1 км, которая была спроектирована Браманте по заказу Папы Юлия II делла Ровере в начале 1500-х гг. Она задумывалась как образцовый проспект, соединяющий Ватикан с Капитолием и стала первой улицей эпохи Возрождения, пробившейся сквозь хитросплетения средневековых переулочков. В начале этой улицы стоит принадлежавшая флорентийской общине церковь Сан-Джованни-деи-Фиорентини (Chiesa di S. Giovanni dei Fiorentini). Её строительство начал А. да Сангалло-мл. (XVI), затем архитекторы неоднократно менялись. Завершилось сооружение храма лишь столетие спустя: ее купол сделан по проекту К. Мадерна (1620), позже здесь похороненного. Алтарь - последняя работа Борромини, который тоже похоронен здесь , несмотря на то, что окончил жизнь самоубийством.</div>\r\n<div class=\"abzac\">Затем мы направимся в римский квартал Трастевере. <br /><br /> У входа на Viale di Trastevere справа расположена древняя церковь Сан-Кризогоно (Chiesa di S. Crisogono, первонач. постройка VIII в. полн. реконстр. - XII в., частичн. - XVII в.). Церковь возведена на месте дома греческого христианина, обезглавленного во времена императора Деоклетиана. Невысокая мощная колокольня напоминает оборонительную башню. Деревянный расписной потолок считается одним из красивейших в Риме и пол, выполненный в технике косматеско - также один из наиболее интересных, сохранившихся с XIII в. К тому же времени относится мозаика \"Богоматерь с Младенцем\" (П. Каваллини). Две поддерживающие алтарь монолитные порфировые колонны - самые большие в Риме. В античные времена они украшали триумфальную арку. Справа от хора - капелла Поли работы Бернини. Стоит посетить крипту (часть церкви, cохранившуюся с V в.)</div>\r\n<div class=\"abzac\">В центре площади Сан-Франческо д\'Ассизи (P. S. Francesco d\'Assisi) помещена увенчанная крестом античная колонна. На заднем плане площади стоит церковь Сан-Франческо-а-Рипа (Chiesa di S. Francesco a Ripa, XIIIв., полная реконструкция - 1680-е гг.), построенная сразу после канонизации Св. Франциска Ассизского в память о приюте, где святой останавливался во время своего пребывания в Риме (1219г.). Принадлежавшие Франциску каменная подушка и распятие хранятся в его келье. В четвертой капелле северной стены заслуживает внимания последняя работа Бернини \"Экстаз блаженной Людовики Альбертони\" (1625г.). Фигура освещена естественным светом, усиливающим все эффекты шедевров стиля барокко.</div>\r\n<div class=\"abzac\"><strong><br /></strong></div>\r\n<div class=\"abzac\"><strong>Продолжительность</strong> - 3,5 часа<br /> <strong>Стоимость:</strong><br /> <strong>1 - 3 человека</strong> - 130 евро<br /> <strong>4 - 7 человек</strong> - 170 евро<br /> <strong>7 - 10 человек</strong> - 230 евро<br /> <strong>Машина</strong> - 100 евро за тур</div>\r\n<p><img src=\"../../../../ex_13_1.jpg\" alt=\"\" align=\"left\" hspace=\"5\" vspace=\"5\" /> <img src=\"../../../../ex_13_2.jpg\" alt=\"\" align=\"left\" hspace=\"5\" vspace=\"5\" /> <img src=\"../../../../ex_13_3.jpg\" alt=\"\" align=\"left\" hspace=\"5\" vspace=\"5\" /> <img src=\"../../../../ex_13_4.jpg\" alt=\"\" align=\"left\" hspace=\"5\" vspace=\"5\" /> <img src=\"../../../../ex_13_5.jpg\" alt=\"\" align=\"left\" hspace=\"5\" vspace=\"5\" /> <img src=\"../../../../ex_13_6.jpg\" alt=\"\" align=\"left\" hspace=\"5\" vspace=\"5\" /> <img src=\"../../../../ex_13_7.jpg\" alt=\"\" align=\"left\" hspace=\"5\" vspace=\"5\" /> <img src=\"../../../../ex_13_8.jpg\" alt=\"\" align=\"left\" hspace=\"5\" vspace=\"5\" /></p>','5200 руб. (€ 130)','0','0'),(14,'Караваджо в Риме','0','0','0','0','<p>С индивидуальным гидом по Риму Вы посетите достопримечательности города, где расположены шедевры великого итальянского живописца Караваджо, основоположника реалистического направления в европейской живописи XVII века, автора исключительных религиозных композиций. Посещение церквей Cан - Агостино, Cан - Луиджи - деи - Франчези, Санта - Мария - дель - Пополо.</p>','<p>Эту двухчасовую экскурсию мы с вами посвятим великому <strong>Караваджо</strong>. И в начале нашей экскурсии мы отправимся на <strong>площадь Пополо</strong>, где посетим <strong>церковь Санта-Мария-дель-Пополо</strong>. К созданию этой церкви приложили свои руки художники Караччи, Пинтуриккьо и Рафаэль, а также архитекторы Сансовино, Браманте и Бернини. Сюда же и вложил свое творение <strong>Караваджо</strong> &ndash; полотна <strong>&ldquo;Распятие апостола Петра&rdquo;</strong> и <strong>&ldquo;Обращение Савла&rdquo;</strong>, которые находятся в капелле Черази слева от главного алтаря.</p>\r\n<p><img src=\"../../../../Santa_Mariya_deli_Popolo.jpg\" alt=\"\" align=\"left\" hspace=\"5\" vspace=\"5\" /><a>Санта-Мария-дель-Пополо</a></p>\r\n<p>Затем я проведу вас к <strong>церкви Сан-Луиджи-деи-Франчези</strong>, где вы сможете увидеть такие шедевры <strong>Караваджо</strong>, как: <strong>&ldquo;Обращение Матфея&rdquo;, &ldquo;Апостол Матфей с ангелом&rdquo;</strong> и <strong>&ldquo;Мучение Матфея&rdquo;</strong>.</p>\r\n<p><img src=\"../../../../San_Luidzhi_dei_Franchezi.jpg\" alt=\"\" align=\"left\" hspace=\"5\" vspace=\"5\" /><a>Сан-Луиджи-деи-Франчези</a></p>\r\n<p>Далее мы направимся в <strong>церковь Сант-Агостино</strong>, чтобы посмотреть на еще одно творения великого художника &ndash; <strong>&ldquo;Мадонна пилигримов&rdquo;</strong>, которое он рисовал сидя в тюрьме.</p>\r\n<p><img src=\"../../../../San_Agostino.jpg\" alt=\"\" align=\"left\" hspace=\"5\" vspace=\"5\" /><a>Сан-Агостино</a></p>\r\n<p>&nbsp;</p>\r\n<p>Продолжительность: 2, 5 часа</p>\r\n<p><strong>Стоимость:&nbsp;</strong></p>\r\n<p><strong></strong><strong>1 - 3 человек - 110 евро 4 - 7 человек - 150 евро</strong></p>\r\n<p><strong><br /></strong></p>\r\n<p><strong><br /></strong></p>\r\n<p><img src=\"../../../../ex_14_1.jpg\" alt=\"\" align=\"left\" hspace=\"5\" vspace=\"5\" /> <img src=\"../../../../ex_14_2.jpg\" alt=\"\" align=\"left\" hspace=\"5\" vspace=\"5\" /> <img src=\"../../../../ex_14_3.jpg\" alt=\"\" align=\"left\" hspace=\"5\" vspace=\"5\" /> <img src=\"../../../../ex_14_4.jpg\" alt=\"\" align=\"left\" hspace=\"5\" vspace=\"5\" /> <img src=\"../../../../ex_14_5.jpg\" alt=\"\" align=\"left\" hspace=\"5\" vspace=\"5\" /> <img src=\"../../../../ex_14_6.jpg\" alt=\"\" align=\"left\" hspace=\"5\" vspace=\"5\" /> <img src=\"../../../../ex_14_7.jpg\" alt=\"\" align=\"left\" hspace=\"5\" vspace=\"5\" /></p>','4400 руб. (€ 110)','0','0'),(15,'Галерея Боргезе','0','0','0','0','<p>В течении этого тура русскоговорящий гид познакомит Вас с уникальной коллекцией искусства, cобранной кардиналом Шипионе Боргезе - племянником папы Павла V, вступившим на престол в 1605 году. Мы увидим коллекцию античных мраморов, скульптуры Бернини, выполненные по личному заказу кардинала, работы Рафаэля, Караваджо, Доменикино, Рубенса, Тициана, Kранаха, а также многих других тосканских, римских и венецианских художников XVI - XVII веков.</p>','<p>Экскурсия начинается у самой галереи Боргезе. Продолжительность - 2 часа. При посещении в период с марта по октябрь необходима резервация входных билетов за 2 - 4 дня до экскурсии. На первом этаже расположены наиболее выдающиеся скульптуры многих авторов, а также шедевры живописи Караваджо. Мы увидим знаменитые мраморные произведения Бернини: \"Похищение Прозерпины\", \"Аполлон и Дафна\", \"Давид с пращой\", cкульптуру Антонио Кановы \"Паолина Бонапарте в обличии Венеры\", работы Караваджо: \"Мадонна Палафреньери\", \"Давид с головой Голиафа\", \"Маленький Вакх\", \"Юноша с корзиной фруктов\" и многое другое. Остальная живопись сосредоточена на втором этаже: \"Любовь земная и небесная\" Тициана, Рафаэль \"Положение во гроб\", Доменикино \"Охота Дианы\", Рубенс \"Пьета\", а также фламандские и голландские мастера. После экскурсии мы прогуляемся по живописному парку Боргезе-большому ландшафтному парку в английском стиле.</p>\r\n<p>Cтоимость:&nbsp;</p>\r\n<p>1- 3 человек - 100 евро</p>\r\n<p>4 - 6 человек - 130 евро</p>\r\n<p><img src=\"../../../../ex_15_1.jpg\" alt=\"\" align=\"left\" hspace=\"5\" vspace=\"5\" /> <img src=\"../../../../ex_15_2.jpg\" alt=\"\" align=\"left\" hspace=\"5\" vspace=\"5\" /> <img src=\"../../../../ex_15_3.jpg\" alt=\"\" align=\"left\" hspace=\"5\" vspace=\"5\" /> <img src=\"../../../../ex_15_4.jpg\" alt=\"\" align=\"left\" hspace=\"5\" vspace=\"5\" /> <img src=\"../../../../ex_15_5.jpg\" alt=\"\" align=\"left\" hspace=\"5\" vspace=\"5\" /> <img src=\"../../../../ex_15_6.jpg\" alt=\"\" align=\"left\" hspace=\"5\" vspace=\"5\" /> <img src=\"../../../../ex_15_7.jpg\" alt=\"\" align=\"left\" hspace=\"5\" vspace=\"5\" /> <img src=\"../../../../ex_15_8.jpg\" alt=\"\" align=\"left\" hspace=\"5\" vspace=\"5\" /></p>','4000 руб. (€ 100)','0','0'),(16,'Капитолийские музеи','0','0','0','0','Экскурсия проводится русскоязычным индивидуальным гидом по одному из самых известных в Риме музеев, cпециализирующихся на скульптуре. Собрание было основано папой Сикстом IV в 1471 году. Это была первая в мире музейная коллекция, открытая для публики. Музеи расположены на Капитолийской площади - великолепном ансамбле архитектуры, созданный Микеланджело.','Капитолийские музеи располагаются в зданиях на Капитолийской площади: в Новом дворце, во дворце Консерваторов и Табулариуме. В Новом дворце (Palazzo Nuovo) находятся: коллекция древнеримской скульптуры (в частности портреты императоров Древнего Рима), статуи Венеры Капитолийской, Раненой амазонки, Амура и Психеи, Отдыхающего сатира (римская копия с оригинала Праксителя). Во дворце Консерваторов (Palazzo Conservatori) находятся знаменитые скульптуры: Капитолийская волчица (5 в. до н.э.), мальчик, вынимающий занозу, голова и рука колоссальной статуи императора Константина, статуи Венеры Эсквилинской, Геркулеса и Марсия. Кроме этого в этом дворце находится коллекция греческих ваз и Капитолийская пинакотека, в собрание которой входят произведения Тициана, Тинторетто, Гвидо Рени, Караваджо, Рубенса, Веронезе.   Продолжительность - 2 часа Стоимость - 45 евро на человека Минимум - 3 человека\r\n<img src=\"/ex_16_1.jpg\" align=\"left\" vspace=\"5\" hspace=\"5\"/>\r\n<img src=\"/ex_16_2.jpg\" align=\"left\" vspace=\"5\" hspace=\"5\"/>\r\n<img src=\"/ex_16_3.jpg\" align=\"left\" vspace=\"5\" hspace=\"5\"/>\r\n<img src=\"/ex_16_4.jpg\" align=\"left\" vspace=\"5\" hspace=\"5\"/>\r\n<img src=\"/ex_16_5.jpg\" align=\"left\" vspace=\"5\" hspace=\"5\"/>\r\n<img src=\"/ex_16_6.jpg\" align=\"left\" vspace=\"5\" hspace=\"5\"/>','6078 руб. (€ 140)','0','0'),(17,'Галереи живописи в Риме','0','0','0','0','Во время этой экскурсии с индивидуальным гидом по Риму Вы посетите музеи города, специализирующиеся на живописи: Дворец Барберини, галерея Дория - Панфили, галерея Корсини, галерея Спада.','Экскурсия начинается от площади Барберини.   Во дворце Барберини размещается Национальная галерея античного искусства.  В собрании: знаменитая \"Форнарина\" Рафаэля, полотна Фра Анджелико, Помаранчо, Бронзино, Корреджо, Гвидо Рени, Пуссена, Ван Дейка, Брейгеля, Караваджо, Тинторетто, Тициана, Гольбейна и др.   На улице Корсо расположен большой, растянувшийся на квартал дворец Дориа-Памфили. Дориа - известное княжеское семейство из Генуи, члены которого были и кондотьерами, и адмиралами, и дожами республики. Но прославились они тем, что отказались финансировать экспедицию Колумба. В 1671 г. Андреа Дориа женился на Анне Памфили - последней представительнице другого знатного семейства  и получил в приданое этот дворец. Ныне в нем размещается Картинная галерея.  В собрании музея работы Тициана, Лотто, Караваджо. В целом коллекция ничуть не уступает более \"раскрученной\" коллекции виллы Боргезе.   Во дворце Корсини разместилась Национальная галерея старинного искусства, известная как Галерея Корсини. В экспозиции полотна Рубенса, Ван Дейка, Мурильо, Караваджо, Гвидо Рени, а также работы Беато Анжелико.  Главный фасад дворца Спада и элегантный внутренний дворик с грандиозными статуями в нишах - работы знаменитого Борромини. Архитектор, друживший с одним из кардиналов Спада, создал в библиотеке знаменитую перспективу-обманку. Сквозь застекленные двери в левой стороне дворика видны зал библиотеки и, как кажется, уходящая вдаль длинная галерея, в конце которой установлена статуя Марса. На самом деле расстояние от дверей до статуи составляет 7 м, а высота статуи всего 60 см. Ныне в залах дворца размещается Галерея Спада. В ее коллекции полотна Рубенса, Дюрера, Тициана, Гвидо Рени, А. дель Сарто, Дж. Ланфранко   Длительность - 3,5 часа   Стоимость:   1 - 3 человека - 170 евро 4 - 7 человек - 200 евро 7 - 10 человек - 270 евро \r\n<img src=\"/ex_17_1.jpg\" align=\"left\" vspace=\"5\" hspace=\"5\"/>\r\n<img src=\"/ex_17_2.jpg\" align=\"left\" vspace=\"5\" hspace=\"5\"/>\r\n<img src=\"/ex_17_3.jpg\" align=\"left\" vspace=\"5\" hspace=\"5\"/>\r\n<img src=\"/ex_17_4.jpg\" align=\"left\" vspace=\"5\" hspace=\"5\"/>\r\n<img src=\"/ex_17_5.jpg\" align=\"left\" vspace=\"5\" hspace=\"5\"/>','7381 руб. (€ 170)','0','0'),(18,'Галереи скульптуры в Риме','0','0','0','0','Во время этой экскурсии с индивидуальным гидом по Риму Вы посетите музеи города, специализирующиеся на скульптуре: дворец Массимо, дворец Альтемпс, музей Баракко, музей Рима.','Характеристика тура:   Здание дворца Массимо распологается на месте, где ранее была вилла Перетти, построенная папой Сикстом V и принадлежащая семье Массимо. На первом этаже находятся скульптуры, созданные в период от 2 века до н.э. по 2 век н.э. Это основной период в истории древнего Рима, к которому относятся создание Империи и завоевания большой средиземноморской территории. На третьем этаже дворца выставлено декоративное исскуство. Самую значительную часть музея представляют фрески, найденные в Риме и Лацио, а также в Помпеях. Античные египетские мозаики, пейзажи с бегемотами и крокодилами выглядят очень живописно. Отдельно распологаются тематические залы «Мореплавание» и «Портреты имперского периода». Гордостью музея являются изящные росписи из виллы Юлии — дочери императора Августа, выданной замуж за Агриппу. В музее также находится подземная обеденная комната из дома Ливии - супруги Августа. Согласно моде того времени, стены были целиком расписаны таким образом, чтобы казалось, будто дело происходит в саду.   Дворец Альтемпс распологается на территории, где в древности находились цеха по обработке мрамора и, как предполагается, недалеко от храма Аполлона. После приобретения здания Главным Археологическим Управлением Рима было решено превратить его в часть Национального римского музея. В музее находятся несколько известных коллекций живописи и скульптуры, среди которых коллекция Бонкомпаньи Людовизи. Эта коллекция  включает в себя скульптуру XVI века, собранную кардиналом Людовизи, который с 1621 года собирал ее у себя на вилле, расположенной на холме Квиринал, и которая доходила до 450 скульптур. На участке, где построили Квиринальский дворец, обнаружили остатки виллы Цезаря, перешедшей затем к Саллюстию.  Жемчужиной коллекции является «Трон Людовизи» — резное мраморное кресло V века до н.э. (греческий подлинник) с изображением Афродиты, выходящей из морской пены.   В Музее Баракко находится коллекция, принадлежавшая барону Джованни Баракко, включающая в себя египетские, греческие, ассирийско-вавилонские и римские предметы искусства. В основании здания находятся остатки строения позднего периода римской империи. Ядром собрания музея является коллекция античных скульптур. При музее имеются открытые для посещения библиотеки Баракко и Поллака, располагающие ценными собраниями документов и книг.   Музей Рима располагается во дворце Браски, возведенном для племянников Папы Пия V. В коллекции музея находится более 40 тысяч произведений искусства, включая скульптуры, картины, мраморные изделия и мозаики, иллюстрирующие историю города со средних веков до 1870 года.   Продолжительность - 3,5 часа   Стоисмость:   1 - 3 человека - 170 евро 4  - 7 человек - 200 евро 7 - 10 человек - 270 евро\r\n<img src=\"/ex_18_1.jpg\" align=\"left\" vspace=\"5\" hspace=\"5\"/>\r\n<img src=\"/ex_18_2.jpg\" align=\"left\" vspace=\"5\" hspace=\"5\"/>\r\n<img src=\"/ex_18_3.jpg\" align=\"left\" vspace=\"5\" hspace=\"5\"/>\r\n<img src=\"/ex_18_4.jpg\" align=\"left\" vspace=\"5\" hspace=\"5\"/>\r\n<img src=\"/ex_18_5.jpg\" align=\"left\" vspace=\"5\" hspace=\"5\"/>\r\n<img src=\"/ex_18_6.jpg\" align=\"left\" vspace=\"5\" hspace=\"5\"/>','7381 руб. (€ 170)','0','0'),(19,'Тиволи - вилла Адриана, вилла д\' Эсте, Грегорианская вилла.','0','0','0','0','<p>Посещение древнего города Тиволи, расположенного в регионе Лацио, на предгорьях Аппенин, в 24 км от Рима и его великолепных дворцов и развалин, находящихся посреди живописной природы. Русскоговорящий гид познакомит Вас с уникальными археологическими раскопками виллы императора Адриана, великолепные сады и фонтаны на вилле д\' Эсте - памятники всемирного наследия Юнеско, а также виллу Грегориана, построенную на берегу реки Аньене, где cреди скал и обрывов находится уникальный водопад.</p>','<p>Отправление от Вашей гостиницы. Время в пути от Рима до Тиволи - 45 минут. В древности Тиволи назывался Тибуром и соединялся с Римом дорогой Via Tiburina - древней римской консульской дорогой. По преданию, Тибур был основан за одно поколение до Троянской войны двумя сыновьями или внуками Амфиарая - Катиллом и Корасом и в честь их брата Тибурта получил своё наименование. По другому преданию, он был основан сикулами или сиканами, затем перешёл во власть пелазгов и, наконец, подчинился латинянам. При господстве последних Тибур достиг значительной степени могущества как один из крупных городов Латинского союза и позднее, благодаря живописному положению, сделался одним из любимых и модных местечек в Италии. Тибур славился, между прочим, глиняными изделиями, фруктами, оливковым маслом, смоквами, каменоломнями, в которых добывался травертин, использованный для которым облицовки Колизея. Здесь существовал культ Геркулеса. В XVI веке город принадлежал дому д&rsquo;Эсте. В 1549 году кардинал Ипполито д&rsquo;Эсте построил виллу, которая представляет собою один из великолепнейших садов эпохи Возрождения и наряду с виллой Адриана является памятником Всемирного наследия ЮНЕСКО. Сначала мы посетим Виллу Адриана, которую император Публий Гелий Адриан построил в 118-134 гг. н.э. Это гармоничное сплетение природы и руин, расположенных на территории в 300 гектаров, на 120 гектарах которых мы побываем. Мы увидим здания терм, палестр, перистилей, вестибюлей, библиотек, крытые галлереи, экседры, веранды, нинфеи. Особый интерес представляет \"Морской театр\"- cобственые апартаменты Адриана и элегантная Канопа. Вилла д\'Эсте была построена кардиналом Ипполитом д\'Эсте - сыном знаменитой Лукреции Борджа и Альфонса д\'Эсте. В 1550 году Ипполит д\'Эсте был назначен губернатором Тиволи. Для постройки вилы он выбрал \"Валле Гауденте\"- отрадную долину, расположенную среди виноградников и оливковых рощ, где и были разбиты уникальные итальянский сад-фонтаны, гротты, пруды и террасы. Этот парк являлся прообразом для создателей парков Версаля и Петродворца. Вилла Грегориана была заложена на диких берегах реки Аньене и на обрывистых склонах горы Катилло. В 1835 году папа Григорий XVI создал туннель внутри горы Катилло, в результате чего воды реки Аньене по подземным галереям были направлены в огромный водопад высотой в 120 метров. С террасы под названием Подкова мы сможем полюбоваться на эту громадную массу воды. В центральном парке виллы мы увидим грот Нептуна, грот Сирен, остатки древнего моста Валерио и виллу Манлио Вописко, построенную в 114 году до н.э. и принадлежавшую римскому консулу. а также храм Весты. Продолжительность экскурсии - 5 - 6 часов, c возможной остановкой на обед.</p>\r\n<p>Cтоимость включая транспорт: 1 - 3 человека - 330 евро 4 - 7 человек - 380 евро&nbsp;</p>\r\n<p><img src=\"../../../../ex_19_1.jpg\" alt=\"\" align=\"left\" hspace=\"5\" vspace=\"5\" /> <img src=\"../../../../ex_19_2.jpg\" alt=\"\" align=\"left\" hspace=\"5\" vspace=\"5\" /> <img src=\"../../../../ex_19_3.jpg\" alt=\"\" align=\"left\" hspace=\"5\" vspace=\"5\" /> <img src=\"../../../../ex_19_4.jpg\" alt=\"\" align=\"left\" hspace=\"5\" vspace=\"5\" /> <img src=\"../../../../ex_19_5.jpg\" alt=\"\" align=\"left\" hspace=\"5\" vspace=\"5\" /> <img src=\"../../../../ex_19_6.jpg\" alt=\"\" align=\"left\" hspace=\"5\" vspace=\"5\" /> <img src=\"../../../../ex_19_7.jpg\" alt=\"\" align=\"left\" hspace=\"5\" vspace=\"5\" /> <img src=\"../../../../ex_19_8.jpg\" alt=\"\" align=\"left\" hspace=\"5\" vspace=\"5\" /> <img src=\"../../../../ex_19_9.jpg\" alt=\"\" align=\"left\" hspace=\"5\" vspace=\"5\" /></p>','13200 руб. (€ 330)','0','0'),(20,'Озеро Браччано и Замок Орсини - Одескальки','0','0','0','0','Посещение живописной местности в пригороде Рима, на озере Браччано. Это крупнейшее озеро вулканического происхождения в регионе Лацио, на берегу которого расположен средневековый замок Орсини - Одескальки, построенный князьями из дома Орсини в XIII веке. На этой индивидуальной экскурсии Вы увидите уникальные интерьеры и узнаете о секретах, легендах и традициях средневековья.','Это экскурсия на машине. Продолжительность - 3 часа.   В 30 км. к северо-западу от Рима расположен город Браччано с населением 15,5 тыс. жителей. На берегу озера стоит прекрасно сохранившийся Замок Орсини-Одескальки, построенный в XIII веке князьями из дома Орсини и расширенный ими же на заре эпохи Возрождения. В 1481 г. в замке нашёл убежище от свирепствовавшей в Риме чумы папа Сикст IV, а 16 лет спустя он выдержал осаду папских войск во главе с Джованни Борджа — сыном папы Александра VI. В 1558 г. Паоло Джордано Орсини по случаю своего брака с дочерью Козимо Медичи получил титул герцога Браччанского. О его расточительности и распутстве ходили легенды, нашедшие воплощение в пьесе Джона Вебстера «Белая дьяволица» (1612). В XVII веке резиденция герцогов пришла в запустение и в 1696 г. была продана племяннику папы Иннокентия XI — князю Одескальки, во владении потомков которого она остаётся по сей день. В 2006 г. в замке состоялась свадьба Тома Круза и Кэти Холмс.    Cтоимость:   1 - 3 человека - 165 евро 4 - 6  человек - 265 евро. + транспорт 185 евро\r\n<img src=\"/ex_20_1.jpg\" align=\"left\" vspace=\"5\" hspace=\"5\"/>\r\n<img src=\"/ex_20_2.jpg\" align=\"left\" vspace=\"5\" hspace=\"5\"/>\r\n<img src=\"/ex_20_3.jpg\" align=\"left\" vspace=\"5\" hspace=\"5\"/>\r\n<img src=\"/ex_20_4.jpg\" align=\"left\" vspace=\"5\" hspace=\"5\"/>\r\n<img src=\"/ex_20_5.jpg\" align=\"left\" vspace=\"5\" hspace=\"5\"/>','7164 руб. (€ 165)','0','0'),(21,'Замки Рима - гастрономический тур','0','0','0','0','<p>С индивидуальным гидом по Риму Вы посетите города на юго - востоке от города - Кастельгандольфо, Фраскати, Аричья и Неми, которые объединены в региональный парк. Кроме художественных и исторических красот мы насладимся необыкновенной природой - цветущими летом и зимой цветами и деревьями, таинственным блеском озера Неми, где обитают щуки, утки и цапли, а также продегустируем шедевры местных виртуозов пищевой индустрии: жареную свинину из Аричьи, клубнику из района озера Неми и вина региона Лацио</p>','<p>Это экскурсия на машине. Продолжительность - 4 часа. Кастельгандольфо, расположенный на вулканическом озере - это резиденция Римского папы. Дворец понтифика является главной достопримечательностью этого городка. Cледуя легенде, на этой территории был античный город Альбалонга, основанный потомками Энея. Именно здесь скрывался святая святых античных латинян - храм Весты, огонь которого был привезен троянцами и оставался неугасаемым в течении многих веков. В республиканскую эпоху территория этого края распределялась между виллами знати. Замок семейства Гандольфи существовал здесь уже в XII веке. В XVI веке он был продан Апостольской палате а через 10 лет стал собственностью Священного престола. С античных времен Фраскати носил имя Тускулум, что свидетельствует о пребывании здесь этрусков, называвших себя тусками. Телегон - сын Одиссея и Цирцеи заложил стены крепости в IX веке до н.э. В эпохи республиканского правления и римской империи этот город предпочтитали римские патриции, построившие здесь чудесные виллы. Например, вилла Альдобрандини находится в том месте, где в античную эпоху возвышалась вилла Октавиев. Затем она принадлежала в разное время аристократическим семьям Бонкомпаньи, Альдобрандини, Панфили, Боргезе и была оформлена знаменитыми архитекторами барокко - Джакомо делла Порта, Карло Мадерно и Джовании Фонтана. Основание городка Аричья относится к XIV веку до н.э. Многочисленные остатки свидетельствуют о том, что город размещался внутри раковины вулканического кратера долины Аричья. В императорскую эпоху эта территория представляла достаточно большой город с храмами, термами, площадями и общественными зданими. После периода варварских набегов с X по XVII века город переходил из рук в руки дюков, графов и Святого Престола. При Александре VII архитектор Бернини создал Собор Вознесения и площадь перед дворцом Киджи. В Аричьи мы остановимся в местном ресторанчике на обед. Затем мы направимся к городку Неми, который был прославлен в римские времена из-за храма Дианы - цели паломничества римлян и жителей дальних городов. Сакральный характер эта территория имела во весь римский период, сохраняя нетронутыми непроходимые лесные чащи внутренних лесных склонов древнего вулкана. Мы насладимся необыкновенными видами этого вулканического озера. В июле в Неми проходит клубничный фестиваль - парадные шествия местных жителей в оригинальных костюмах.</p>\r\n<p><strong>Cтоимость:</strong></p>\r\n<p>1 - 3 человека - 330 евро</p>\r\n<p>4 - 7 человек - 370 евро</p>\r\n<p><img src=\"../../../../ex_21_1.jpg\" alt=\"\" align=\"left\" hspace=\"5\" vspace=\"5\" /> <img src=\"../../../../ex_21_2.jpg\" alt=\"\" align=\"left\" hspace=\"5\" vspace=\"5\" /> <img src=\"../../../../ex_21_3.jpg\" alt=\"\" align=\"left\" hspace=\"5\" vspace=\"5\" /> <img src=\"../../../../ex_21_4.jpg\" alt=\"\" align=\"left\" hspace=\"5\" vspace=\"5\" /> <img src=\"../../../../ex_21_5.jpg\" alt=\"\" align=\"left\" hspace=\"5\" vspace=\"5\" /> <img src=\"../../../../ex_21_6.jpg\" alt=\"\" align=\"left\" hspace=\"5\" vspace=\"5\" /></p>','13200 руб. (€ 330)','0','0'),(22,'Рим для детей','0','0','0','0','<p>Посещение увлекательных мест отдыха и развлечений для детей расположенных в Риме и пригородах. Тур возможен со взрослыми или только для детей в сопровождении гида</p>','<p>Длительность тура зависит от выбранных Вами мест для посещения. При выезде в пригород арендуется транспорт - 50 евро в час. Rainbow MagicLand Via della Pace, loc. Pascolano Valmontone (30 километров от Рима) 10.00- 18.00 Июль - август 10.00 - 23.00 вход для взрослых- 35 евро вход для детей - 28 евро Это огромный лунапарк расположенный на территории в 600 000 m2 на которых находятся около 35 видов каруселей и развлечений. Также есть Pixie Village - место для самых маленьких. Maison Houdini - это удивительный подземный город для больших и маленьких посетителей. Esplora Via Flaminia, 82, Roma вход в музей в 10.00, 12.00, 15.00, 17.00 закрыт в понедельник Вход - 7 евро Это музей - город для детей Giardino Zoologico di Roma - Зоопарк Piazzale del Giardino Zoologico, 1. Villa Borgese 9.30 - 18.00 вход для детей - 10,50 евро, вход для взрослых - 12,50 евро Просторный зоопарк расположенный в живописном месте Рима -Вилла Боргезе удивит Вас разнообразием видов животных, рептилий, рыб и птиц Technotown Via Lazzaro Spallanzani, 1 10.00 - 18.00 Вход - 6 евро Закрыт в понедельник Музей интересен детям с 10 до 17 лет интересующимися новыми технологиями 3 D Rewind Rome Via capo d\'Africa 5 9.00 - 19.00 Взрослый билет - 15 евро, детский билет - 8 евро Фильм 3 D и 5 D- увлекательное погружение в историю античного Рима. Почувствуйте себя римлянином! Аквапарки: Aquapiper Via Maremmana Inferiore Km 29,300 00012 Guidonia (RM) - 20 километров от Рима Открыт с 15 мая по 15 сентября 09.00 - 19.30 Взрослый билет - 16 евро, дети - 10 евро, дети до 10 лет вход бесплатный Aquafelix Via Terme di Traiano Localit&agrave; Casale Altavilla 00053 Civitavecchia Nord (Roma) Автострада А 12 Рим - Чивитавекья, выезд Чивитавекья Норд, via Terme di Traiano Открыт с 12 июня по 5 сентября 10.00 - 18.30 Взрослый билет - 20 евро, детский билет - 17,50 евро Fontevivola Parco Acquatico Fontevivola - SS 2 Cassia km.50 - Fontevivola Огромный комплект отдыха для детей и родителей открыт с 10 июня до 10 сентября Вход - 20 евро</p>','8052 руб. (€ 190)','0','0');
/*!40000 ALTER TABLE `books_excursion` ENABLE KEYS */;
UNLOCK TABLES;

--
-- Table structure for table `books_flights`
--

DROP TABLE IF EXISTS `books_flights`;
/*!40101 SET @saved_cs_client     = @@character_set_client */;
/*!40101 SET character_set_client = utf8 */;
CREATE TABLE `books_flights` (
  `id` int(11) NOT NULL AUTO_INCREMENT,
  `title` varchar(200) COLLATE utf8_unicode_ci NOT NULL,
  `text` longtext COLLATE utf8_unicode_ci NOT NULL,
  `image` varchar(100) COLLATE utf8_unicode_ci DEFAULT NULL,
  PRIMARY KEY (`id`)
) ENGINE=MyISAM AUTO_INCREMENT=2 DEFAULT CHARSET=utf8 COLLATE=utf8_unicode_ci;
/*!40101 SET character_set_client = @saved_cs_client */;

--
-- Dumping data for table `books_flights`
--

LOCK TABLES `books_flights` WRITE;
/*!40000 ALTER TABLE `books_flights` DISABLE KEYS */;
INSERT INTO `books_flights` VALUES (1,'Авиапрелет в Рим (Италия). Заказ авиабилета до Рима.','<div>&nbsp;</div>\r\n<div>Заказ Вашего авиабилета в любой авиакомпании.</div>\r\n<div>&nbsp;</div>\r\n<div>Cтоимость авиабилета Санкт-Петербург/Москва-Рим:</div>\r\n<div>&nbsp;</div>\r\n<div>Alitalia: от 270 до 650 евро</div>\r\n<div><a href=\"http://www.alitalia.com\">www.alitalia.com</a></div>\r\n<div>&nbsp;</div>\r\n<div>Lufthansa: от 270 до 700 евро</div>\r\n<div><a href=\"http://www.lufthansa.com\">www.lufthansa.com</a></div>\r\n<div>&nbsp;</div>\r\n<div>Air France: от 270 до 600 евро</div>\r\n<div><a href=\"http://www.airfrance.com\">www.airfrance.com</a></div>\r\n<div>&nbsp;</div>\r\n<div>Пулково: от 270 до 400 евро</div>\r\n<div><a href=\"http://www.pulkovo.ru\">www.pulkovo.ru</a></div>\r\n<div>&nbsp;</div>\r\n<div>Aeroflot: от 270 до 600 евро</div>\r\n<div><a href=\"http://www.aeroflot.ru\">www.aeroflot.ru</a></div>\r\n<div>&nbsp;</div>\r\n<div>Blue1 (из Хельсинки)-от 150 до 300 евро</div>\r\n<div><a href=\"http://www.blue1.com\">www.blue1.com</a></div>\r\n<div>&nbsp;</div>\r\n<div>Cледите за&nbsp;специальными предложениями на сайтах:</div>\r\n<div>&nbsp;</div>\r\n<div><span class=\"f\"><cite><span style=\"color: #0e774a;\"><a href=\"http://www.aviasales.ru\">www.aviasales.ru</a></span></cite></span></div>\r\n<div>&nbsp;</div>\r\n<div><span class=\"f\"><cite><span style=\"color: #0e774a;\"><span class=\"f\"><cite><a href=\"http://www.tripadvisor.ru\">www.tripadvisor.ru</a></cite></span></span></cite></span></div>\r\n<div>&nbsp;</div>\r\n<div><cite><a href=\"http://www.skyexpress.ru\">www.skyexpress.ru</a></cite></div>','images/avia2.jpg');
/*!40000 ALTER TABLE `books_flights` ENABLE KEYS */;
UNLOCK TABLES;

--
-- Table structure for table `books_fotos`
--

DROP TABLE IF EXISTS `books_fotos`;
/*!40101 SET @saved_cs_client     = @@character_set_client */;
/*!40101 SET character_set_client = utf8 */;
CREATE TABLE `books_fotos` (
  `id` int(11) NOT NULL AUTO_INCREMENT,
  `title` varchar(200) COLLATE utf8_unicode_ci NOT NULL,
  `text` longtext COLLATE utf8_unicode_ci NOT NULL,
  `image` varchar(100) COLLATE utf8_unicode_ci DEFAULT NULL,
  `date` date NOT NULL,
  PRIMARY KEY (`id`)
) ENGINE=MyISAM AUTO_INCREMENT=7 DEFAULT CHARSET=utf8 COLLATE=utf8_unicode_ci;
/*!40101 SET character_set_client = @saved_cs_client */;

--
-- Dumping data for table `books_fotos`
--

LOCK TABLES `books_fotos` WRITE;
/*!40000 ALTER TABLE `books_fotos` DISABLE KEYS */;
INSERT INTO `books_fotos` VALUES (1,'у Колизея','Я рядом с Колизеем во время одной из экскурсий','images/colosseo1_2.jpg','2011-11-08'),(2,'Собор Святого Петра','во время экскурсии в Ватикане на фоне его крупнейшего сооружения - Собора Святого Петра','images/S_Pietro1.jpg','2011-11-08'),(3,'Каноп в Тиволи','во время одной из экскурсий в Вилле Адриана в Тиволи. Позади нас Каноп.','images/Tivoli1.jpg','2011-11-08'),(4,'в Тиволи','продолжение','images/Tivoli2.jpg','2011-11-08'),(5,'в Тиволи','Вилла Адриана. Островная вилла.','images/Tivoli3.jpg','2011-11-08'),(6,'Тиволи','Каноп','images/Tivoli4.jpg','2011-11-08');
/*!40000 ALTER TABLE `books_fotos` ENABLE KEYS */;
UNLOCK TABLES;

--
-- Table structure for table `books_hotels`
--

DROP TABLE IF EXISTS `books_hotels`;
/*!40101 SET @saved_cs_client     = @@character_set_client */;
/*!40101 SET character_set_client = utf8 */;
CREATE TABLE `books_hotels` (
  `id` int(11) NOT NULL AUTO_INCREMENT,
  `title` varchar(200) COLLATE utf8_unicode_ci NOT NULL,
  `text` longtext COLLATE utf8_unicode_ci NOT NULL,
  `image` varchar(100) COLLATE utf8_unicode_ci DEFAULT NULL,
  PRIMARY KEY (`id`)
) ENGINE=MyISAM AUTO_INCREMENT=2 DEFAULT CHARSET=utf8 COLLATE=utf8_unicode_ci;
/*!40101 SET character_set_client = @saved_cs_client */;

--
-- Dumping data for table `books_hotels`
--

LOCK TABLES `books_hotels` WRITE;
/*!40000 ALTER TABLE `books_hotels` DISABLE KEYS */;
INSERT INTO `books_hotels` VALUES (1,'Бронирование отелей в Риме.','<p>Вы можете забронировать отель любой категории. Ниже указаны стоимости отелей в зависимости от сезона</p>\r\n<p>Стоимость отелей 5*-от 500 евро до 250 евро за ночь</p>\r\n<p>Стоимость отелей 4*-от 300 евро до 200 евро за ночь</p>\r\n<p>Стоимость отелей 3 *-от 200 евро до 150 евро за ночь</p>\r\n<p>Стоимость мини отелей и апартаментов- от 150 евро до 80 евро за ночь</p>\r\n<p>Разгар туристического сезона: c 1 Марта по 30 Октября</p>\r\n<div>На основе бронирования отеля Вы можете получить визу в консульстве Италии</div>\r\n<div>&nbsp;</div>\r\n<div>&nbsp;</div>\r\n<div>Рекомендуемые отели 5*:</div>\r\n<div>&nbsp;</div>\r\n<div>The Westin Excelsior</div>\r\n<div>Via Veneto, 125</div>\r\n<div><a href=\"http://www.excelsior.hotelinroma.com\">www.excelsior.hotelinroma.com</a></div>\r\n<div>&nbsp;</div>\r\n<div align=\"justify\">Отель Вестин Эксельсиор в Риме имеет репутацию фантастического прекрасного места. В отеле есть ресторан Doney, для здоровья путешественников - персональные тренировки с тренером в клубе здоровья, а также массаж шиацу. Отель недавно полностью реконструирован. <span lang=\"RU\">Отель расположен </span><span lang=\"IT\">близко к Пьяцца ди Spagna и Вилле Боргезе</span><span lang=\"EN\">,</span><span lang=\"IT\"> на одной из самых известных улиц столицы - на знаменитой via Veneto </span></div>\r\n<div align=\"justify\">&nbsp;</div>\r\n<div align=\"justify\"><span lang=\"IT\">Majestic Roma </span></div>\r\n<div>Via Vittorio Veneto, 50</div>\r\n<div><a href=\"http://www.hotelmajestic.com\">www.hotelmajestic.com</a></div>\r\n<div>&nbsp;</div>\r\n<div>Один из лучших отелей на знаменитой улице Виа Венето. Отель был открыт в 1889 году по соседству с роскошным Roисторическим зданием \"Виллы Людовичи\". Расположен на улице Венето,в центре Рима. В 3 мин. пешком от Виллы Боргезе, Площади Испании, лестницы \"Тринита дей Монти\", а также улицы Кондотти с элегантными магазинами.</div>\r\n<div>&nbsp;</div>\r\n<div>Splendid Royal</div>\r\n<div>Via di Porta Pinciana, 14</div>\r\n<div><a href=\"http://www.splendidroyal.com\">www.splendidroyal.com</a></div>\r\n<div>&nbsp;</div>\r\n<div>Отель-бутик расположен в прекрасном историческом здании, которое было построено в 1880 году. В начале 21 века отель &nbsp;открыт после полной реставрации. Отель SPLENDIDE&nbsp;ROYAL расположен в престижном районе между Via Veneto и церковью Trinita&nbsp;dei&nbsp;Monti, над историческим центром Рима с великолепным видом на зеленые сады Вилла Borghese.&nbsp;В отеле роскошные холлы и гостиные с камином, антикварной мебелью, ниспадающими драпировками и подлиниками предметов итальянского искусства. Мозаичный мраморный пол, многогранные люстры, зеркала и зеленые растения создают в холле оригинальную и неповторимую атмосферу, подчеркивая особый шарм и респектабельность отеля.<br />Ресторан&nbsp; Mirabelle награжден звездами Мишлен за изысканную атмосферу и отличные блюда.</div>\r\n<div>&nbsp;</div>\r\n<div>Rome Cavalieri Hilton</div>\r\n<div>Via Cadlolo,101</div>\r\n<div><a href=\"http://www.romecavalieri.com\">www.romecavalieri.com</a></div>\r\n<div>&nbsp;</div>\r\n<p>Отель расположен в нескольких минутах езды от площади Пьяцца ди Спанья и улицы фешенебельных магазинов Виа Кондотти. В 35 километрах от международного аэропорта Фьюмичино. Отель стоит посреди живописного частного парка на вершине холма Монте Марио, откуда открывается великолепная панорама Рима. В парке расположился открытый бассейн олимпийского размера</p>\r\n<div>&nbsp;</div>\r\n<div>Parco dei Principi</div>\r\n<div>Via Frescobalsi,5</div>\r\n<div><a href=\"http://www.parcodeiprincipi.com\">www.parcodeiprincipi.com</a></div>\r\n<div>&nbsp;</div>\r\n<p>Отель расположен в историческом центре Рима в парке Вилла Боргезе, в 10 минутах ходьбы от Виа Венето. Недавно отреставрирован, а ресторан отеля \"Паулина Боргезе\" признан лучшим гостиничным рестораном Рима.</p>\r\n<div>&nbsp;</div>\r\n<div>Aldrovani Palace Hotel</div>\r\n<div>Via Ulisse Aldrovandi, 15</div>\r\n<div><a href=\"http://www.aldrovandi.com\">www.aldrovandi.com</a></div>\r\n<div>&nbsp;</div>\r\n<p>Отель расположен в одном из самых престижных районов Рима в глубине садов Вилла Боргезе рядом с Вилла Джулия и Галереей Боргезе, Aldrovandi Palace находится всего в нескольких шагах от Испанской лестницы и Виа Венето. Собственный парк, открытый бассейн и ресторан с панорамными окнами в сад делают отель настоящим оазисом покоя и комфорта в самом центре шумного Рима. Престижный Aldrovandi Palace, управляемый в лучших традициях семейного отельного бизнеса, был полностью обновлен в 2004 году</p>\r\n<div>&nbsp;</div>\r\n<div>Hotel de Russie</div>\r\n<div>Via del Babuino, 9</div>\r\n<div><a href=\"http://www.hotelderussie.it\">www.hotelderussie.it</a></div>\r\n<div>&nbsp;</div>\r\n<div>Отель, расположенный в историческом центре Рима, у Пьяцца дель Попполо и Испанской лестницы, поражает своим великолепием. Отель De Russie &ndash; излюбленное место отдыха русской аристократии в начале прошлого века - сохранил неповторимую атмосферу тихого оазиса среди несмолкающего шума Вечного города. Отель De Russie являет собой прекрасное сочетание стиля и высокопрофессионального обслуживания гостей, присущее пятизвездочной коллекции сэра Rocco Forte.</div>\r\n<div>&nbsp;</div>\r\n<div>Hassler Roma</div>\r\n<div>Piazza della Trinita dei Monti,6</div>\r\n<div><a href=\"http://www.hotelhasslerroma.com\">www.hotelhasslerroma.com</a></div>\r\n<div>&nbsp;</div>\r\n<div>Это&nbsp;уникальный отель, основанный в 1885 г. и считающийся одним из лучших отелей мира, превосходящий многие первоклассные отели роскошными интерьерами, богатой коллекцией живописи и антикварной мебели, а также своим блестящим расположением на площади Trinita dei Monti на вершине знаменитой Испанской лестницы. Это самое сердце города, откуда открывается неповторимый вид на сады Borghese и панорама Рима.</div>\r\n<div>&nbsp;</div>\r\n<div>Рекомендуемые отели 4*:</div>\r\n<div>&nbsp;</div>\r\n<div>Hotel Imperiale</div>\r\n<div>Via Vittorio Veneto, 24</div>\r\n<div><a href=\"http://www.hotelimperialeroma.it\">www.hotelimperialeroma.it</a></div>\r\n<div>&nbsp;</div>\r\n<div>Это элегантный и гостеприимный отель, построенный в конце 1800-х годов, расположившийся в пятиэтажном здании с грациозным фасадом в стиле XIX столетия, являющимся частью исторической архитектуры Рима, на знаменитой улице Via Veneto, на которой великий Феллини в 1960 году снимал свой шедевр киноискусства \"Сладкая жизнь\". Недавно отреставрированный отель Imperiale считается одним из лучших в Риме благодаря теплой атмосфере, изящных декораций, роскошному интерьеру и качественному сервису.</div>\r\n<div>&nbsp;</div>\r\n<div>Ludovisi Palace</div>\r\n<div>Via Ludovisi,43</div>\r\n<div><a href=\"http://www.ludovisipalacehotel.com\">www.ludovisipalacehotel.com</a></div>\r\n<div>&nbsp;</div>\r\n<div>Отель расположен на улице Лудовизи, рядом со знаменитой улицей Венето (Via Veneto). На расстоянии пешей прогулки - Вилла Боргезе, Площадь Испании (Piazza di Spagna), Тринита дей Монти (Piazza Trinita dei Monti) и красивые сады Виллы Borghese.Отель располагает 57 комфортабельными номерами со всеми удобствами.&nbsp; Номера оформлены с изяществом и вкусом: покрывала и гобелены в голубых тонах прекрасно сочетаются со светло-бежевой мебелью. Во всех комнатах английские ковры и велюровые занавески. Ванные с отделкой мрамором, оборудованы феном, телефоном и нагревателем полотенца.</div>\r\n<div>&nbsp;</div>\r\n<div>Hotel Сicerone</div>\r\n<div>Via Cicerone, 55/c</div>\r\n<div><a href=\"http://www.hotelciceronerome.com\">www.hotelciceronerome.com</a></div>\r\n<div>&nbsp;</div>\r\n<div>Отель Cicerone&nbsp;расположен в одном из самых престижных районов Рима, в нескольких шагах от площади del Popolo, площади Navona и Ватикана. Отель Cicerone предлагает для комфортабельного размещения 287 стандартных номера, 5 - Superior и 10 Suites. Все номера недавно модернизированы, оснащены необходимой техникой и удобствами для комфортабельного проживания. Просторные комнаты оформлены современно и стильно - с декором в приятных тона, удобной мебелью и декоративными элементами. В номерах категории Suites есть изолированные гостиная и спальня.&nbsp;</div>\r\n<div>&nbsp;</div>\r\n<div>Visconti Palace</div>\r\n<div>Via Federico Cesi, 37</div>\r\n<div><a href=\"http://www.viscontipalace.com\">www.viscontipalace.com</a></div>\r\n<div>&nbsp;</div>\r\n<div>Здание отеля расположено на правом берегу реки Тибр между Пьяцца дель Пополо, Пьяцца ди Спанья, Пьяцца Навона и Ватиканом. Отель находится в нескольких шагах от&nbsp;площади Испании и собора св.Петра.&nbsp;&nbsp;В отеле VISCONTI&nbsp;PALACE 247 номеров, включая 13 апартаментов. Современные интерьеры, яркие цвета тканей, деревянные панели и абстрактные рисунки на стенах - отличительные черты номеров отеля. Номера небольшие, но очень уютные и чистые. Они оснащены необходимой техникой и удобствами, в том числе рабочим столом и доступом в Интернет.</div>\r\n<div>&nbsp;</div>\r\n<div>White Hotel</div>\r\n<div>Via in Arcione, 77</div>\r\n<div><a href=\"http://www.whitehotel.com\">www.whitehotel.com</a></div>\r\n<div>&nbsp;</div>\r\n<div>Отель разместился в здании постройки 19 века, в самом центре Рима. Отель расположен в 100 м от фонтана Треви и площади Испании. Он распахнул свои двери для приема первых гостей в 1993 году, и&nbsp; с тех пор несколько раз обновлялся, становясь более современным. Небольшой вестибюль со стойкой приема из светлого мрамора соединен с роскошной гостиной с ярким оформлением. Здесь размещается небольшой Cigar&nbsp;Bar, предлагающий гостям разнообразные напитки и снеки, а также великолепный выбор сигар и табака. По вечерам здесь звучит фортепьянная музыка, и гости отеля собираются для общения и отдыха.</div>\r\n<div>&nbsp;</div>\r\n<div>Hotel Savoy</div>\r\n<div>Via Ludovisi, 15</div>\r\n<div><a href=\"http://www.savoy.it\">www.savoy.it</a></div>\r\n<div>&nbsp;</div>\r\n<div>Отель имеет прекрасное местоположение, рядом легендарной Виа Венето в центре города, нескольких минутах ходьбы от Испанской лестницы, Садов Виллы Боргезе. Рядом находятся торговые улицы.</div>\r\n<div>Каждый из 132 номеров отеля SAVOY отвечает современным требованиям к комфорту и техническому оснащению. Комнаты оформлены в классическом стиле с необходимым набором удобств. Большие кровати. Изящная мебель, приятный свет и декор в спокойных тонах создают уют и способствуют релаксации. Для безопасности номера оснащены детекторами дыма и электронными замками.</div>\r\n<div>&nbsp;</div>\r\n<div>Hotel Commodore</div>\r\n<div>Via Torino, 1</div>\r\n<div><a href=\"http://www.hotelcommodore.com\">www.hotelcommodore.com</a></div>\r\n<div>&nbsp;</div>\r\n<div>Отель расположен в центре Рима, рядом с Оперой и Базиликой Св. Марии&nbsp;Маджоре. Только 400 метров отделяет его от железнодорожной станции, что удобно для путешествия по городу и к аэровокзалу.&nbsp;&nbsp;Этот отель-комфортабельный и тихий. Его интерьеры оформлены в классическом итальянском стиле.</div>\r\n<div>&nbsp;</div>\r\n<div>Grand Hotel Hermitage</div>\r\n<div>Via E. Vajna, 12/18</div>\r\n<div><a href=\"http://www.grandhotelhermitageroma.it\">www.grandhotelhermitageroma.it</a>&nbsp;</div>\r\n<div>&nbsp;</div>\r\n<div>Отель расположен в районе Parioli - одном из самых элегантных в городе, что делает его привлекательным для бизнесменов и туристов. Просторный вестибюль отделан мрамором, благородного шоколадного оттенка. Здесь находится небольшой бар, где можно заказать напитки и коктейли. Гости могут начать день с завтрака, который сервируют по утрам в специально оборудованном зале. Также его можно заказать в номер. Достопримечательностью отеля является сад на крыше с панорамным видом на город.</div>\r\n<div>&nbsp;</div>\r\n<div>Stendhal</div>\r\n<div>Via del Tritone, 113</div>\r\n<div><a href=\"http://www.hotelstendhalrome.com\">www.hotelstendhalrome.com</a></div>\r\n<div>&nbsp;</div>\r\n<div>Отель расположен в центре Рима, недалеко от Spanish Steps,&nbsp; Piazza Barberini и Фонтана Треви. Немного в стороне от отеля находится Via Condotti, известная своими бутиками и ресторанами.&nbsp;&nbsp;Отель предлагает своим гостям очаровательную и изысканную обстановку, дизайн его&nbsp; интерьеров дает ощущение шика и роскоши.</div>\r\n<div><br />&nbsp;</div>\r\n<p>Рекомендуемые отели 3*:</p>\r\n<div>&nbsp;</div>\r\n<div>Accademia</div>\r\n<div>Piazza Accademia di San Luca, 74</div>\r\n<div><a href=\"http://www.accademiahotel.com\">www.accademiahotel.com</a></div>\r\n<div>&nbsp;</div>\r\n<div>Отель расположен в центре города, в 100 метрах от фонтана Треви и площади Испании. Поблизости от отеля, на улицах Кондотти и Венето, множество престижных магазинов. На расстоянии небольшой прогулки находятся такие достопримечательности как Pantheon, Дворец Quirinale, Площадь Navona, Colosseo</div>\r\n<div>&nbsp;</div>\r\n<div>Diplomatic</div>\r\n<div>Via Vittoria Colonna, 28</div>\r\n<div><a href=\"http://www.hoteldiplomatic.it\">www.hoteldiplomatic.it</a></div>\r\n<div>&nbsp;</div>\r\n<div>Здание отеля&nbsp; построено в начале 1890 годов в стиле Umbertino. В 2001 году здесь проведены масштабная реконструкция и обновление с целью предоставить лучший комфорт и сервис гостям. Отель &nbsp;расположен между Spanish&nbsp;Steps&nbsp;и Ватиканом с его знаменитой Базиликой Святого Петра. Недалеко находятся Фонтан Треви, Пантеон и Piazza&nbsp;Navona.</div>\r\n<div>&nbsp;</div>\r\n<div>Caprice</div>\r\n<div>Via Liguria, 38</div>\r\n<div><a href=\"http://www.hotelcaprice.com\">www.hotelcaprice.com</a></div>\r\n<div>&nbsp;</div>\r\n<div>Отель&nbsp;расположен в&nbsp;традиционном итальянском палаццо, типичной для Рима архитектуры. Здание отеля построено в 1800 году. Его полная реконструкция проведена в начале 21 века, благодаря чему отель, сохраняя традиции, стал более совершенным. <br />Отель&nbsp; расположен в 30 метрах от Via Veneto, одной из самых элегантных улиц магазинов и бутиков в центре Рима. Вокруг также множество ресторанов и популярных клубов.<br /><br />Priscilla</div>\r\n<div>Via Calabria, 17</div>\r\n<div><a href=\"http://www.hotelpriscillarome.com\">www.hotelpriscillarome.com</a></div>\r\n<div>&nbsp;</div>\r\n<div>Отель расположен в здании 19 века, отлично вписывающимся в окружающий облик района. Отель расположен в делов и торговом районе города, в&nbsp;непосредственной близости от Via Veneto. Номера не большие.</div>\r\n<div>&nbsp;</div>\r\n<div>Viminale</div>\r\n<div>Via C. Balbo, 31</div>\r\n<div><a href=\"http://www.viminale.hotelinrome.com\">www.viminale.hotelinrome.com</a></div>\r\n<div>&nbsp;</div>\r\n<div>Отель расположен в историческом центре Рима, рядом с собором Санта Мария Маджоре, Колизеем, Императорскими Форумами, Фонтаном&nbsp;Trevi, Spanish&nbsp;Steps.&nbsp;&nbsp;Комфортабельный отель предлагает гостям приятную и спокойную атмосферу в историческом центре Рима. Отель расположен в пятиэтажном здании, на крыше которого есть большая терраса, украшенная разнообразными цветами. Здесь гости могут отдыхать в шезлонгах, наслаждаясь прекрасным видом на Древний город.</div>\r\n<div>&nbsp;</div>\r\n<div>Quattro Fontane</div>\r\n<div>Via delle Quattro Fontane 149/A</div>\r\n<div><a href=\"http://www.hotel4fontane.com\">www.hotel4fontane.com</a></div>\r\n<div>&nbsp;</div>\r\n<div>Отель расположен в историческом здании постойки 1800-го года,&nbsp;в 5 минутах ходьбы от площади Барберини и фонтана Треви. Здание отеля было полностью отремонтировано и сейчас соответсвует всем необходимым стандартам. Здесть гости&nbsp;найдут настоящий кофорт в окружении истории и современности. <br /><br />Рекомендуемые мини отели/Bed and Breakfast:</div>\r\n<div>&nbsp;</div>\r\n<div>H2000Roma</div>\r\n<div>Via delle Quattro Fontane, 16</div>\r\n<div><a href=\"http://www.h2000roma.it\">www.h2000roma.it</a></div>\r\n<div>&nbsp;</div>\r\n<div>\r\n<div id=\"summary\">\r\n<p>Отель H 2000 Roma, расположенный в здании XIX века, находится всего в 2 минутах ходьбы от фонтана Треви, в самом сердце Рима.&nbsp;Рядом находится эксклюзивный район Испанских Ступеней с дизайнерскими магазинами и элегантной улицей Виа Венето. Остановки общественного транспорта, включая станции метро, находятся всего в нескольких шагах. Благодаря удобному расположению отеля H2000, вы сможете легко осмотреть город. Номера отеля H2000 номера очень просторные и оснащены современным оборудованием, а в некоторых есть даже ванны-джакузи и стереосистемы. В отеле предоставляется доступ в Интернет.</p>\r\n</div>\r\n</div>\r\n<div>&nbsp;</div>\r\n<div>Orlanda</div>\r\n<div>Via Principe Amedeo, 76</div>\r\n<div><a href=\"http://www.hotelorlanda.com\">www.hotelorlanda.com</a></div>\r\n<div>&nbsp;</div>\r\n<div>Небольшой отель ORLANDA удобно расположен в центре Рима, вблизи железнодорожной станции Termini и основных достопримечательностей Рима. Стиль отеля &ndash; традиционный с современным комфортом в соответствии с классом отеля.</div>\r\n<div>&nbsp;</div>\r\n<div>&nbsp;</div>\r\n<div>B&amp;B Trevi Rome</div>\r\n<div>Via&nbsp;del Lavatore, 83<br /><a href=\"http://www.hotelromeresidenzatrevi.com\">www.hotelromeresidenzatrevi.com</a></div>\r\n<div>&nbsp;</div>\r\n<div>Этот мини отель был открыт в 2006 году. Он удобно расположен в самом историчесском сердце Рима, в пяти минутах ходьбы от фонтана Треви, Пантеона, площади Испании, Площади Венеции.</div>\r\n<div>&nbsp;</div>\r\n<div>&nbsp;</div>\r\n<div>Fellini B&amp;B</div>\r\n<div>Via Rasella, 55</div>\r\n<div><a href=\"http://www.fellinibnb.com\">www.fellinibnb.com</a></div>\r\n<div>&nbsp;</div>\r\n<div>Проведите Ваши \"Римские каникwулы\" в этом уютном мини отеле. Вы пешком дойдете до всех достопримечательностей знаменитой Феллиниевской \"Сладкой жизни\"-фонтан Треви и элегантной улицы Венето.</div>\r\n<div>&nbsp;</div>\r\n<div>&nbsp;</div>\r\n<div>B&amp;B Vaticanstpeter</div>\r\n<div>Via Gregorio VII,90</div>\r\n<div><a href=\"http://www.bbvaticanstpeter.com\">www.bbvaticanstpeter.com</a></div>\r\n<div>&nbsp;</div>\r\n<div>Это мини отель из 3 комнат, расположен вблизи Ватикана и замка св. Ангела</div>','images/hotel2.jpg');
/*!40000 ALTER TABLE `books_hotels` ENABLE KEYS */;
UNLOCK TABLES;

--
-- Table structure for table `books_note`
--

DROP TABLE IF EXISTS `books_note`;
/*!40101 SET @saved_cs_client     = @@character_set_client */;
/*!40101 SET character_set_client = utf8 */;
CREATE TABLE `books_note` (
  `id` int(11) NOT NULL AUTO_INCREMENT,
  `title` varchar(200) COLLATE utf8_unicode_ci NOT NULL,
  `text` longtext COLLATE utf8_unicode_ci NOT NULL,
  `date` date NOT NULL,
  `image` varchar(100) COLLATE utf8_unicode_ci DEFAULT NULL,
  PRIMARY KEY (`id`)
) ENGINE=MyISAM AUTO_INCREMENT=18 DEFAULT CHARSET=utf8 COLLATE=utf8_unicode_ci;
/*!40101 SET character_set_client = @saved_cs_client */;

--
-- Dumping data for table `books_note`
--

LOCK TABLES `books_note` WRITE;
/*!40000 ALTER TABLE `books_note` DISABLE KEYS */;
INSERT INTO `books_note` VALUES (2,'Выставки в Риме','Выставка художника XVI века - Тинторетто - великого мастера возрождения\r\n\r\n25 Февраля - 10 Июня - Scuderie del Quirinale ( Папские конюшни) - via XXIV Maggio 16\r\n\r\nВходной билет - 14  euro','2012-04-13','images/Tintoretto.jpg'),(3,'Выставки в Риме','Выставка Русский Авангард до 2 Сентября - выставка в комплексе Ara Pacis - Малевич, Кандинский, Шагал, Родченко и другие\r\n\r\nВходной билет - 15 евро на человека ','2012-04-25','images/Malevich.jpg'),(5,'Cкидки на туры!','Специальное предложение!\r\n\r\nCкидки на экскурсии во вторник, среду и четверг\r\n\r\n10 % скидки на все экскурсии\r\n15 % скидки на весь транспорт','2012-03-20','images/skidka.jpg'),(6,'Тур по Флоренции - Медичи ','Это тематический тур во Флоренции.\r\n\r\nВ ходе экскурсии запланировано посещение резиденций - дворцов этой династии, которая на протяжении трех столетий правила Флоренцией. Также мы посетим фамильную церковь этой семьи \"Святого Лаврентия\" и Новой ризницы, где работал в качестве архитектора и скульптора Микеланджело...  Продолжительность экскурсии 4 часа. Cтоимость - 300 евро ( 1- 6 человек\r\n\r\n \r\n \r\n\r\n \r\n','2011-11-12','images/Florence.jpg'),(7,'Тур по Тоскане - Кьянти - Дорога вин','Это тур на машине на 8 часов. Посещение долины Кьянти - рая для гурманов. Вы увидите живописную природу региона и знаменитые пейзажи - ведь именно с тосканских холмов Леонардо да Винчи писал пейзаж для Моны Лизы. Мы будем останавливаться в средневековых городках Монтальчино и Монтепульчано. Вас ждут дегустации вин в винных погребах, сыров на ферме по производству козьего сыра где Вы сами сможете учавствовать в процессе производства.\r\n\r\nВ ходе тура запланирован обед в прекрасном семейном не туристическом ресторанчике, где Вы сможете попробовать например знаменитый бифштекс по - флорентийски.\r\n\r\nCтоимость тура на 2 - 7 человек - 890 евро за тур включая транспорт\r\n\r\n \r\n','2011-11-12','images/Toscana_1.jpg'),(8,'Экскурсии по Флоренции','Предлагаем обзорные и тематические экскурсии по Флоренции. Организация железнодорожных билетов из Рима и встречи с лицензированным гидом города','2011-11-12','images/Florence1.jpg'),(9,'Экскурсии по Венеции','Предлагаем обзорные и тематические экскурсии в Венецию. Организация железнодорожных билетов из Рима и встречи с лицензированным гидом города','2011-11-12','images/Venezia.jpg'),(10,'Экскурсии по Неаполю и Помпею','Предлагаем экскурсии по городу Неаполю и посещение археологических руин города Помпей.\r\n\r\nОрганизация железнодорожных билетов и встречи с лицензированным гидом города','2011-11-12','images/Napoli1.jpg'),(11,'Экскурсии по Милану. Шопинг','Предлагаем обзорные экскурсии по Милану. Шопинг в лучших магазинах города и аутлетах\r\nОрганизация железнодорожных билетов и встречи с лицензированным гидом города','2011-11-12','images/Milano.jpg'),(12,'Новости футбола','<p>Как известно футбол занимает важное место в жизни итальянцев! Если Вас тоже увлекает футбол то мы организуем для Вас билеты на стадион! Игры смотрят и по телевизору и на стадионе а с утра идет веселое, горячее и колоритное обсуждение результатов в барах за чашечкой кофе! Стадион в Риме - piazzale del Foro Italico</p>\r\n<p>Ближайщие игры - в сентябре!</p>','2012-03-20','images/Stadio.jpg'),(13,'Июнь - начало лета!','<p>Итак, наступило начало лета! К счастью в Риме еще не жара - около 25 - 28 градусов днем. Замечательно смотреть город также вечером - &nbsp;незабываемые виды заката солнца на Римских холмах</p>\r\n<p>В течении тура можно сделать и фруктовую паузу - на Campo de Fiori прямо при Вас делают фруктовые салаты - macedonia . Также свежевыжатые соки. Ну и конечно во время эксукрсии мы можем попробовать знаменитое итальянское Gelato - домашнее мороженое!!!</p>','2012-05-19','images/Fruit.jpg'),(17,'Выставки в Риме','В Риме в Викторианском Комплексе до 30 Июня  (Сomplesso Vittoriano, piazza Venezia) проходит выставка Сальвадора Дали - мастера сюрреализма\r\n\r\nВходной билет - 12 евро на человека','2012-04-13','images/Dali.jpg'),(16,'Отдых на Римских Термах','Великолепная возможность отдохнуть, расслабиться в СПА - центрах расположенных около Рима. Ведь еще древние Римляне отдыхали в термах - температурных банях с ванными, залами, комнатами отдыха\r\n\r\nТермальные ванны - это лечебные натуральные горячие источники богатые органическими компонентами бьет из под земли при температуре +58 градусов.\r\n\r\n Всего 1 час трансфера от города и Вы окажетесь с СПА - отеле в Витербо или Тиволи где предлагаются пакеты для отдыха на любой вкус и время пребывания\r\n\r\nCтандартный пакет на 1 день:\r\n\r\n70 евро на человека:\r\n\r\nОткрытый термальный бассейн\r\nСауна\r\nЭтрусский грот\r\nМассаж\r\n\r\nПакет на 2 дня включает завтрак, ужин и 1 ночь в отеле - от 150 до 200 евро на человека\r\n\r\nМы забронируем Вам отель и трансфер! Ваше дело - отдохнуть!','2012-03-22','images/Terme4.jpg'),(14,'Римские каникулы','<p>В Риме возможно арендовать скутер! Посетите Рим как герои фильма Римские каникулы!</p>\r\n<p>Информация по аренде:</p>\r\n<p>www.rentscooter.it - via della purificazione, 84</p>\r\n<p>www.scooterhire.it - via Cavour, 80</p>\r\n<p>Cтоимость 60 - 70 евро в день</p>','2012-04-13','images/Vacanze_romane.jpg'),(15,'Cезон спаржи','<p>Интересный и популярный в Риме овощь - спаржа. Вы можете пробовать пасту со спаржей, суп из спаржи или же отваренную спаржу с лимоном. Замечательный вкус ! По итальянски это звучит - asparagi.</p>\r\n<p>&nbsp;</p>','2012-03-20','images/Sparga.jpg');
/*!40000 ALTER TABLE `books_note` ENABLE KEYS */;
UNLOCK TABLES;

--
-- Table structure for table `books_olgainfo`
--

DROP TABLE IF EXISTS `books_olgainfo`;
/*!40101 SET @saved_cs_client     = @@character_set_client */;
/*!40101 SET character_set_client = utf8 */;
CREATE TABLE `books_olgainfo` (
  `id` int(11) NOT NULL AUTO_INCREMENT,
  `title` varchar(50) COLLATE utf8_unicode_ci NOT NULL,
  `hello_text` varchar(1000) COLLATE utf8_unicode_ci NOT NULL,
  `image` varchar(50) COLLATE utf8_unicode_ci NOT NULL,
  `image_title` varchar(200) COLLATE utf8_unicode_ci NOT NULL,
  `fon_image` varchar(50) COLLATE utf8_unicode_ci NOT NULL,
  PRIMARY KEY (`id`)
) ENGINE=MyISAM AUTO_INCREMENT=3 DEFAULT CHARSET=utf8 COLLATE=utf8_unicode_ci;
/*!40101 SET character_set_client = @saved_cs_client */;

--
-- Dumping data for table `books_olgainfo`
--

LOCK TABLES `books_olgainfo` WRITE;
/*!40000 ALTER TABLE `books_olgainfo` DISABLE KEYS */;
INSERT INTO `books_olgainfo` VALUES (1,'еее','1','1','1','1'),(2,'Cинхронный и последовательный перевод','Предлагаю услуги переводчика на деловые переговоры, семинары, конференции, обучения, праздники\r\n<br><br>\r\n<b>Опыт работы в Российских и международных организациях: </b>\r\n<ul>\r\n<li>Российские железные дороги РЖД, </li>\r\n<li>Московский государственный университет путей сообщеия МИТТ </li>\r\n<li>Итальянское телевидения RAI</li>\r\n<li>Государственный научно - производственный ракетно - космический центр \"ЦСКБ - Прогресс\"</li>\r\n<li>Фармацевтическая корпорация BioGaia\r\n</li>\r\n</ul>\r\n\r\n<b>Услуги перевода:</b>\r\n <ul>\r\n<li>синхронный перевод</li>\r\n<li>последовательный перевод</li>\r\n<li>письменный перевод на любые темы</li>\r\n</ul>\r\n \r\n<b>Языки перевода: </b>\r\n\r\n<ul>\r\n<li>русский</li>\r\n<li>итальянский</li> \r\n<li>английский</li>\r\n</ul> \r\n \r\n \r\n<b>Расценки:</b>\r\n<ul> \r\n<li><b>Последовательный перевод</b> - 60 евро в час</li>\r\n<li><b>Синхронный перевод</b> - 80 евро в час</li>\r\n<li><b>Письменный перевод</b> - в зависимости от сложности текста</li>\r\n</ul>','Переводчик','Переводик','Переводчик');
/*!40000 ALTER TABLE `books_olgainfo` ENABLE KEYS */;
UNLOCK TABLES;

--
-- Table structure for table `books_reccomendations`
--

DROP TABLE IF EXISTS `books_reccomendations`;
/*!40101 SET @saved_cs_client     = @@character_set_client */;
/*!40101 SET character_set_client = utf8 */;
CREATE TABLE `books_reccomendations` (
  `id` int(11) NOT NULL AUTO_INCREMENT,
  `name` varchar(100) COLLATE utf8_unicode_ci NOT NULL,
  `mail` varchar(100) COLLATE utf8_unicode_ci NOT NULL,
  `image` varchar(50) COLLATE utf8_unicode_ci NOT NULL,
  `text` longtext COLLATE utf8_unicode_ci NOT NULL,
  `date` date NOT NULL,
  PRIMARY KEY (`id`)
) ENGINE=MyISAM AUTO_INCREMENT=12 DEFAULT CHARSET=utf8 COLLATE=utf8_unicode_ci;
/*!40101 SET character_set_client = @saved_cs_client */;

--
-- Dumping data for table `books_reccomendations`
--

LOCK TABLES `books_reccomendations` WRITE;
/*!40000 ALTER TABLE `books_reccomendations` DISABLE KEYS */;
INSERT INTO `books_reccomendations` VALUES (1,'Андрей Комелин','0','0','Уважаемые коллеги, примите мой положительный отзыв об экскурсиях проведенных Ольгой Новиковой в Риме и его окрестностях. Нами были запланированы обзорная экскурсия по Вечному городу, великолепнейшую экскурсию в виллу Боргезе, а также озеро Браччано.  Рим до сих пор стоит, это не удивляет, огорчает лишь то, что не успели увидеть еще и еще очень много важных  интересных мест. Музей сестры Наполеона нужно увидеть каждому культурному индивиду, чтобы насладиться шедеврами архитектуры и живописи. Несмотря на дальнюю дорогу мы осмотрели знаменитый  замок на озере Браччано, а затем  искупались в озере. Спасибо большое за заботу, интересные и содержательные, беспроблемные экскурсии. Комелин Андрей, Йошкар-Ола, Россия.','2011-10-03'),(2,'Vera Litvak','0','0','Я долгие годы хранила мечту - поехать в Италию в Рим. В этом году моя мечта сбылась.\r\n\r\nВстретив Вас в качестве замечательного гида, Ватикан и Рим открылись передо мною \r\nво всем своем величии.\r\n\r\nБлагодаря Вам у меня остались очень приятные воспоминания об Италии. Мои фотографии, а их у меня \r\nоколо 3000, подтверждают это.\r\n\r\nОт всей души говорю Вам - большое СПАСИБО за Ваши познавательные и увлекательные экскурсии \r\nпо Ватикану и вечернему Риму.\r\n\r\nОбязательно буду рассказывать о Вас и Ваших экскурсиях  своим друзьям и знакомым, а также рекомендовать Вас, как гида.\r\n\r\nЖелаю Вам здоровья, успехов в Вашем благородном деле и удачи во всем!!!\r\n\r\nМоя сестра присоединяется к моим словам.\r\n\r\n\r\nВера.\r\nЧикаго, США','2011-10-06'),(4,'Irina Lutovinova','0','0','Мы прилетели в Рим впервые , нас было трое (нам по 50 лет и мама,ей 70 лет).\r\nПроехав самостоятельно по Риму с обзорной экскурсией мы поняли, что в Ватикане нам просто необходим русскоговорящий гид. Нам повезло. Мы встретили Ольгу, которая проводит экскурсии по Ватикану. Представив сколько мы будем стоять в очереди, мы с удовольствием воспользовались её услугами.Вся экскурсия стоила нам 45 евро на человека.Сюда входит входной билет, услуги гида на два с половиной часа, рация и самое главное это, то что мы смогли проити без очереди!!!\r\nНам очень понравилась организованная Ольгой экскурсия, поэтому заказали ей на следующий день  индивидуальный тур на машине по Риму.\r\nОльга нас вполне устроила,она очень профессиональный, грамотный и с чёткой организацией гид.\r\nЭкскурсия с Ольгой на машине помогла нам увидеть за три часа очень много достопримичательностей. Самостоятельно мы не смогли бы добраться так быстро и так много интересных и очень важных мест посмотреть.И что очень важно, тот объём информации, который мы за это время получили и конечно сэкономили время и силы.От души рекомендуем воспользоваться её услугами.\r\nС приветом из Риги! Ирина.','2011-10-10'),(5,'Российская Академия путей сообщения','glazkovvn@mail.ru','otziv.png','Уважаемые господа!\r\n\r\nРоссийская академия путей сообщения Московского государственного университета путей сообщения (МИИТ) выражает огромную благодарность переводчице Ольге Новиковой за ее профессионализм в работе на семинаре-обучении группы руководителей и специалистов Дирекции скоростного сообщения – филиала ОАО «Российские железные дороги» по программе: «Изучение опыта железных дорог Италии по вопросам высокоскоростного движения», состоявшейся в период с 28 ноября по 02 декабря 2011 года.\r\nВ семинаре участвовали представители Дирекции скоростного сообщения – филиала ОАО «Российские железные дороги» из Москвы, Санкт-Петербурга и Сочи и наши итальянские коллеги — представители итальянских железных дорог Ferrovie dello Stato Italiane из Рима, Болонии и Флоренции.\r\nТочный перевод и знание терминологии госпожи Новиковой помог нам не только познакомиться с теоретическими аспектами этой программы, но также и с практическими аспектами на железнодорожных участках и станциях разных городов Италии.\r\n\r\nЗаместитель директора Российской акдемии\r\nпутей сообщения МИИТ\r\nВ.Н. Глазков\r\n\r\n\r\n05 декабря 2011 года\r\n','2011-12-05'),(6,'Cергей Афанасьев','AfanasievSA@sit.su','0','Сергей Афанасьев \r\n\r\nВ октябре путешествовали с семьей по Италии и, выбрав в качестве гида-переводчика по Риму Ольгу Новикову, нисколько не пожалели. От экскурсии осталась масса положительных впечатлений- всего и не рассказать. В частности от Ольги получили большое количество интереснейшей информации, это очень приятный в общении человек. Хотелось бы сказать только огромное спасибо за проведенное с пользой время!\r\n\r\n\r\n \r\n \r\n','2011-12-27'),(7,'Cветлана Гришина','vitoldich88@yandex.ru','0','Хотелось бы поблагодарить Ольгу Новикову,нашего гида в Риме за интереснейшие экскурсии,которые она нам подарила.Она с любовью к этому удивительному городу открыла его для нас.Особенно впечатлила экскурсия \"Подземный Рим\".Мы были в Риме группой в шесть человек,среди нас были два подростка,которых трудно было чем-то увлечь и заинтересовать,но во время экскурсий даже они с увлечением осматривали объекты и слушали рассказы нашего гида.Спасибо большое! В следующий раз обязательно воспользуюсь услугами Ольги.\r\nГришина Светлана.Москва.Россия.\r\n','2012-01-13'),(8,'Елена Скоморохова','elena1902@gmail.com','0','Наша самостоятельная поездка в Рим сложилась достаточно спонтанно. Поэтому  экскурсии не были запланированы заранее. Но, попав в этот удивительный город, поняли, что без квалифицированного гида не обойтись.\r\nОперативно написала несколько писем на адреса гидов и одной из первых получила ответ от Ольги. Она быстро и четко описала возможные экскурсии, предложила свои профессиональные  услуги, провела замечательную экскурсию по ночному Риму. Все было сделано максимально оперативно, но в то же время очень подробно и доброжелательно. Много полезной и интересной информации, которую не найдешь в путеводителе.\r\nВ следующий наш приезд обязательно запланируем несколько экскурсий под ее руководством.\r\nБольшое спасибо!\r\nЕлена.\r\n','2012-01-18'),(10,'Васильева Лариса','lava-@list.ru','0','<p>Мы были с мужем в апреле в Риме. Благодарим гида Ольгу Новикову за великолепную организацию туров, трансферов и входных билетов в музеи без очереди!!! Все было на высоком профессиональном уровне!</p>','2012-05-18'),(11,'Александр Заец','zaec_a@mail.ru','0','<p>Наши Римские каникулы в марте 2012 года удались! Мы заранее оговорили наши тематические туры по городу - спасибо Ольге за четкость и быстроту в переписке. В Риме невозможно увидеть все. &nbsp;Однако за неделю нашего пребывания нашей семье удалось посмотреть практически весь город - благодаря оптимизму и энтузиазму гида Ольги. Даже на скутере покатались по вечному городу!</p>\r\n<p>&nbsp;</p>','2012-05-18');
/*!40000 ALTER TABLE `books_reccomendations` ENABLE KEYS */;
UNLOCK TABLES;

--
-- Table structure for table `books_restaurants`
--

DROP TABLE IF EXISTS `books_restaurants`;
/*!40101 SET @saved_cs_client     = @@character_set_client */;
/*!40101 SET character_set_client = utf8 */;
CREATE TABLE `books_restaurants` (
  `id` int(11) NOT NULL AUTO_INCREMENT,
  `title` varchar(200) COLLATE utf8_unicode_ci NOT NULL,
  `text` longtext COLLATE utf8_unicode_ci NOT NULL,
  `image` varchar(100) COLLATE utf8_unicode_ci DEFAULT NULL,
  PRIMARY KEY (`id`)
) ENGINE=MyISAM AUTO_INCREMENT=2 DEFAULT CHARSET=utf8 COLLATE=utf8_unicode_ci;
/*!40101 SET character_set_client = @saved_cs_client */;

--
-- Dumping data for table `books_restaurants`
--

LOCK TABLES `books_restaurants` WRITE;
/*!40000 ALTER TABLE `books_restaurants` DISABLE KEYS */;
INSERT INTO `books_restaurants` VALUES (1,'Рестораны','<div>В Риме огромные выбор ресторанов! Вы можете выбирать между пицерией, тратторией, рестораном или энотекой. Пицерии и рестораны работаютс 12.30 до 15.00 и с 19.30 до 22.30. Энотеки работают с 12.00 до поздего вечера.&nbsp;Некоторые рестораны закрыты в понедельник.</div>\r\n<div>&nbsp;</div>\r\n<div>Италия знаменита пастой -<strong> pasta</strong>. Это блюдо подается как первое блюдо после закуски. &nbsp;Существует столько разновидностей этого популярного блюда! С разнами соусами и разными видами сыров. Конечно же Италия знаменита винами! Очень популярно домашнее вино и другие разновидности, например Chianti, Montalcino, Montepulciano и другие. Вина севера Италии считаются наиболее благородными.</div>\r\n<div>&nbsp;</div>\r\n<div>Из&nbsp;безалкогольных напитков итальянцы предпочитают<strong> spremuta</strong> (свежевыжатый сок) и <strong>granita</strong> (лед с фруктовым сиропом)</div>\r\n<div>&nbsp;</div>\r\n<div>Из десертов популярны тирамису и сорбеты.</div>\r\n<div>&nbsp;</div>\r\n<div>В ресторанах принято оставлять чаевые. Сренний размер чаевых - 7% от суммы счета</div>\r\n<div>&nbsp;&nbsp;</div>\r\n<div>Очень важно! Курение запрещено в ресторанах! Штраф - 500 евро&nbsp;</div>\r\n<div>&nbsp;</div>\r\n<div style=\"vertical-align: top;\" align=\"center\">&nbsp;</div>\r\n<div style=\"vertical-align: top;\" align=\"center\"><span style=\"font-weight: bold;\">Рестораны в Риме</span></div>\r\n<div style=\"vertical-align: top;\" align=\"center\">&nbsp;</div>\r\n<div style=\"vertical-align: top;\" align=\"justify\"><span style=\"font-weight: bold;\">Ciao Bella </span>( Via Vittorio Veneto, 12 Roma)</div>\r\n<div style=\"vertical-align: top;\" align=\"justify\">Традиционная Римская кухня. Огромный выбор рыбных и мясных блюд, пицы и десертов. Эот уютный ресторан в центре Рима. Пользуется успехом у туристов. Средняя стоимость ужина или обеда - 37 евро на человека. Открыт каждый день. 12.30 - 15.00, 19.00 - 24.00. Необходимо бронировать столик</div>\r\n<div style=\"vertical-align: top;\" align=\"justify\"><a href=\"http://www.ciaobellaristorante.com\">www.ciaobellaristorante.com</a></div>\r\n<h4 style=\"vertical-align: top;\" align=\"justify\"><span style=\"font-weight: normal;\"><span style=\"font-weight: bold;\">Tuna Restaurant </span>(Via Veneto, 11) Тел. <span style=\"font-family: Times New Roman; font-weight: normal;\" dir=\"ltr\">+39 06 4201 6531&nbsp;</span></span>&nbsp;</h4>\r\n<p style=\"vertical-align: top;\" align=\"justify\"><span style=\"font-weight: normal;\"><span style=\"font-weight: normal;\">Это новый рыбный ресторан который был открыт в 2008 году. Любой вид свежей рыбы, морепродуктов, великолепный выбор вина и уникальных десертов. Средняя стоимость - 50 евро на человека. Необходима резервация</span><br /></span><a href=\"http://www.tunaroma.it\">www.tunaroma.it</a></p>\r\n<p style=\"vertical-align: top;\" align=\"justify\"><span style=\"font-weight: bold;\">Da Gianni al Cacio &amp; Pepe</span> (Via Avezzana, 11) Тел.+39 06 3217268&nbsp;</p>\r\n<p>Уютный семейный ресторан для истинно традиционнго итальянского ужина. Летом открыта терраса. Средняя стоимость ужина или обеда - 15 евро на человека (без вина). Открыт&nbsp;12.00 - 15.00, 18.30 - 23.00 c понедельника по пятницу. 12.00 - 15.00 - по субботам.&nbsp; Необходимо бронировать столик</p>\r\n<div style=\"vertical-align: top;\" align=\"justify\"><a href=\"http://www.magnabene.com\">www.magnabene.com</a></div>\r\n<div style=\"vertical-align: top;\" align=\"justify\">&nbsp;</div>\r\n<div style=\"vertical-align: top;\" align=\"justify\"><span style=\"font-weight: bold;\">Al Regno di Re Ferdinando</span> (Via di Monte Testaccio, 39) Тел. +39 06 5783725&nbsp;</div>\r\n<div style=\"vertical-align: top;\" align=\"justify\">Ресторан Неаполитанской кухни. Расположен в красивом квартале Рима - Testaccio. Предлагает широкий выбор блюд: polenta, pizzelle, arancini. Особые блюда: sartu di riso и gnocchi alla sorrentina. Великолепные выбор видов пицы и десертов. Хороший выбор вин. Средняя стоимость - 25 евро на человека. Открыт каждый день, 12.00 - 15.00, 19.00 - 00.30. Необходимо бронировать столик</div>\r\n<div style=\"vertical-align: top;\" align=\"justify\"><a href=\"http://www.magnabene.com\">www.magnabene.com</a></div>\r\n<div style=\"vertical-align: top;\" align=\"justify\"><br /><span style=\"font-weight: bold;\">La Bomboniera </span>(Via Albano, 9 Roma) Тел. +39 06 789707&nbsp;</div>\r\n<div style=\"vertical-align: top;\" align=\"justify\">Очень популярный уютный ресторанчик. Великолепнай выбор пасты, вин и десертов. Средняя стоимость - 15 евро на человека (без вина). Открыт 12.00 - 15.00, 19.00 - 23.00 с понедельника по субботу. Необходимо бронировать столик</div>\r\n<div style=\"vertical-align: top;\" align=\"justify\"><a href=\"http://www.2spaghi.it/roma/la-bomboniera\">www.2spaghi.it/roma/la-bomboniera</a></div>\r\n<div style=\"vertical-align: top;\" align=\"justify\">&nbsp;</div>\r\n<div><span style=\"font-weight: bold;\">Romolo Nel Giardino Dalla Fornarina </span>(<span dir=\"ltr\">Via di Porta Settimiana, 8) Тел. +39 06 581 8284 </span></div>\r\n<div><span dir=\"ltr\">Этот семейный ресторан расположен в центре квартала Trastevere - там вы почувтвуете себя римлянином. В ресторане есть уютный дворик - атриум&nbsp;- по легенде в этом жилом доме жила муза Рафаэля. Великолепный выбор пасты, рыбы, мяса и домашних десертов. Средняя стоимость - 35 евро на человека без вина</span></div>\r\n<div><a href=\"http://www.ristorantefornarina.it\">www.ristorantefornarina.it</a></div>\r\n<div style=\"vertical-align: top;\" align=\"justify\">&nbsp;</div>\r\n<div style=\"vertical-align: top;\" align=\"justify\"><span style=\"font-weight: bold;\">Il Convivio </span>(Via dei Soldati, 28) Тел. +39 06 68805950</div>\r\n<div style=\"vertical-align: top;\" align=\"justify\">Элегантная атмосфера для истинно итальянского ужина</div>\r\n<div style=\"vertical-align: top;\" align=\"justify\"><a href=\"http://www.ilconviviotroiani.com\">www.ilconviviotroiani.com</a></div>\r\n<div style=\"vertical-align: top;\" align=\"justify\">&nbsp;</div>\r\n<div style=\"vertical-align: top;\" align=\"justify\"><span style=\"font-weight: bold;\">Ristorante Il Caminetto</span> (Viale Dei Parioli, 89) Тел.+39&nbsp;06 8083946</div>\r\n<div style=\"vertical-align: top;\" align=\"justify\">Традиционная Римская кухня в самом элегантном квартале Рима - Париоли. Средняя стоимость - 40 евро на человека включа вино. Необходимо бронироват столик</div>\r\n<div style=\"vertical-align: top;\" align=\"justify\"><a href=\"http://www.caminettoroma.it\">www.caminettoroma.it</a></div>\r\n<div style=\"vertical-align: top;\" align=\"justify\">&nbsp;</div>\r\n<div style=\"vertical-align: top;\" align=\"justify\"><span style=\"font-weight: bold;\">La Pergola</span> (Via Cadlolo, 101) Тел: +39 06 35092055</div>\r\n<div style=\"vertical-align: top;\" align=\"justify\">Это ресторан мишелен. Расположен на последнем этаже отеля Cavaliari Hilton. Великолепный панорамный вид на Рим. Рыбные и мясные блюда.</div>\r\n<div style=\"vertical-align: top;\" align=\"justify\"><a href=\"http://www.romacavalieri.it\">www.romacavalieri.it</a></div>\r\n<div style=\"vertical-align: top;\" align=\"justify\">&nbsp;</div>\r\n<div style=\"vertical-align: top;\" align=\"justify\"><span style=\"font-weight: bold;\">La Rosetta</span> (Panteon area) via della rosetta, 8.&nbsp;Тел +39 06 6861002</div>\r\n<div style=\"vertical-align: top;\" align=\"justify\">Один из самых престижных ресторанов рыбной кухни</div>\r\n<div style=\"vertical-align: top;\" align=\"justify\"><a href=\"http://www.larosetta.com\" target=\"_blank\">www.larosetta.com</a></div>\r\n<div style=\"vertical-align: top;\" align=\"justify\">&nbsp;</div>\r\n<div><span style=\"font-weight: bold;\">La Margutta</span> ( Via Margutta, 118) Тел. +39 06 32650577</div>\r\n<div>Ресторан вегетарианской кухни в одной из самыз тихих улочек Рима недалеко от Испанской площади</div>\r\n<div><a href=\"http://www.ilmargutta.it\">www.ilmargutta.it</a></div>\r\n<div>&nbsp;</div>\r\n<div><span style=\"font-weight: bold;\">Sapore di Mare</span></div>\r\n<div>Via del Pie di Marmo, 36 Roma. Тел. 3392329358 - Giovanni</div>\r\n<div>Уникальный рыбный ресторан со всеми видами рыбы и морепродуктов - от устриц до лобстера! Уникальный выбор вин! Летом - открытый внутренний дворик</div>\r\n<div><a href=\"http://www.saporedimarearoma.it\">www.saporedimarearoma.it</a></div>\r\n<div>&nbsp;</div>\r\n<div><span style=\"font-weight: bold;\">Pierluigi Ristorante</span></div>\r\n<div>Piazza de Ricci, 144 Roma 06 6861302</div>\r\n<div>Ресторан традиционой итальянской кухни. Разнообразие рыбных блюд.</div>\r\n<div>&nbsp;</div>\r\n<p align=\"center\">&nbsp;<span style=\"font-weight: bold;\">Бары и рестораны с живой музыкой&nbsp;</span></p>\r\n<div align=\"center\">&nbsp;</div>\r\n<div><span style=\"font-weight: bold;\">Alexander Platz</span><br />Musica jazz&nbsp;<br />Via Ostia 9<br /><a href=\"http://www.alexanderplatz.it/\" target=\"new window\">alexanderplatz.it</a><br /><br /><span style=\"font-weight: bold;\">Alpheus<br /></span>Musica soul, rock&nbsp;<br />Via del Commercio 36&nbsp;<br /><a href=\"http://www.alpheus.it/\" target=\"new window\">alpheus.it </a><br /><br /><span style=\"font-weight: bold;\">Auditorium Parco della Musica</span> <br />Musica pop, soul, rock, d\'autore <br />Viale Pietro De Coubertin&nbsp;<br /><a href=\"http://www.auditorium.com/\" target=\"new window\">auditorium.com </a><br /><br /></div>\r\n<div align=\"left\"><span style=\"font-weight: bold;\">Big Mama</span><br />Blues, jazz, funky<br />Via S.Francesco a Ripa 18&nbsp;<br /><a href=\"http://www.bigmama.it/\" target=\"new window\">bigmama.it</a><br /><br /></div>\r\n<div align=\"left\"><span style=\"font-weight: bold;\">Charity Cafe</span><a name=\"#charitycaf&eacute;\"></a><br />jazz blues&nbsp;<br />Via Panisperna 68&nbsp;<br /><a href=\"http://www.charitycafe.it/\" target=\"new window\">charitycafe.it </a><br /><br /><span style=\"font-weight: bold;\">Circolo degli Artisti</span><a name=\"#circolodegliartisti\"></a><br />musica rock, fusion, indie, elettronica&nbsp;<br />Via Casilina Vecchia 42<br /><a href=\"http://www.circoloartisti.it/\" target=\"new window\">circoloartisti.it </a><br /><br /><span style=\"font-weight: bold;\">Fonclea</span><br />jazz, soul, funk, rock<br />Via Crescenzio 82a&nbsp;<br /><a href=\"http://www.fonclea.it/\" target=\"new window\">fonclea.it </a><br /><br /></div>\r\n<div style=\"vertical-align: top;\" align=\"justify\"><span style=\"font-weight: bold;\">Gregory\'s life Jazz and Diners Club</span><br />jazz tradizionale con dixieland, bebop, swing&nbsp;<br />Via Gregoriana 54d <br /><a href=\"http://www.gregorysjazzclub.com/\" target=\"new window\">gregoryjazzclub.com </a><br /><br /><span style=\"font-weight: bold;\">Stazione Birra</span><br />musica rock<br />Via Placanica 172. Morena Ciampino&nbsp;<br /><a href=\"http://www.stazionebirra.it/\" target=\"new window\">stazionebirra.it</a><br /><br /><span style=\"font-weight: bold;\">The Place <br /></span>musica jazz, blues, R\'n\'B <br />Via Alberico II 27&nbsp;<br /><a href=\"http://www.theplace.it/\">theplace.it</a></div>\r\n<div style=\"vertical-align: top;\" align=\"justify\">&nbsp;</div>','images/restaurants2-pasta-italiano.jpg');
/*!40000 ALTER TABLE `books_restaurants` ENABLE KEYS */;
UNLOCK TABLES;

--
-- Table structure for table `books_shops`
--

DROP TABLE IF EXISTS `books_shops`;
/*!40101 SET @saved_cs_client     = @@character_set_client */;
/*!40101 SET character_set_client = utf8 */;
CREATE TABLE `books_shops` (
  `id` int(11) NOT NULL AUTO_INCREMENT,
  `title` varchar(200) COLLATE utf8_unicode_ci NOT NULL,
  `text` longtext COLLATE utf8_unicode_ci NOT NULL,
  `image` varchar(50) COLLATE utf8_unicode_ci NOT NULL,
  PRIMARY KEY (`id`)
) ENGINE=MyISAM AUTO_INCREMENT=7 DEFAULT CHARSET=utf8 COLLATE=utf8_unicode_ci;
/*!40101 SET character_set_client = @saved_cs_client */;

--
-- Dumping data for table `books_shops`
--

LOCK TABLES `books_shops` WRITE;
/*!40000 ALTER TABLE `books_shops` DISABLE KEYS */;
INSERT INTO `books_shops` VALUES (1,'Распродажи в Риме','Сезон распродаж - \"Saldi\" длится в Риме с 10 июля до 1 сентября и c 7 января по 1 марта.  В это время ведущие модельеры значительно уменьшают цены на свои изделия. Более дешевая одежда продается в магазинах менее известных модельеров, распродается также обувь и аксессуары. Стоит обращать внимание на то, что на каждом уцененном товаре должна быть указана первоначальная цена. Тотальная распродажа - \"Liquidazioni\" обычно предполагает самые низкие цены, другие вывески в витринах, например \"Vendite promozionali\" - (рекламные цены) и \"Sconti\" - (скидки), часто помещаются лишь для того, чтобы заманить Вас в магазин. Вывеска на двери с надписью \"Entrata libera\" означает приблизительно \"Загляните просто так\".','saldi.jpg'),(2,'ВРЕМЯ РАБОТЫ МАГАЗИНОВ','Как правило, магазины открыты с 09:00 до 13:00 и с 15:30 до 19:30 (с 16:00 до 20:00 летом). В центре города некоторые магазины работают с 10:30 до 19:30. В воскресенье большинство магазинов закрыты (кроме воскресенья перед Рождеством). В августе жизнь в городе фактически замирает. Большинство магазинов закрывается как минимум на две недели до или после 15 августа, когда отмечается государственный праздник Ferragosto.   Бутики высокой моды Вы найдете в квартале Испанской площади-на улицах Via Condotti, Via Frattina, Via Borgognola, Via della Croce и все пересекающие их улочки и проулки. Также в Риме есть торговые улицы-Via del Corso, Via Nazionale, Via Cola di Rinzo. Большие универмаги-это La Rinascente, Сoin, Gallerea Alberto Sorgi','shops_times.jpg'),(3,'AУТЛЕТ \"CASTEL ROMANO\" !','Castel Romano полностью меняет традиционное представление, к которому Вы привыкли, посещая магазины. Здесь Вы найдете предметы одежды высшего качества от предыдущего сезона или избыточного производства самых престижных дизайнеров, по ценами со скидкой от 30% до 70% круглый год. В дали от шума города, Вы можете ходить по магазинам в полном расслаблении. Вы будете удивлены невероятными магазинами Оутлета, которые представлены самыми известными марками в одежде, спортивной одежде, домашних товарах и аксессуарах. И все это в одном месте!  Площадь аутлета порядка 25 000 м. кв. и более 113 бутиков самых известных торговых марок расположены под его крышей, таких как Asics, Bruno Magli, Calvin Klein, Diesel, Dolce&Gabbana, Eredi Pisan?, Ermenegildo Zegna, Etro, Fratelli Rossetti, Guess, Levi\'s – Dockers, Mandarina Duck, Nike, La Perla, O\'Neill, Pal Zileri, Pinko, Puma, Reebok, Roberto Cavalli, Salvatore Ferragamo, Valentino и многие другие.   На территории аутлета расположены также многочислен','0'),(4,'AУТЛЕТ \"VALMONTONE\"','Вальмонтоне расположен в 40 км от Рима. Это город-магазин, состоящий из 300 бутиков, среди которых GF Ferre, Baldinini, Boticelli, Gaudi, Cacharel, Pacherson, Miss Sixty, Rocco Barocco, Fellini, Pierre Cardin. Здесь продается одежда, обувь и галантерея итальянских и европейских марок, а также детские товары, сувениры, украшения, изделия из кожи, хрусталя и фарфора – и все как минимум в 2 раза дешевле, чем в одноименных бутиках в других городах.   Доехать можно на машине по автостраде A1 (Рим-Неаполь), съезд на Valmonte и дальше по круговому движению следовать указателям \"Outlet Fashion District\"','0'),(5,'TAX FREE','В любом магазине можно расплатиться наличными или кредитными картами, эмблемы которых значатся на дверях. Налог на добавленную стоимость (НДС) в Италии составляет 12% - на одежду, и более 30% - на дорогостоящие товары (меха или ювелирные изделия). Чаще всего цена в магазине уже включает в себя НДС, но выгоднее делать покупки в магазине с вывеской «Tax Free». Туристы из стран, не входящих в Европейское сообщество, делая покупки в магазинах, входящих в систему \"Tax Free\", могут расчитывать при выезде из страны на возврат суммы НДС в размере 15%.  Скидка распространяется на промышленные товары и алкогольные напитки и выплачивается при условии, что общая стоимость покупок, сделанных в одном мгазине в один и тот же день составляет не менее 155 евро.  При покупке продавец выпишет Вам чек и Вы получите пречитающуюся Вам сумму в аэропорту после прохождения паспортного контроля у стойки \"Тax Free Refund\"','tax_free.jpg');
/*!40000 ALTER TABLE `books_shops` ENABLE KEYS */;
UNLOCK TABLES;

--
-- Table structure for table `books_sitefooter`
--

DROP TABLE IF EXISTS `books_sitefooter`;
/*!40101 SET @saved_cs_client     = @@character_set_client */;
/*!40101 SET character_set_client = utf8 */;
CREATE TABLE `books_sitefooter` (
  `id` int(11) NOT NULL AUTO_INCREMENT,
  `text` longtext COLLATE utf8_unicode_ci NOT NULL,
  PRIMARY KEY (`id`)
) ENGINE=MyISAM AUTO_INCREMENT=2 DEFAULT CHARSET=utf8 COLLATE=utf8_unicode_ci;
/*!40101 SET character_set_client = @saved_cs_client */;

--
-- Dumping data for table `books_sitefooter`
--

LOCK TABLES `books_sitefooter` WRITE;
/*!40000 ALTER TABLE `books_sitefooter` DISABLE KEYS */;
INSERT INTO `books_sitefooter` VALUES (1,'© 2011 Гид по Риму, rim-gid.com. Все права защищены. Использование информации без ссылки на сайт запрещено.');
/*!40000 ALTER TABLE `books_sitefooter` ENABLE KEYS */;
UNLOCK TABLES;

--
-- Table structure for table `books_siteparam`
--

DROP TABLE IF EXISTS `books_siteparam`;
/*!40101 SET @saved_cs_client     = @@character_set_client */;
/*!40101 SET character_set_client = utf8 */;
CREATE TABLE `books_siteparam` (
  `id` int(11) NOT NULL AUTO_INCREMENT,
  `name` varchar(200) COLLATE utf8_unicode_ci NOT NULL,
  `value` longtext COLLATE utf8_unicode_ci NOT NULL,
  PRIMARY KEY (`id`)
) ENGINE=MyISAM DEFAULT CHARSET=utf8 COLLATE=utf8_unicode_ci;
/*!40101 SET character_set_client = @saved_cs_client */;

--
-- Dumping data for table `books_siteparam`
--

LOCK TABLES `books_siteparam` WRITE;
/*!40000 ALTER TABLE `books_siteparam` DISABLE KEYS */;
/*!40000 ALTER TABLE `books_siteparam` ENABLE KEYS */;
UNLOCK TABLES;

--
-- Table structure for table `books_tab`
--

DROP TABLE IF EXISTS `books_tab`;
/*!40101 SET @saved_cs_client     = @@character_set_client */;
/*!40101 SET character_set_client = utf8 */;
CREATE TABLE `books_tab` (
  `id` int(11) NOT NULL AUTO_INCREMENT,
  `adress` varchar(200) COLLATE utf8_unicode_ci NOT NULL,
  `text` varchar(50) COLLATE utf8_unicode_ci NOT NULL,
  PRIMARY KEY (`id`)
) ENGINE=MyISAM DEFAULT CHARSET=utf8 COLLATE=utf8_unicode_ci;
/*!40101 SET character_set_client = @saved_cs_client */;

--
-- Dumping data for table `books_tab`
--

LOCK TABLES `books_tab` WRITE;
/*!40000 ALTER TABLE `books_tab` DISABLE KEYS */;
/*!40000 ALTER TABLE `books_tab` ENABLE KEYS */;
UNLOCK TABLES;

--
-- Table structure for table `books_transfer`
--

DROP TABLE IF EXISTS `books_transfer`;
/*!40101 SET @saved_cs_client     = @@character_set_client */;
/*!40101 SET character_set_client = utf8 */;
CREATE TABLE `books_transfer` (
  `id` int(11) NOT NULL AUTO_INCREMENT,
  `title` varchar(200) COLLATE utf8_unicode_ci NOT NULL,
  `text` longtext COLLATE utf8_unicode_ci NOT NULL,
  `image` varchar(50) COLLATE utf8_unicode_ci NOT NULL,
  PRIMARY KEY (`id`)
) ENGINE=MyISAM DEFAULT CHARSET=utf8 COLLATE=utf8_unicode_ci;
/*!40101 SET character_set_client = @saved_cs_client */;

--
-- Dumping data for table `books_transfer`
--

LOCK TABLES `books_transfer` WRITE;
/*!40000 ALTER TABLE `books_transfer` DISABLE KEYS */;
/*!40000 ALTER TABLE `books_transfer` ENABLE KEYS */;
UNLOCK TABLES;

--
-- Table structure for table `books_transport`
--

DROP TABLE IF EXISTS `books_transport`;
/*!40101 SET @saved_cs_client     = @@character_set_client */;
/*!40101 SET character_set_client = utf8 */;
CREATE TABLE `books_transport` (
  `id` int(11) NOT NULL AUTO_INCREMENT,
  `title` varchar(200) COLLATE utf8_unicode_ci NOT NULL,
  `text` longtext COLLATE utf8_unicode_ci NOT NULL,
  `image` varchar(50) COLLATE utf8_unicode_ci NOT NULL,
  PRIMARY KEY (`id`)
) ENGINE=MyISAM AUTO_INCREMENT=6 DEFAULT CHARSET=utf8 COLLATE=utf8_unicode_ci;
/*!40101 SET character_set_client = @saved_cs_client */;

--
-- Dumping data for table `books_transport`
--

LOCK TABLES `books_transport` WRITE;
/*!40000 ALTER TABLE `books_transport` DISABLE KEYS */;
INSERT INTO `books_transport` VALUES (1,'О штрафах','Пожалуй, совсем не лишним будет подчеркнуть, что проезд в городском транспорте в Италии <span style=\"font-weight:bold;\">нужно оплачивать обязательно!</span> Даже полное отсутствие денег не тронет «железных» итальянских контролеров.       Попытки решить все «полюбовно» тоже наверняка не увенчаются успехом, а могут и вовсе привести к еще большим неприятностям, как то: более существенный штраф или даже арест.       Штраф в городском транспорте Италии равен приблизительно € 50. Ко всему прочему Вам еще придется заплатить те самые «злосчастные» € 1. Если денег на штраф не окажется, Вам выпишут квитанцию, которая подлежит оплате в течение 60 дней в любом почтовом отделении или в Ufficio Abbonamenti e Informazioni ATAF. Просрочка штрафа означает, что Вам придется теперь выложить уже не € 50, а € 200 плюс данные о Ваших «проделках» будут переданы в посольство, что может грозить, к примеру, проблемами при дальнейшем въезде в страны Шенгенского соглашения.','transport.jpg'),(2,'Метро и автобусы Рима !','Билет на метро и автобус можно преобрести в газетном киоске, киске сигарет Tabacci или внутри метро в автомате. Билет действует 75 минут на поездку на наземном транспорте и на 1 поезджку в метро. Виды билетов: -разовый билет (biglietto) стоит 1 евро и действителен 75 минут с момента первого компостирования. За это время Вы можете совершить любое количество пересадок на наземном транспорте и тоько одну поездку в метро -дневной билет (biglietto giornaliero или BIG) стоимостью в 4.10 евро можно использовать в течении дня для любого количества поездок в метро, автобусах, трамваях и пригородных поездах в черте города. Компостировать его надо только при первой поездке. Билет дейсвителен с момента компостирования на 24 часа -туристский билет на 3 дня (biglietto turistico intergato или BIT) стоимостью 11 евро -недельный билет (сarta settimanale или CIS) за 16 евро-это персональный документ. В него надо вписать свое имя и год рождения, а при проверке предъявлять паспорт или водительские права. ','metro.jpg'),(3,'Такси в Риме','Такси в Риме - достаточно дорогое удовольствие. Короткие поездки здесь крайне не выгодны: посадка и первые 3 км обойдутся Вам не меньше € 4, далее - по € 0,7 за километр. В воскресные и праздничные дни (имеются в виду государственные праздники) плата за такси берется с наценкой приблизительно в € 0,6. Ко всему прочему в ночное время, коим в Риме считается часть дня с 22:00 до 7:00, Вам придется смириться с наценкой почти в € 2.','taxi.jpg'),(4,'Как добраться из аэропорта Fiumicino в центр города !','Римский международный аэропорт, официально носящий имя Leonardo da Vinci, также называется Фиумичино (Fiumicino/FCO) – по названию старинного городка, вблизи которого он расположен. Аэропорт состоит из трех терминалов – А, В и С, из которых международные рейсы, в том числе и из России, принимают В и С    1) На поезде-экспрессе   До центрального вокзала Рима Roma Termini можно добраться на поезде-экспрессе, который ходит достаточно часто с 6:37 утра до 10:52 вечера. Поездка на Leonardo Express занимает 31 минуту. В аэропорту ищите указатели Stazione FS, хотя большинство из них дублированы на английский. Билет на одну поездку стоит 14 евро, и если собираетесь возвращаться через несколько дней, лучше сразу купить билет обратно. На ребенка младше 12 лет билет не требуется. Продаются билеты в FS-кассе или в специальном автомате. Билет нужно прокомпостировать при входе на платформу. Прибыв на Termini, учтите, что Leonardo Express останавливается на одной из самых дальних платформ, поэтому см','fiumicino.jpg'),(5,'Как добраться из аэропорта Сiampino в центр Рима','1) На поезде:  До Чиампино (Ciampino) с центрального вокзала Термини (Termini) с 5.34 до 22.42 поезд отправляется каждые 15-20 минут. Время в пути: 15 минут Расписание действует до 13 декабря 2008  Проверять время отправления на сайте Trenitalia  С железнодорожной станции Чиампино до станции Аэропорт Чиампино (stazione di Ciampino all\'aereoporto) на автобусе Schiaffini Autolinee  2) На метро и потом на междугородном автобусе: Конечная остановка Ананина (Anagnina) на линии метро A у выхода из метро автобусная платформа № 1  Стоимисть билета в метро: 1 евро стоимисть автобусного билета : 1.20 евро, билет покупается внутри автобуса  Время в пути: с остановки метополитана Термини (Termini) до конечной Ананина (Anagnina) 20 минут. С остановка Ананина (Anagnina) и до аэропорта Чиампино( Ciampino Areoporto) 25 минут  Метро работает: 5.30-23.30 в субботу до 00.30   Такси от ж/д cтанции Termini до Ciampino-35-40 евро','ciampino.jpg');
/*!40000 ALTER TABLE `books_transport` ENABLE KEYS */;
UNLOCK TABLES;

--
-- Table structure for table `django_admin_log`
--

DROP TABLE IF EXISTS `django_admin_log`;
/*!40101 SET @saved_cs_client     = @@character_set_client */;
/*!40101 SET character_set_client = utf8 */;
CREATE TABLE `django_admin_log` (
  `id` int(11) NOT NULL AUTO_INCREMENT,
  `action_time` datetime NOT NULL,
  `user_id` int(11) NOT NULL,
  `content_type_id` int(11) DEFAULT NULL,
  `object_id` longtext COLLATE utf8_unicode_ci,
  `object_repr` varchar(200) COLLATE utf8_unicode_ci NOT NULL,
  `action_flag` smallint(5) unsigned NOT NULL,
  `change_message` longtext COLLATE utf8_unicode_ci NOT NULL,
  PRIMARY KEY (`id`),
  KEY `django_admin_log_403f60f` (`user_id`),
  KEY `django_admin_log_1bb8f392` (`content_type_id`)
) ENGINE=MyISAM AUTO_INCREMENT=361 DEFAULT CHARSET=utf8 COLLATE=utf8_unicode_ci;
/*!40101 SET character_set_client = @saved_cs_client */;

--
-- Dumping data for table `django_admin_log`
--

LOCK TABLES `django_admin_log` WRITE;
/*!40000 ALTER TABLE `django_admin_log` DISABLE KEYS */;
INSERT INTO `django_admin_log` VALUES (1,'2011-10-03 04:37:30',1,13,'1','еее',1,''),(2,'2011-10-03 04:42:25',1,14,'1','© 2011 Гид по Риму, rim-gid.com. Все права защищены. Перепечатка запрещена.',2,'Изменен text.'),(3,'2011-10-03 06:55:05',1,16,'1','Распродажи в Риме',1,''),(4,'2011-10-03 06:56:38',1,17,'1','О штрафах',1,''),(5,'2011-10-03 07:53:08',1,9,'1','Экс - 1',1,''),(6,'2011-10-03 08:54:36',1,9,'1','Обзорная экскурсия по Риму',2,'Изменен title,text_full и cost.'),(7,'2011-10-03 09:26:07',1,9,'1','Обзорная экскурсия по Риму',2,'Изменен button_image.'),(8,'2011-10-04 04:50:25',1,14,'1','© 2011 Гид по Риму, rim-gid.com. Все права защищены. Перепечатка запрещена.',2,'Ни одно поле не изменено.'),(11,'2011-10-04 06:14:47',1,12,'1','Телефон',1,''),(12,'2011-10-04 06:15:20',1,12,'1','Телефон',2,'Изменен image.'),(13,'2011-10-04 06:21:39',1,12,'2','Skype',1,''),(14,'2011-10-04 06:22:12',1,12,'3','E-mail',1,''),(15,'2011-10-04 06:22:28',1,12,'3','E-mail',2,'Изменен image.'),(16,'2011-10-04 06:24:40',1,12,'4','Вконтакте',1,''),(17,'2011-10-04 06:25:02',1,12,'4','Вконтакте',2,'Изменен image.'),(18,'2011-10-04 06:25:11',1,12,'4','Вконтакте',2,'Изменен image.'),(19,'2011-10-04 06:30:04',1,9,'1','Обзорная экскурсия по Риму',2,'Изменен text и cost.'),(20,'2011-10-04 06:32:47',1,9,'2','Обзорная экскурсия по Риму',1,''),(21,'2011-10-04 06:35:29',1,9,'3','Античный Рим',1,''),(22,'2011-10-04 06:37:08',1,9,'4','Античный Рим',1,''),(23,'2011-10-04 06:41:07',1,9,'5','Государство Ватикан',1,''),(24,'2011-10-04 06:44:34',1,9,'6','Монументальный Рим - от Возрождения до Барокко',1,''),(25,'2011-10-04 06:48:46',1,9,'7','Христианский Рим !',1,''),(26,'2011-10-04 06:50:01',1,9,'8','Подземный Рим',1,''),(27,'2011-10-04 06:53:51',1,9,'9','Вечерний Рим',1,''),(28,'2011-10-04 06:55:14',1,9,'10','Ангелы и Демоны Рима !',1,''),(29,'2011-10-04 07:00:01',1,9,'11','Римская жизнь',1,''),(30,'2011-10-04 07:01:43',1,9,'12','Рафаэль и Микеланджело в Риме [links]',1,''),(31,'2011-10-04 07:03:29',1,9,'13','Бернини и Борромини в Риме !',1,''),(32,'2011-10-04 07:05:09',1,9,'14','Караваджо в Риме',1,''),(33,'2011-10-04 07:06:31',1,9,'15','Галерея Боргезе',1,''),(34,'2011-10-04 07:07:29',1,9,'16','Капитолийские музеи',1,''),(35,'2011-10-04 07:11:16',1,9,'17','Галереи живописи в Риме',1,''),(36,'2011-10-04 07:12:40',1,9,'18','Галереи скульптуры в Риме',1,''),(37,'2011-10-04 07:13:39',1,9,'19','Тиволи - вилла Адриана, вилла д\' Эсте, Грегорианская вилла.',1,''),(38,'2011-10-04 07:15:10',1,9,'20','Озеро Браччано и Замок Орсини - Одескальки',1,''),(39,'2011-10-04 07:16:40',1,9,'21','Замки Рима - гастрономический тур',1,''),(40,'2011-10-04 07:21:03',1,17,'2','Метро и автобусы Рима !',1,''),(41,'2011-10-04 07:21:41',1,17,'3','Такси в Риме',1,''),(42,'2011-10-04 07:22:06',1,17,'4','Как добраться из аэропорта Fiumicino в центр города !',1,''),(43,'2011-10-04 07:23:09',1,17,'5','Как добраться из аэропорта Сiampino в центр Рима',1,''),(44,'2011-10-04 07:25:14',1,16,'2','ВРЕМЯ РАБОТЫ МАГАЗИНОВ',1,''),(45,'2011-10-04 07:25:47',1,16,'3','AУТЛЕТ \"CASTEL ROMANO\" !',1,''),(46,'2011-10-04 07:26:16',1,16,'4','AУТЛЕТ \"VALMONTONE\"',1,''),(47,'2011-10-04 07:27:18',1,16,'5','TAX FREE',1,''),(48,'2011-10-04 07:45:39',1,16,'2','ВРЕМЯ РАБОТЫ МАГАЗИНОВ',2,'Изменен image.'),(49,'2011-10-04 07:49:00',1,16,'5','TAX FREE',2,'Изменен image.'),(50,'2011-10-04 07:51:16',1,17,'5','Как добраться из аэропорта Сiampino в центр Рима',2,'Изменен image.'),(51,'2011-10-04 07:53:36',1,17,'2','Метро и автобусы Рима !',2,'Изменен image.'),(52,'2011-10-04 07:55:27',1,17,'3','Такси в Риме',2,'Изменен image.'),(53,'2011-10-04 07:56:36',1,17,'4','Как добраться из аэропорта Fiumicino в центр города !',2,'Изменен image.'),(54,'2011-10-04 08:11:51',1,9,'2','Обзорная экскурсия по Риму',2,'Изменен button_image.'),(55,'2011-10-13 06:36:27',1,9,'7','Христианский Рим',2,'Изменен title и text_full.'),(56,'2011-10-13 07:39:27',1,9,'10','Ангелы и Демоны Рима',2,'Изменен title и text_full.'),(57,'2011-10-13 07:45:01',1,9,'13','Бернини и Борромини в Риме',2,'Изменен title и text_full.'),(58,'2011-10-13 08:42:41',1,9,'7','Христианский Рим',2,'Изменен map_address.'),(59,'2011-10-13 08:51:17',1,9,'7','Христианский Рим',2,'Изменен map_address.'),(60,'2011-10-13 09:10:44',1,3,'2','olga',1,''),(61,'2011-10-13 09:13:15',1,3,'2','olga',2,'Изменен is_staff и user_permissions.'),(304,'2012-06-15 17:16:58',2,9,'1','Обзорная экскурсия по Риму',2,'Ни одно поле не изменено.'),(65,'2011-10-18 10:15:25',1,14,'1','© 2011 Гид по Риму, rim-gid.com. Все права защищены. Использование информации без ссылки на сайт запрещено.',2,'Изменен text.'),(66,'2011-10-24 17:15:07',1,3,'2','olga',2,'Изменен user_permissions.'),(67,'2011-10-28 08:16:48',1,16,'6','test',1,''),(68,'2011-10-28 08:17:11',1,16,'6','test',3,''),(69,'2011-10-28 08:33:06',1,11,'1','test',1,''),(70,'2011-10-28 08:34:01',1,11,'1','test',2,'Изменен text.'),(71,'2011-10-28 08:35:32',1,11,'1','test',3,''),(72,'2011-10-28 09:29:38',2,11,'1','тест',1,''),(73,'2011-10-28 09:30:42',2,11,'1','тест',3,''),(74,'2011-10-30 20:15:04',2,11,'2','Выставки в Риме',1,''),(75,'2011-10-30 20:21:49',2,11,'3','Выставки в Риме',1,''),(76,'2011-11-01 06:50:06',2,11,'4','тест',1,''),(77,'2011-11-01 06:51:06',2,11,'4','тест',2,'Изменен text.'),(78,'2011-11-01 06:51:17',2,11,'4','тест текст текст текст текст текст текст текст текст текст текст ',2,'Изменен title.'),(79,'2011-11-01 06:52:29',2,11,'4','тест текст текст текст текст текст текст текст текст текст текст ',3,''),(80,'2011-11-02 05:48:52',2,11,'5','Тест',1,''),(81,'2011-11-06 09:42:06',2,11,'5','Cкидки',2,'Изменен title и text.'),(82,'2011-11-06 09:42:17',2,11,'5','Cкидки',2,'Ни одно поле не изменено.'),(83,'2011-11-06 09:42:23',2,11,'5','Cкидки',2,'Ни одно поле не изменено.'),(84,'2011-11-06 09:42:33',2,11,'5','Cкидки',2,'Ни одно поле не изменено.'),(85,'2011-11-06 09:43:02',2,11,'5','Cкидки на туры!',2,'Изменен title.'),(86,'2011-11-08 06:25:47',2,20,'1','у Колизея',1,''),(87,'2011-11-08 06:32:17',2,20,'2','Собор Святого Петра',1,''),(88,'2011-11-08 06:43:55',2,20,'3','Канопа в Тиволи',1,''),(89,'2011-11-08 06:46:32',2,20,'3','Каноп в Тиволи',2,'Изменен title и text.'),(90,'2011-11-08 06:48:22',2,20,'4','в Тиволи',1,''),(91,'2011-11-08 06:51:44',2,20,'5','в Тиволи продолжение',1,''),(92,'2011-11-08 06:53:44',2,20,'5','в Тиволи',2,'Изменен title.'),(93,'2011-11-08 06:56:39',2,20,'6','Тиволи',1,''),(94,'2011-11-09 12:09:28',2,11,'2','Выставки в Риме',2,'Изменен text.'),(95,'2011-11-09 15:20:31',2,9,'22','Рим для детей',1,''),(96,'2011-11-09 15:21:32',2,9,'22','Рим для детей',2,'Изменен title_time, button_image, group, special, map_address и map_preview.'),(97,'2011-11-12 16:53:59',2,11,'6','Тур по региону Тоскана',1,''),(98,'2011-11-12 16:54:07',2,11,'6','Тур по региону Тоскана',2,'Ни одно поле не изменено.'),(99,'2011-11-12 16:54:30',2,11,'5','Cкидки на туры!',2,'Изменен text.'),(100,'2011-11-12 17:03:11',2,11,'6','Тур по региону Кьянти',2,'Изменен title и text.'),(101,'2011-11-12 17:06:11',2,11,'6','Тур по региону Кьянти',2,'Изменен text.'),(102,'2011-11-12 17:32:06',2,11,'6','Тур по Флоренции - Медичи ',2,'Изменен title и text.'),(103,'2011-11-12 17:34:31',2,11,'6','Тур по Флоренции - Медичи ',2,'Изменен text.'),(104,'2011-11-12 17:34:38',2,11,'6','Тур по Флоренции - Медичи ',2,'Ни одно поле не изменено.'),(105,'2011-11-12 17:38:24',2,11,'6','Тур по Флоренции - Медичи ',2,'Изменен image.'),(106,'2011-11-12 17:38:30',2,11,'6','Тур по Флоренции - Медичи ',2,'Ни одно поле не изменено.'),(107,'2011-11-12 17:53:47',2,11,'7','Тур по Тоскане - Кьянти - Дорога вин',1,''),(108,'2011-11-12 17:53:51',2,11,'7','Тур по Тоскане - Кьянти - Дорога вин',2,'Ни одно поле не изменено.'),(109,'2011-11-12 18:01:43',2,11,'7','Тур по Тоскане - Кьянти - Дорога вин',2,'Изменен text.'),(110,'2011-11-12 18:01:53',2,11,'7','Тур по Тоскане - Кьянти - Дорога вин',2,'Ни одно поле не изменено.'),(111,'2011-11-12 18:11:57',2,11,'8','Экскурсии по Флоренции',1,''),(112,'2011-11-12 18:32:57',2,11,'9','Экскурсии по Венеции',1,''),(113,'2011-11-12 18:33:02',2,11,'9','Экскурсии по Венеции',2,'Ни одно поле не изменено.'),(114,'2011-11-12 18:33:30',2,11,'9','Экскурсии по Венеции',2,'Изменен text.'),(115,'2011-11-12 18:44:31',2,11,'10','Экскурсии по Неаполю и Помпею',1,''),(116,'2011-11-12 18:44:40',2,11,'10','Экскурсии по Неаполю и Помпею',2,'Ни одно поле не изменено.'),(117,'2011-11-12 18:49:28',2,11,'11','Экскурсии по Милану. Шопинг',1,''),(118,'2011-11-12 18:49:36',2,11,'11','Экскурсии по Милану. Шопинг',2,'Ни одно поле не изменено.'),(119,'2011-11-12 19:48:45',2,11,'12','Новости футбола',1,''),(120,'2011-11-12 19:48:52',2,11,'12','Новости футбола',2,'Ни одно поле не изменено.'),(121,'2011-11-12 19:49:03',2,11,'12','Новости футбола',2,'Изменен text.'),(122,'2011-11-12 19:49:10',2,11,'12','Новости футбола',2,'Ни одно поле не изменено.'),(123,'2011-11-15 18:09:00',2,11,'8','Экскурсии по Флоренции',2,'Изменен text.'),(124,'2011-11-15 18:09:03',2,11,'8','Экскурсии по Флоренции',2,'Ни одно поле не изменено.'),(125,'2011-11-15 18:09:28',2,11,'9','Экскурсии по Венеции',2,'Изменен text.'),(126,'2011-11-15 18:09:35',2,11,'9','Экскурсии по Венеции',2,'Ни одно поле не изменено.'),(127,'2011-11-15 18:10:44',2,11,'10','Экскурсии по Неаполю и Помпею',2,'Изменен text.'),(128,'2011-11-15 18:10:46',2,11,'10','Экскурсии по Неаполю и Помпею',2,'Ни одно поле не изменено.'),(129,'2011-11-15 18:11:06',2,11,'11','Экскурсии по Милану. Шопинг',2,'Изменен text.'),(130,'2011-11-15 18:11:22',2,11,'7','Тур по Тоскане - Кьянти - Дорога вин',2,'Ни одно поле не изменено.'),(131,'2011-11-23 17:48:26',2,9,'1','Обзорная экскурсия по Риму',2,'Изменен text_full.'),(132,'2011-11-23 17:49:52',2,9,'1','Обзорная экскурсия по Риму',2,'Изменен text_full.'),(133,'2011-11-23 17:50:34',2,9,'1','Обзорная экскурсия по Риму',2,'Изменен text_full.'),(134,'2011-11-23 17:53:04',2,9,'1','Обзорная экскурсия по Риму',2,'Изменен text_full.'),(135,'2011-11-23 17:58:03',2,9,'1','Обзорная экскурсия по Риму',2,'Изменен text_full.'),(136,'2011-11-23 18:01:48',2,9,'1','Обзорная экскурсия по Риму',2,'Изменен text_full.'),(137,'2011-11-23 18:02:46',2,9,'1','Обзорная экскурсия по Риму',2,'Изменен text_full.'),(138,'2011-11-23 18:18:32',2,9,'1','Обзорная экскурсия по Риму',2,'Изменен text_full.'),(139,'2011-11-23 18:19:34',2,9,'1','Обзорная экскурсия по Риму',2,'Изменен text_full.'),(140,'2011-11-23 18:19:59',2,9,'1','Обзорная экскурсия по Риму',2,'Изменен text_full.'),(141,'2011-11-24 08:40:42',2,9,'1','Обзорная экскурсия по Риму',2,'Изменен text_full.'),(142,'2011-11-24 08:43:48',2,9,'1','Обзорная экскурсия по Риму',2,'Изменен text_full.'),(143,'2011-11-24 08:44:07',2,9,'1','Обзорная экскурсия по Риму',2,'Изменен text_full.'),(144,'2011-11-24 08:44:48',2,9,'1','Обзорная экскурсия по Риму',2,'Изменен text_full.'),(145,'2011-11-24 08:58:57',2,9,'1','Обзорная экскурсия по Риму',2,'Изменен text_full.'),(146,'2011-11-24 08:59:22',2,9,'1','Обзорная экскурсия по Риму',2,'Изменен text_full.'),(147,'2011-11-24 09:01:42',2,9,'1','Обзорная экскурсия по Риму',2,'Изменен text_full.'),(148,'2011-11-24 09:02:16',2,9,'1','Обзорная экскурсия по Риму',2,'Изменен text_full.'),(149,'2011-11-24 09:03:01',2,9,'1','Обзорная экскурсия по Риму',2,'Изменен text_full.'),(150,'2011-11-24 09:03:27',2,9,'1','Обзорная экскурсия по Риму',2,'Изменен text_full.'),(151,'2011-11-24 13:43:28',2,9,'2','Обзорная экскурсия по Риму',2,'Изменен text_full.'),(152,'2011-11-24 13:57:12',2,9,'1','Обзорная экскурсия по Риму',2,'Изменен text_full.'),(153,'2011-11-24 14:00:13',2,9,'1','Обзорная экскурсия по Риму',2,'Изменен text_full.'),(154,'2011-11-24 14:02:40',2,9,'1','Обзорная экскурсия по Риму',2,'Изменен text_full.'),(155,'2011-11-24 14:03:57',2,9,'1','Обзорная экскурсия по Риму',2,'Изменен text_full.'),(156,'2011-11-24 14:05:39',2,9,'2','Обзорная экскурсия по Риму',2,'Изменен text_full.'),(157,'2011-11-24 14:07:41',2,9,'3','Античный Рим',2,'Изменен text_full.'),(158,'2011-11-24 14:08:24',2,9,'4','Античный Рим',2,'Изменен text_full.'),(159,'2011-11-24 14:09:48',2,9,'5','Государство Ватикан',2,'Изменен text_full.'),(160,'2011-11-24 14:10:53',2,9,'6','Монументальный Рим - от Возрождения до Барокко',2,'Изменен text_full.'),(161,'2011-11-24 14:12:14',2,9,'7','Христианский Рим',2,'Изменен text_full.'),(162,'2011-11-24 14:13:18',2,9,'8','Подземный Рим',2,'Изменен text_full.'),(163,'2011-11-24 14:13:57',2,9,'9','Вечерний Рим',2,'Изменен text_full.'),(164,'2011-11-24 14:17:15',2,9,'10','Ангелы и Демоны Рима',2,'Изменен text_full.'),(165,'2011-11-24 14:21:05',2,9,'11','Римская жизнь',2,'Изменен text_full.'),(166,'2011-11-24 14:21:43',2,9,'12','Рафаэль и Микеланджело в Риме [links]',2,'Изменен text_full.'),(167,'2011-11-24 14:22:30',2,9,'13','Бернини и Борромини в Риме',2,'Изменен text_full.'),(168,'2011-11-24 14:23:15',2,9,'14','Караваджо в Риме',2,'Изменен text_full.'),(169,'2011-11-24 14:24:01',2,9,'15','Галерея Боргезе',2,'Изменен text_full.'),(170,'2011-11-24 14:24:32',2,9,'16','Капитолийские музеи',2,'Изменен text_full.'),(171,'2011-11-24 14:25:35',2,9,'17','Галереи живописи в Риме',2,'Изменен text_full.'),(172,'2011-11-24 14:26:01',2,9,'18','Галереи скульптуры в Риме',2,'Изменен text_full.'),(173,'2011-11-24 14:26:28',2,9,'19','Тиволи - вилла Адриана, вилла д\' Эсте, Грегорианская вилла.',2,'Изменен text_full.'),(174,'2011-11-24 14:27:20',2,9,'20','Озеро Браччано и Замок Орсини - Одескальки',2,'Изменен text_full.'),(175,'2011-11-24 14:27:57',2,9,'21','Замки Рима - гастрономический тур',2,'Изменен text_full.'),(176,'2011-11-28 14:59:01',2,9,'3','Античный Рим',2,'Изменен text_full.'),(177,'2011-11-28 15:05:49',2,9,'4','Античный Рим',2,'Изменен text_full.'),(178,'2011-11-28 15:10:41',2,9,'5','Государство Ватикан',2,'Изменен text_full.'),(179,'2011-11-28 15:13:03',2,9,'6','Монументальный Рим - от Возрождения до Барокко',2,'Изменен text_full.'),(180,'2011-11-28 15:17:47',2,9,'7','Христианский Рим',2,'Изменен text_full.'),(181,'2011-11-28 15:21:02',2,9,'8','Подземный Рим',2,'Изменен text_full.'),(182,'2011-11-28 15:24:04',2,9,'9','Вечерний Рим',2,'Изменен text_full.'),(183,'2011-11-28 15:29:42',2,9,'10','Ангелы и Демоны Рима',2,'Изменен text_full.'),(184,'2011-11-28 15:32:01',2,9,'11','Римская жизнь',2,'Изменен text_full.'),(185,'2011-11-28 15:37:52',2,9,'12','Рафаэль и Микеланджело в Риме [links]',2,'Изменен text_full.'),(186,'2011-11-28 15:41:59',2,9,'12','Рафаэль и Микеланджело в Риме',2,'Изменен title и text_full.'),(187,'2011-11-28 15:46:40',2,9,'13','Бернини и Борромини в Риме',2,'Изменен text_full.'),(303,'2012-06-15 17:16:39',2,9,'1','Обзорная экскурсия по Риму',2,'Изменен text_full и cost.'),(302,'2012-06-09 10:35:37',2,9,'1','Обзорная экскурсия по Риму',2,'Изменен text_full.'),(190,'2011-12-05 18:07:59',2,13,'2','Cинхронный и последовательный перевод',1,''),(301,'2012-06-08 15:21:42',2,9,'4','Античный Рим',2,'Изменен special.'),(192,'2011-12-06 13:55:58',2,12,'3','E-mail',2,'Изменен image.'),(193,'2011-12-06 14:14:15',2,13,'2','Cинхронный и последовательный перевод',2,'Изменен hello_text.'),(194,'2011-12-06 14:15:50',2,13,'2','Cинхронный и последовательный перевод',2,'Ни одно поле не изменено.'),(195,'2011-12-16 14:27:13',2,13,'2','Cинхронный и последовательный перевод',2,'Изменен hello_text.'),(196,'2011-12-16 14:29:21',2,13,'2','Cинхронный и последовательный перевод',2,'Изменен hello_text.'),(197,'2011-12-16 14:30:47',2,13,'2','Cинхронный и последовательный перевод',2,'Изменен hello_text.'),(198,'2011-12-26 16:14:54',2,11,'12','Новости футбола',2,'Изменен text и date.'),(199,'2011-12-26 16:15:36',2,11,'12','Новости футбола',2,'Изменен text.'),(200,'2011-12-26 16:16:56',2,11,'5','Cкидки на туры!',2,'Изменен text и date.'),(201,'2011-12-26 16:26:59',2,11,'13','Рим Новогодний',1,''),(300,'2012-06-08 15:10:09',2,9,'4','Античный Рим',2,'Изменен special.'),(299,'2012-06-08 12:53:14',2,9,'4','Античный Рим',2,'Изменен text и text_full.'),(205,'2012-01-13 19:13:34',2,9,'8','Подземный Рим',2,'Изменен text_full.'),(206,'2012-01-13 19:14:08',2,9,'7','Христианский Рим',2,'Изменен text_full.'),(298,'2012-06-05 20:25:05',1,25,'1','Рестораны',2,'Изменен text.'),(297,'2012-06-05 20:24:13',1,25,'1','Рестораны',1,''),(210,'2012-01-18 12:39:58',2,9,'10','Ангелы и Демоны Рима',2,'Изменен text_full.'),(296,'2012-06-04 21:52:41',1,24,'1','Бронирование отелей в Риме.',1,''),(212,'2012-01-24 18:14:33',2,11,'13','Рим Карнавальный',2,'Изменен title, text и image.'),(213,'2012-02-17 18:12:34',2,11,'3','Выставки в Риме',2,'Изменен text и image.'),(214,'2012-02-17 18:12:44',2,11,'3','Выставки в Риме',2,'Изменен date.'),(215,'2012-02-17 18:13:36',2,11,'3','Выставки в Риме',2,'Ни одно поле не изменено.'),(216,'2012-02-17 18:22:51',2,11,'2','Выставки в Риме',2,'Изменен text и image.'),(217,'2012-02-17 18:24:42',2,11,'3','Выставки в Риме',2,'Изменен text.'),(218,'2012-02-17 18:26:14',2,11,'12','Новости футбола',2,'Изменен text.'),(219,'2012-02-17 18:26:18',2,11,'12','Новости футбола',2,'Ни одно поле не изменено.'),(220,'2012-02-17 18:30:03',2,11,'14','8 Maрта в Риме!',1,''),(221,'2012-02-17 19:27:17',2,9,'21','Замки Рима - гастрономический тур',2,'Изменен text_full и cost.'),(222,'2012-02-21 10:55:09',2,9,'14','Караваджо в Риме',2,'Изменен text_full.'),(223,'2012-02-21 10:58:06',2,9,'14','Караваджо в Риме',2,'Изменен text_full.'),(224,'2012-02-27 22:53:57',2,9,'20','Озеро Браччано и Замок Орсини - Одескальки',2,'Изменен text_full.'),(225,'2012-02-29 19:27:37',2,9,'10','Ангелы и Демоны Рима',2,'Изменен text_full.'),(226,'2012-03-20 11:19:53',2,9,'23','тестик',1,''),(227,'2012-03-20 11:20:27',2,9,'23','тестик',3,''),(228,'2012-03-20 17:35:16',2,11,'13','Православная Пасха в Риме',2,'Изменен title, text, date и image.'),(229,'2012-03-20 17:37:02',2,11,'5','Cкидки на туры!',2,'Изменен text и date.'),(230,'2012-03-20 17:45:47',2,11,'13','Православная Пасха в Риме',2,'Изменен text.'),(231,'2012-03-20 18:02:46',2,11,'14','Католическая пасха в Риме',2,'Изменен title, text и image.'),(232,'2012-03-20 18:04:17',2,11,'13','Православная Пасха в Риме',2,'Изменен text.'),(233,'2012-03-20 18:14:28',2,11,'15','Апрель и артишоки',1,''),(234,'2012-03-20 18:16:11',2,11,'12','Новости футбола',2,'Изменен text и date.'),(235,'2012-03-20 18:49:59',2,11,'14','Католическая Пасха в Риме',2,'Изменен title.'),(236,'2012-03-22 19:11:28',2,11,'16','Отдых на Римских Термах',1,''),(237,'2012-03-22 19:13:58',2,11,'16','Отдых на Римских Термах',2,'Изменен text.'),(238,'2012-03-26 14:17:02',2,9,'14','Караваджо в Риме',2,'Изменен text_full.'),(239,'2012-04-13 17:28:46',2,11,'14','Майские праздники в Риме!',2,'Изменен title, text, date и image.'),(240,'2012-04-13 17:45:05',2,11,'2','Выставки в Риме',2,'Изменен text, date и image.'),(241,'2012-04-13 17:51:20',2,11,'16','Отдых на Римских Термах',2,'Ни одно поле не изменено.'),(242,'2012-04-13 17:58:45',2,11,'17','Выставки в Риме',1,''),(243,'2012-04-13 18:01:36',2,11,'15','Апрель и артишоки',2,'Изменен text.'),(244,'2012-04-13 18:03:12',2,11,'2','Выставки в Риме',2,'Изменен text.'),(245,'2012-04-15 20:25:46',2,9,'2','Обзорная экскурсия по Риму',2,'Изменен text_full.'),(246,'2012-04-25 12:03:32',2,11,'3','Выставки в Риме',2,'Изменен text, date и image.'),(247,'2012-04-25 12:04:09',2,11,'3','Выставки в Риме',2,'Изменен text.'),(248,'2012-04-25 12:06:55',2,11,'3','Выставки в Риме',2,'Изменен text.'),(249,'2012-05-15 13:31:06',1,3,'2','olga',2,'Changed is_superuser.'),(252,'2012-05-17 10:48:43',2,9,'1','Обзорная экскурсия по Риму',2,'Изменен text и text_full.'),(253,'2012-05-17 10:50:05',2,9,'7','Христианский Рим',2,'Изменен text и text_full.'),(254,'2012-05-17 10:51:31',2,9,'1','Обзорная экскурсия по Риму',2,'Изменен text_full.'),(255,'2012-05-17 10:51:49',2,9,'1','Обзорная экскурсия по Риму',2,'Ни одно поле не изменено.'),(256,'2012-05-17 21:40:23',2,9,'21','Замки Рима - гастрономический тур',2,'Изменен text, text_full и cost.'),(257,'2012-05-17 21:40:39',2,9,'21','Замки Рима - гастрономический тур',2,'Изменен cost.'),(258,'2012-05-17 21:40:46',2,9,'21','Замки Рима - гастрономический тур',2,'Ни одно поле не изменено.'),(259,'2012-05-17 21:43:11',2,9,'1','Обзорная экскурсия по Риму',2,'Изменен cost.'),(260,'2012-05-17 21:43:21',2,9,'1','Обзорная экскурсия по Риму',2,'Ни одно поле не изменено.'),(261,'2012-05-17 21:43:26',2,9,'1','Обзорная экскурсия по Риму',2,'Ни одно поле не изменено.'),(262,'2012-05-17 21:44:29',2,9,'2','Обзорная экскурсия по Риму',2,'Изменен text, text_full и cost.'),(263,'2012-05-17 21:44:37',2,9,'2','Обзорная экскурсия по Риму',2,'Ни одно поле не изменено.'),(264,'2012-05-17 21:44:44',2,9,'2','Обзорная экскурсия по Риму',2,'Ни одно поле не изменено.'),(265,'2012-05-17 21:49:24',2,9,'19','Тиволи - вилла Адриана, вилла д\' Эсте, Грегорианская вилла.',2,'Изменен text, text_full и cost.'),(266,'2012-05-17 21:51:56',2,9,'15','Галерея Боргезе',2,'Изменен text, text_full и cost.'),(267,'2012-05-17 21:53:21',2,9,'14','Караваджо в Риме',2,'Изменен text, text_full и cost.'),(268,'2012-05-17 21:54:56',2,9,'13','Бернини и Борромини в Риме',2,'Изменен text, text_full и cost.'),(269,'2012-05-17 21:56:19',2,9,'12','Рафаэль и Микеланджело в Риме',2,'Изменен text, text_full и cost.'),(270,'2012-05-17 21:57:20',2,9,'11','Римская жизнь',2,'Изменен text, text_full и cost.'),(271,'2012-05-17 22:00:38',2,9,'10','Ангелы и Демоны Рима',2,'Изменен text, text_full и cost.'),(272,'2012-05-17 22:00:46',2,9,'10','Ангелы и Демоны Рима',2,'Ни одно поле не изменено.'),(273,'2012-05-17 22:02:08',2,9,'9','Вечерний Рим',2,'Изменен text, text_full и cost.'),(295,'2012-06-04 18:13:51',1,22,'1','Авиапрелет в Рим (Италия). Заказ авиабилета до Рима.',2,'Изменен text.'),(294,'2012-06-04 18:13:18',1,22,'1','Авиапрелет в Рим (Италия). Заказ авиабилета до Рима.',1,''),(277,'2012-05-19 18:48:39',2,11,'13','Июнь - начало лета!',2,'Изменен title, text, date и image.'),(278,'2012-05-19 18:48:46',2,11,'13','Июнь - начало лета!',2,'Ни одно поле не изменено.'),(279,'2012-05-19 18:48:55',2,11,'13','Июнь - начало лета!',2,'Ни одно поле не изменено.'),(280,'2012-05-19 18:58:26',2,11,'15','Cезон спаржи',2,'Изменен title, text и image.'),(281,'2012-05-19 18:58:35',2,11,'15','Cезон спаржи',2,'Ни одно поле не изменено.'),(282,'2012-05-19 19:00:03',2,11,'12','Новости футбола',2,'Изменен text.'),(283,'2012-05-19 19:02:39',2,11,'12','Новости футбола',2,'Ни одно поле не изменено.'),(284,'2012-05-19 19:06:50',2,11,'12','Новости футбола',2,'Ни одно поле не изменено.'),(285,'2012-05-19 19:51:46',2,11,'14','Римские каникулы',2,'Изменен title, text и image.'),(286,'2012-05-19 19:52:16',2,11,'14','Римские каникулы',2,'Ни одно поле не изменено.'),(287,'2012-05-19 19:55:05',2,11,'14','Римские каникулы',2,'Изменен text.'),(288,'2012-05-19 19:57:54',2,11,'13','Июнь - начало лета!',2,'Изменен text.'),(289,'2012-05-19 19:57:59',2,11,'13','Июнь - начало лета!',2,'Ни одно поле не изменено.'),(290,'2012-05-19 19:58:41',2,11,'13','Июнь - начало лета!',2,'Изменен text.'),(291,'2012-05-29 19:00:23',2,9,'3','Античный Рим',2,'Изменен text, text_full и cost.'),(292,'2012-06-01 12:43:40',2,12,'2','Skype',2,'Изменен value.'),(293,'2012-06-01 12:44:06',2,12,'3','E-mail',2,'Изменен value.'),(305,'2012-06-15 17:24:13',2,9,'1','Обзорная экскурсия по Риму',2,'Изменен text_full и cost.'),(306,'2012-06-15 17:24:33',2,9,'1','Обзорная экскурсия по Риму',2,'Ни одно поле не изменено.'),(307,'2012-06-15 17:24:38',2,9,'1','Обзорная экскурсия по Риму',2,'Ни одно поле не изменено.'),(308,'2012-06-15 17:25:17',2,9,'3','Античный Рим',2,'Ни одно поле не изменено.'),(309,'2012-06-15 17:25:29',2,9,'3','Античный Рим',2,'Ни одно поле не изменено.'),(310,'2012-06-15 17:25:34',2,9,'3','Античный Рим',2,'Ни одно поле не изменено.'),(311,'2012-06-15 17:27:55',2,9,'2','Обзорная экскурсия по Риму',2,'Изменен text_full.'),(312,'2012-06-15 17:28:06',2,9,'2','Обзорная экскурсия по Риму',2,'Ни одно поле не изменено.'),(313,'2012-06-15 17:28:20',2,9,'2','Обзорная экскурсия по Риму',2,'Ни одно поле не изменено.'),(314,'2012-06-15 17:28:25',2,9,'2','Обзорная экскурсия по Риму',2,'Ни одно поле не изменено.'),(315,'2012-06-15 17:29:22',2,9,'1','Обзорная экскурсия по Риму',2,'Изменен text_full.'),(316,'2012-06-15 17:29:28',2,9,'1','Обзорная экскурсия по Риму',2,'Ни одно поле не изменено.'),(317,'2012-06-15 17:30:26',2,9,'9','Вечерний Рим',2,'Изменен text_full.'),(318,'2012-06-15 17:32:46',2,9,'9','Вечерний Рим',2,'Ни одно поле не изменено.'),(319,'2012-06-15 17:33:14',2,9,'9','Вечерний Рим',2,'Ни одно поле не изменено.'),(320,'2012-06-15 17:34:43',2,9,'7','Христианский Рим',2,'Изменен text_full и cost.'),(321,'2012-06-15 17:34:48',2,9,'7','Христианский Рим',2,'Ни одно поле не изменено.'),(322,'2012-06-15 17:36:44',2,9,'8','Подземный Рим',2,'Изменен text, text_full и cost.'),(323,'2012-06-15 17:37:03',2,9,'8','Подземный Рим',2,'Ни одно поле не изменено.'),(324,'2012-06-15 17:37:30',2,9,'7','Христианский Рим',2,'Изменен text_full и cost.'),(325,'2012-06-15 17:37:35',2,9,'7','Христианский Рим',2,'Ни одно поле не изменено.'),(326,'2012-06-15 17:37:47',2,9,'8','Подземный Рим',2,'Ни одно поле не изменено.'),(327,'2012-06-15 17:37:59',2,9,'7','Христианский Рим',2,'Ни одно поле не изменено.'),(328,'2012-06-15 17:39:15',2,9,'6','Монументальный Рим - от Возрождения до Барокко',2,'Изменен text, text_full и cost.'),(329,'2012-06-15 17:39:26',2,9,'6','Монументальный Рим - от Возрождения до Барокко',2,'Ни одно поле не изменено.'),(330,'2012-06-15 17:41:03',2,9,'19','Тиволи - вилла Адриана, вилла д\' Эсте, Грегорианская вилла.',2,'Изменен text_full и cost.'),(331,'2012-06-15 17:41:11',2,9,'19','Тиволи - вилла Адриана, вилла д\' Эсте, Грегорианская вилла.',2,'Ни одно поле не изменено.'),(332,'2012-06-15 17:43:40',2,9,'21','Замки Рима - гастрономический тур',2,'Изменен text_full и cost.'),(333,'2012-06-15 17:44:25',2,9,'21','Замки Рима - гастрономический тур',2,'Ни одно поле не изменено.'),(334,'2012-06-15 17:45:59',2,9,'15','Галерея Боргезе',2,'Изменен text_full.'),(335,'2012-06-15 17:46:06',2,9,'15','Галерея Боргезе',2,'Ни одно поле не изменено.'),(336,'2012-06-15 17:46:47',2,9,'22','Рим для детей',2,'Изменен text и text_full.'),(337,'2012-06-15 17:47:34',2,9,'10','Ангелы и Демоны Рима',2,'Изменен text_full.'),(338,'2012-06-15 17:47:40',2,9,'10','Ангелы и Демоны Рима',2,'Ни одно поле не изменено.'),(339,'2012-06-15 17:52:50',2,9,'5','Государство Ватикан',2,'Изменен text, text_full и cost.'),(340,'2012-06-15 17:53:12',2,9,'5','Государство Ватикан',2,'Ни одно поле не изменено.'),(341,'2012-06-15 17:53:18',2,9,'5','Государство Ватикан',2,'Ни одно поле не изменено.'),(342,'2012-06-17 13:58:09',2,9,'15','Галерея Боргезе',2,'Изменен cost.'),(343,'2012-06-17 13:58:22',2,9,'15','Галерея Боргезе',2,'Ни одно поле не изменено.'),(344,'2012-06-17 13:59:16',2,9,'11','Римская жизнь',2,'Изменен text_full и cost.'),(345,'2012-06-17 16:47:41',2,9,'4','Античный Рим',2,'Изменен text_full и cost.'),(346,'2012-06-17 16:58:18',2,9,'9','Вечерний Рим',2,'Изменен text_full и cost.'),(347,'2012-06-17 16:58:22',2,9,'9','Вечерний Рим',2,'Ни одно поле не изменено.'),(348,'2012-06-17 17:01:01',2,9,'10','Ангелы и Демоны Рима',2,'Изменен text_full.'),(349,'2012-06-17 17:01:06',2,9,'10','Ангелы и Демоны Рима',2,'Ни одно поле не изменено.'),(350,'2012-06-17 17:05:42',2,9,'11','Римская жизнь',2,'Изменен text_full.'),(351,'2012-06-17 17:05:50',2,9,'11','Римская жизнь',2,'Ни одно поле не изменено.'),(352,'2012-06-17 17:07:45',2,9,'12','Рафаэль и Микеланджело в Риме',2,'Изменен text_full и cost.'),(353,'2012-06-17 17:07:54',2,9,'12','Рафаэль и Микеланджело в Риме',2,'Ни одно поле не изменено.'),(354,'2012-06-17 17:08:50',2,9,'13','Бернини и Борромини в Риме',2,'Изменен text_full и cost.'),(355,'2012-06-17 17:08:56',2,9,'13','Бернини и Борромини в Риме',2,'Ни одно поле не изменено.'),(356,'2012-06-17 17:10:43',2,9,'14','Караваджо в Риме',2,'Изменен text_full и cost.'),(357,'2012-06-17 17:10:53',2,9,'14','Караваджо в Риме',2,'Ни одно поле не изменено.'),(358,'2012-06-17 17:11:18',2,9,'15','Галерея Боргезе',2,'Изменен text_full.'),(359,'2012-06-17 17:11:27',2,9,'15','Галерея Боргезе',2,'Ни одно поле не изменено.'),(360,'2012-06-28 14:28:41',1,31,'76','/fotos -- Фото',2,'Changed url and content.');
/*!40000 ALTER TABLE `django_admin_log` ENABLE KEYS */;
UNLOCK TABLES;

--
-- Table structure for table `django_content_type`
--

DROP TABLE IF EXISTS `django_content_type`;
/*!40101 SET @saved_cs_client     = @@character_set_client */;
/*!40101 SET character_set_client = utf8 */;
CREATE TABLE `django_content_type` (
  `id` int(11) NOT NULL AUTO_INCREMENT,
  `name` varchar(100) COLLATE utf8_unicode_ci NOT NULL,
  `app_label` varchar(100) COLLATE utf8_unicode_ci NOT NULL,
  `model` varchar(100) COLLATE utf8_unicode_ci NOT NULL,
  PRIMARY KEY (`id`),
  UNIQUE KEY `app_label` (`app_label`,`model`)
) ENGINE=MyISAM AUTO_INCREMENT=33 DEFAULT CHARSET=utf8 COLLATE=utf8_unicode_ci;
/*!40101 SET character_set_client = @saved_cs_client */;

--
-- Dumping data for table `django_content_type`
--

LOCK TABLES `django_content_type` WRITE;
/*!40000 ALTER TABLE `django_content_type` DISABLE KEYS */;
INSERT INTO `django_content_type` VALUES (1,'permission','auth','permission'),(2,'group','auth','group'),(3,'user','auth','user'),(4,'content type','contenttypes','contenttype'),(5,'session','sessions','session'),(6,'site','sites','site'),(7,'log entry','admin','logentry'),(8,'book','books','book'),(9,'excursion','books','excursion'),(10,'tab','books','tab'),(11,'note','books','note'),(12,'contacts','books','contacts'),(13,'olga info','books','olgainfo'),(14,'site footer','books','sitefooter'),(26,'flat page','flatpages','flatpage'),(16,'shops','books','shops'),(17,'transport','books','transport'),(18,'transfer','books','transfer'),(19,'message','auth','message'),(20,'fotos','books','fotos'),(21,'reccomendations','books','reccomendations'),(22,'flights','books','flights'),(23,'site param','books','siteparam'),(24,'hotels','books','hotels'),(25,'restaurants','books','restaurants'),(27,'article special','articles','articlespecial'),(28,'article type special','articles','articletypespecial'),(29,'article type','articles','articletype'),(30,'foto','articles','foto'),(31,'article','articles','article'),(32,'project option','templatetags','projectoption');
/*!40000 ALTER TABLE `django_content_type` ENABLE KEYS */;
UNLOCK TABLES;

--
-- Table structure for table `django_flatpage`
--

DROP TABLE IF EXISTS `django_flatpage`;
/*!40101 SET @saved_cs_client     = @@character_set_client */;
/*!40101 SET character_set_client = utf8 */;
CREATE TABLE `django_flatpage` (
  `id` int(11) NOT NULL AUTO_INCREMENT,
  `url` varchar(100) COLLATE utf8_unicode_ci NOT NULL,
  `title` varchar(200) COLLATE utf8_unicode_ci NOT NULL,
  `content` longtext COLLATE utf8_unicode_ci NOT NULL,
  `enable_comments` tinyint(1) NOT NULL,
  `template_name` varchar(70) COLLATE utf8_unicode_ci NOT NULL,
  `registration_required` tinyint(1) NOT NULL,
  PRIMARY KEY (`id`),
  KEY `django_flatpage_a4b49ab` (`url`)
) ENGINE=MyISAM AUTO_INCREMENT=81 DEFAULT CHARSET=utf8 COLLATE=utf8_unicode_ci;
/*!40101 SET character_set_client = @saved_cs_client */;

--
-- Dumping data for table `django_flatpage`
--

LOCK TABLES `django_flatpage` WRITE;
/*!40000 ALTER TABLE `django_flatpage` DISABLE KEYS */;
INSERT INTO `django_flatpage` VALUES (1,'/excursion/1','Обзорная экскурсия по Риму','<div class=\"abzac\">Эта экскурсия возможна пешком или на машине. Место встречи - у гостиницы или в любом месте в центре города. Мы увидим Долину пяти холмов - <strong>Капитолий, Палатин, Авентин, Эсквилин и Целий</strong>. Пройдем по проспекту <strong>Императорских форумов</strong> где расположены Республиканские и Императорские форумы и <strong>рынки Траяна</strong>. Подойдем к колизею и пофотографируем его с возвышения холма Оппио где был Золотой Дом Нерона. Затем поднимемся на Капитолйский холм, посмотрим с видовой площадки на панораму древних развалин. Увидим комплекс зданий Капитолийских музеев и Сената эпохи возрождения. Затем-площадь Венеции с Алтарем Отечества-мемориальным комплексом Виктория Эмануила.</div>\r\n<div class=\"abzac\">По улице Корсо мы направимся в кварталы Барокко, празднично украшенные фонтанами. <strong>Фонтан Треви</strong> и площадь Барберини где расположена также улица <strong>Долче Вита</strong>, воспетая в фильмах режиссера <strong>Феллини</strong>. Затем-излюбленные кварталы писателей, художников и иностранцев-квартал Испанской площади украшенный <strong>фонтаном Лодочка</strong> - творение архитектора <strong>Бернини</strong>. Затем - посещение древнейшего языческого храма <strong>Пантеон</strong>. Рядом с этим храмом расположена площадь <strong>Навона</strong> которая была древним стадионом а в современности это популярное место для прогулок и концертов. В центре площади фонтан 4-х рек, также творение Бернини и воспетый в романах Дена Брауна.</div>\r\n<div class=\"abzac\">&nbsp;</div>\r\n<div class=\"abzac\" style=\"width: 100%;\"><strong>Продолжительность экскурсии</strong> - 3 часа.</div>\r\n<div class=\"abzac\" style=\"width: 100%;\">&nbsp;</div>\r\n<div class=\"abzac\" style=\"width: 100%;\"><strong>Пешеходная:</strong></div>\r\n<div class=\"abzac\" style=\"width: 100%;\"><br /><strong>Стоимость на 1-3 человек</strong> - 110 евро.<br /><strong>Стоимость на 4-7 человек</strong> - 160 евро.</div>\r\n<div class=\"abzac\" style=\"width: 100%;\"><strong>Cтоимость на 7-10 человек</strong> - 220 евро</div>\r\n<div class=\"abzac\" style=\"width: 100%;\"><br /><strong>На машине:</strong></div>\r\n<div class=\"abzac\" style=\"width: 100%;\"><strong><br /></strong></div>\r\n<div class=\"abzac\" style=\"width: 100%;\"><strong>1 -3 человек - 230 евро</strong></div>\r\n<div class=\"abzac\" style=\"width: 100%;\"><strong>4 -6 человек - 250 евро</strong></div>\r\n<div class=\"abzac\" style=\"width: 100%;\">&nbsp;</div>\r\n<div class=\"abzac\" style=\"width: 100%;\">Ознакомьтесь также с экскурсией \"<a title=\"Экскурсия Античный Рим\" href=\"../../../../excursion/4\">Античный Рим</a>\".</div>\r\n<p><img src=\"../../../../ex_1_image_1.jpg\" alt=\"\" align=\"left\" hspace=\"5\" vspace=\"5\" /> <img src=\"../../../../ex_1_image_2.jpg\" alt=\"\" align=\"left\" hspace=\"5\" vspace=\"5\" /> <img src=\"../../../../ex_1_image_3.jpg\" alt=\"\" align=\"left\" hspace=\"5\" vspace=\"5\" /> <img src=\"../../../../ex_1_image_4.jpg\" alt=\"\" align=\"left\" hspace=\"5\" vspace=\"5\" /> <img src=\"../../../../ex_1_image_5.jpg\" alt=\"\" align=\"left\" hspace=\"5\" vspace=\"5\" /> <img src=\"../../../../ex_1_image_6.jpg\" alt=\"\" align=\"left\" hspace=\"5\" vspace=\"5\" /></p>',0,'articles/excursion.html',0),(2,'/excursion/2','Обзорная экскурсия по Риму','<div class=\"abzac\">Место встречи - в отеле или около Колизея. Первая часть экскурсии начинается в древней части города - в долине 5 холмов: Капитолий, Палатин, Эсквилин, Целий и Авентин. Мы зайдем в Императорские форумы, где увидим языческие храмы, Сенат, рынки императора Траяна и узнаем о легендах древности. Затем войдем в Колизей - арену для сражений гладиаторов и одно из чудес света. Рассмотрим сцену, а также поднимемся наверх на панорамную площадку. Увидим арку Константина-главную триумфальную арку Рима. Затем по проспекту императорских форумов мы прийдем на площадь Венеции, где расположен Алтарь отечества-мемориальный комплекс Виктория Эмануила. Поднимемся на Капитолийский холм-к комплексу зданий капитолийских музеев и Сената эпохи Возрождения. За Капитолийским холмом-Цирк Массимус-древнее место для атлетических состязаний и холм Палатин-место постройки императорских вилл.</div>\r\n<div class=\"abzac\">По улице Корсо мы направимся в кварталы Барокко, празднично украшенные фонтанами. Остановимся у фонтана Треви, воспетого в фильмах режиссера Феллини. Затем отправимся в излюбленное место писателей и художников-квартал Испанской площади, украшенный фонтаном Лодочка-творением архитектора Бернини. По пути к Пантеону мы увидим площадь Колонна с государственными зданиями города. Затем посетим сам уникальный и древнейший языческий храм Пантеон. На перерыв на обед мы остановимся в традиционном cемейном ресторанчике. Cтоимость обеда с вином около 20-25 евро на человека. Рядом с Пантеоном расположена площадь Навона - бывший в древности стадион, а теперь популярное место для прогулок и концертов. В центре площади увидим фонтан 4-х рек-творение Бернини, воспетый в романах Дена Брауна. Во второй части экскурсии мы рассмотрим другую сторону Рима, расположенную на противоположном берегу реки Тибр.</div>\r\n<div class=\"abzac\">При переезде через реку мы увидим замок святого Ангела. Затем окажемся на площади Св. Петра с собором Св. Петра - территории государства Ватикан. Мы посетим собор - творение в стиле барокко архитектора Бернини. Если Вы захотите, то можно будет подняться на купол и посмотреть на великолепный вид города. В течении тура мы посетим две панорамные площадки. Одну - на живописном холме Авентино, где прогуляемся в апельсиновом садике и посмотрим через Святое Отверстие в монастыре Мальтийского ордена на купол Святого Петра. А другую площадку-на высотном холме Яникул, с которой открывается самый романтичный вид на Рим.</div>\r\n<div class=\"abzac\" style=\"width: 100%;\">Экскурсия возможна пешком и на машине.</div>\r\n<div class=\"abzac\" style=\"width: 100%;\">&nbsp;</div>\r\n<div class=\"abzac\" style=\"width: 100%;\"><strong>Пешеходная:</strong></div>\r\n<div class=\"abzac\" style=\"width: 100%;\"><br /><strong>Cтоимость на 1 - 3 человек</strong> - 250 евро<br /><strong>Стоимость на 4 - 6 человек</strong> - 350 евро<br /><strong>Стоимость на 7 - 9 человек</strong> - 450 евро</div>\r\n<div class=\"abzac\" style=\"width: 100%;\"><br /><strong></strong></div>\r\n<div class=\"abzac\" style=\"width: 100%;\"><strong>На машине 6 &nbsp;часов:</strong></div>\r\n<div class=\"abzac\" style=\"width: 100%;\"><strong><br /></strong></div>\r\n<div class=\"abzac\" style=\"width: 100%;\"><strong>1 - 3 человек - 350 евро</strong></div>\r\n<div class=\"abzac\" style=\"width: 100%;\"><strong>4 - 6 человек - 400 евро</strong></div>\r\n<p><img src=\"../../../../ex_2_1.jpg\" alt=\"\" align=\"left\" hspace=\"5\" vspace=\"5\" /> <img src=\"../../../../ex_2_2.jpg\" alt=\"\" align=\"left\" hspace=\"5\" vspace=\"5\" /> <img src=\"../../../../ex_2_3.jpg\" alt=\"\" align=\"left\" hspace=\"5\" vspace=\"5\" /> <img src=\"../../../../ex_2_4.jpg\" alt=\"\" align=\"left\" hspace=\"5\" vspace=\"5\" /> <img src=\"../../../../ex_2_5.jpg\" alt=\"\" align=\"left\" hspace=\"5\" vspace=\"5\" /> <img src=\"../../../../ex_2_6.jpg\" alt=\"\" align=\"left\" hspace=\"5\" vspace=\"5\" /> <img src=\"../../../../ex_2_7.jpg\" alt=\"\" align=\"left\" hspace=\"5\" vspace=\"5\" /> <img src=\"../../../../ex_2_8.jpg\" alt=\"\" align=\"left\" hspace=\"5\" vspace=\"5\" /></p>',0,'articles/excursion.html',0),(3,'/excursion/3','Античный Рим','<div class=\"abzac\">Экскурсия - пешеходная. Начинается от метро \"Колизей\", где находится самая древняя археологическая зона Рима - Римский форум. Мы пройдемся по мощеным улицам города, по которым ступала нога Юлия Цезаря и других великих императоров. На центральной площади города - алтарь Цезаря, где было сожжено его тело. Мы пройдем по Виа Трионфале до величественной арки Септимия Севера и Курии, в которой собирался Сенат и вершил судьбы могущественной империи. Затем по Виа Сакра мы подойдем к руинам базилики Юлия и Эмилия, посетим Храм Весты и Ромула, Кастора и Поллукса и арку Тита. Мы также увидим где находились ростры, с которых вещали знаменитые императоры. Вы узнаете об истории язычества, о повседневной жизни и разнообразных праздниках римлян. Мы также посетим Мамертинскую темницу, в которой в 1 веке содержались перед смертью апостолы Петр и Павел и где на камне стены сохранился отпечаток лица Петра.</div>\r\n<div class=\"abzac\">Затем мы проследуем на Палатинский холм, где Ромул заложил первый камень Вечного Города и где позже императоры строили свои дворцы. Мы пройдемся по раскопкам этих дворцов - от эпохи императора Августа до Флавиев, в комнатах которых сохранились фрески и мраморные полы. Перед нами откроется великолепный вид на другие холмы - Авентин и Яникул. Затем мимо грандиозной арки Константина мы заходим в Колизей. Вы узнаете подробно о жизни Нерона и его Золотом Доме, который располагался на этих землях до пожара в Риме, о деталях постройки этого грандиозного амфитеатра, о cражениях гладиаторов, о расположении трибун для зрителей и клеток для животныx.</div>\r\n<div class=\"abzac\"><strong>Стоимость:</strong><br /><strong>1-3 человека</strong> - 120 евро<br /><strong>4-7 человека</strong> - 170 евро<br /><strong>7-10 человек</strong> - 265 евро</div>\r\n<p><img src=\"../../../../ex_3_1.jpg\" alt=\"\" align=\"left\" hspace=\"5\" vspace=\"5\" /> <img src=\"../../../../ex_3_2.jpg\" alt=\"\" align=\"left\" hspace=\"5\" vspace=\"5\" /> <img src=\"../../../../ex_3_3.jpg\" alt=\"\" align=\"left\" hspace=\"5\" vspace=\"5\" /> <img src=\"../../../../ex_3_4.jpg\" alt=\"\" align=\"left\" hspace=\"5\" vspace=\"5\" /> <img src=\"../../../../ex_3_5.jpg\" alt=\"\" align=\"left\" hspace=\"5\" vspace=\"5\" /> <img src=\"../../../../ex_3_6.jpg\" alt=\"\" align=\"left\" hspace=\"5\" vspace=\"5\" /> <img src=\"../../../../ex_3_7.jpg\" alt=\"\" align=\"left\" hspace=\"5\" vspace=\"5\" /> <img src=\"../../../../ex_3_8.jpg\" alt=\"\" align=\"left\" hspace=\"5\" vspace=\"5\" /></p>',0,'articles/excursion.html',0),(4,'/excursion/4','Античный Рим','<div class=\"abzac\"><strong>Экскурсия Античный Рим 4,5 часа</strong> - пешеходная. Она начинается от метро \"Колизей\" - здесь находится самая древняя археологическая зона Рима - Римский форум. Мы пройдемся по мощеным улицам города, по которым ходили знаменитые римские императоры. На центральной площади города расположен алтарь первого римского императора Гая Юлия Цезаря, где было сожжено его тело. Мы пройдем по Виа Трионфале до величественной арки Септимия Севера и Курии, в которой собирался Сенат и вершил судьбы могущественной империи. Затем по Виа Сакра мы подойдем к руинам базилики Юлия и Эмилия, посетим Храм Весты и Ромула, Кастора и Поллукса, арку Тита. Мы также увидим где находились ростры, с которых вещали римские императоры. Вы узнаете об истории язычества, о повседневной жизни и разнообразных праздниках римлян.</div>\r\n<div class=\"abzac\">Мы также посетим Мамертинскую темницу, в которой в I веке содержались перед смертью апостолы Петр и Павел и на стене которой сохранился отпечаток лица Петра. Затем мы проследуем на Палатинский холм, где Ромул заложил первый камень Вечного Города и где позже императоры строили свои дворцы. Мы пройдемся по раскопкам этих дворцов, построенных в эпоху от императора Августа до Флавиев, в которых сохранились древние фрески и мраморные полы. Перед нами откроется великолепная перспектива на другие холмы античного времени -Авентин и Яникул. Затем мимо грандиозной арки Константина мы заходим в Колизей. Там вы узнаете подробно о жизни Нерона и его Золотом Доме, который располагался на этих землях до пожара, о деталях постройки этого грандиозного амфитеатра, о cражениях гладиаторов, о расположении трибун для зрителей и клеток для животныx.</div>\r\n<div class=\"abzac\">Мы обойдем Палатинский холм и увидим сохранившийся Цирк Максимус - стадион древнего Рима, где сейчас продолжаются раскопки. Вдоль цирка мы дойдем до берега Тибра. В этих местах находился рынок Форо Боарио (\"Мясной форум\"). На реке Тибр есть Остров Тиберина - бывший речной порт римской империи, а сейчас - просто место для прогулок. Рядом находятся прекрасно сохранившиеся языческие храмы - Фортуны, Верилис и Весты. Далее мы посетим церковь Санта Мария ин Космедин. Она интересна своей архитектурой и особенно тем, что в ее портике находятся \"Уста Истины\" - так называют мраморную маску. Народное предание гласит, что человек, дающий клятву, вложив руку в каменные уста маски, не сможет ее вынуть, если будет неискренен. Многие известные фильмы (например, \"Римские каникулы\") используют этот сюжет.</div>\r\n<div class=\"abzac\">Направляясь в сторону площади Венеции мы увидим <strong>развалины театра Марчелло</strong> - единственного сохранившегося в <strong>Риме античного театра</strong>. Он был построен императором Августом в 23 г. до н.э. и от него сохранилась часть наружной стены. Считается, что театр послужил моделью для посторойки Колизея.</div>\r\n<div class=\"abzac\">Стоимость: <br /><strong>1-3 человека</strong> - 170 евро<br /><strong>4-7 человека</strong> - 220 евро</div>\r\n<div class=\"abzac\"><strong>7-10 человек</strong> - 300 евро</div>\r\n<p><img src=\"../../../../ex_4_1.jpg\" alt=\"\" align=\"left\" hspace=\"5\" vspace=\"5\" /> <img src=\"../../../../ex_4_2.jpg\" alt=\"\" align=\"left\" hspace=\"5\" vspace=\"5\" /> <img src=\"../../../../ex_4_3.jpg\" alt=\"\" align=\"left\" hspace=\"5\" vspace=\"5\" /> <img src=\"../../../../ex_4_4.jpg\" alt=\"\" align=\"left\" hspace=\"5\" vspace=\"5\" /> <img src=\"../../../../ex_4_5.jpg\" alt=\"\" align=\"left\" hspace=\"5\" vspace=\"5\" /> <img src=\"../../../../ex_4_6.jpg\" alt=\"\" align=\"left\" hspace=\"5\" vspace=\"5\" /> <img src=\"../../../../ex_4_7.jpg\" alt=\"\" align=\"left\" hspace=\"5\" vspace=\"5\" /> <img src=\"../../../../ex_4_8.jpg\" alt=\"\" align=\"left\" hspace=\"5\" vspace=\"5\" /> <img src=\"../../../../ex_4_9.jpg\" alt=\"\" align=\"left\" hspace=\"5\" vspace=\"5\" /></p>',0,'articles/excursion.html',0),(5,'/excursion/5','Государство Ватикан','<div class=\"abzac\">Эта пешеходная экскурсия может начинаться от отеля или от площади Св. Петра. Продолжительность-3 часа. Ватикан, официально называющееся Город-государство Ватикан (Stato della Citta del Vaticano) - это государство, не имеющее выхода к морю, территория которого состоит из окруженного стеной анклава в пределах города Рима. Государство расположено на территории приблизительно в 44 гектара (110 акров), с населением около 800 человек, это - самое маленькое независимое государство в мире и по населению, и по территории. Ватикан, как государство, появился только в 1929 году. В этом году было подписано Латеранское Соглашение, которое утвердило статус города &ndash; государства и говорило о Ватикане, как о новом государстве , а не как об остатке намного большей Папской области (756-1870 гг.), которая ранее занимала территорию центральной Италии. Большая часть этой территории была поглощена Королевством Италия в 1860 году, и заключительная часть, а именно, город Рим с маленькой областью вблизи Рима, десять лет спустя, в 1870 году.</div>\r\n<div class=\"abzac\">Ватикан представляет собой ненаследственную, избранную монархию, которой управляет Епископ Рима &mdash; Папа Римский. Самые высокие государственные чиновники являются священнослужителями Католической церкви. На территории Ватикана расположены Базилика Святого Петра, Апостольский Дворец, Сикстинская Капелла и музеи, которые были построены, наряду с различными другими зданиями в этой области. Территория Ватикана включает также Площадь Святого Петра. Мы пройдем в музеи Ватикана. Вначале мы посмотрим Пинакотеку - галлерею художников Италии от раннего возрождения до реализма. Вы увидите картины Джотто, Рафаэля, Гвидо Рени, Караваджо. У Вас будет уникальная возможность посетить Восьмиугольный двор, где находится знаменитая скульптурная группа Лаокоонт с сыновьями, открытие которой положило начало коллекции музеев, Аполлон Бельведерский, идеал мужской красоты, торс Бельведерский, любимая скульптура Микелянжело. В галлерее мы увидим гобелены, сотканные в Брюсселе, которые поразят Вас эффектом \"подвижной перспективы\".</div>\r\n<div class=\"abzac\">Вы увидите древние географические карты Италии. Затем мы пройдем в cтанцы Рафаэля-гостиные, где в 16 веке художник расписал фрески на религиозные сюжеты. В аппартаменах Борджия можно полюбоваться современным искусством - шедеврами Ван Гога, Марка Шагала и Сальвадора Дали. Самая уникальная часть музеев-Сикстинская Капелла. Cтены капеллы покрыты фресками Перуджино, Ботичелли, Росселини, а Микеланжело был расписан весь свод и алтарь. Это знаменитые фрески \"Cотворение мира\" и \"Страшный суд\". Через дверь Сикстинской Капеллы мы выйдем прямо к собору св. Петра. Строительство собора началось в 324 г., а закончилось только в 349 г., хотя богослужения в ней проводились уже с 326г. Вокруг храма вырос целый сакральный город, состоящий из часовен, молелен, крещален, иноческих обителей - все это было украшено ценными мозаиками, статуями, лепниной. Собор перестраивался много раз при участии архитекторов Рафаэля, Микеланжело, а позже Браманте, Беринини, Боромини и Рафаэля. Интерьер собора потрясает грандиозностью и величием &ndash; в полном соответствии с основной идеей явить облик Церкви торжествующей.</div>\r\n<div class=\"abzac\">Мы также посетим гроты Ватикана - зал, где захоронены Римские папы и подойдем к главной cвятыне собора - мощам Св. Петра.</div>\r\n<div class=\"abzac\">&nbsp;</div>\r\n<div class=\"abzac\"><strong>Cтоимость на 1-3 человек</strong> - 130 евро<br /><strong>Стоимость на 4-7 человек</strong> - 170 евро<br /><strong>Стоимость на 7-10 человек</strong> - 220 евро</div>\r\n<p><img src=\"../../../../ex_5_1.jpg\" alt=\"\" align=\"left\" hspace=\"5\" vspace=\"5\" /> <img src=\"../../../../ex_5_2.jpg\" alt=\"\" align=\"left\" hspace=\"5\" vspace=\"5\" /> <img src=\"../../../../ex_5_3.jpg\" alt=\"\" align=\"left\" hspace=\"5\" vspace=\"5\" /> <img src=\"../../../../ex_5_4.jpg\" alt=\"\" align=\"left\" hspace=\"5\" vspace=\"5\" /> <img src=\"../../../../ex_5_5.jpg\" alt=\"\" align=\"left\" hspace=\"5\" vspace=\"5\" /> <img src=\"../../../../ex_5_6.jpg\" alt=\"\" align=\"left\" hspace=\"5\" vspace=\"5\" /> <img src=\"../../../../ex_5_7.jpg\" alt=\"\" align=\"left\" hspace=\"5\" vspace=\"5\" /> <img src=\"../../../../ex_5_8.jpg\" alt=\"\" align=\"left\" hspace=\"5\" vspace=\"5\" /> <img src=\"../../../../ex_5_9.jpg\" alt=\"\" align=\"left\" hspace=\"5\" vspace=\"5\" /></p>',0,'articles/excursion.html',0),(6,'/excursion/6','Монументальный Рим - от Возрождения до Барокко','<div class=\"abzac\">Экскурсия начинается у отеля или на площади Барберини. Продолжительность-3 часа. Возможно пешком или на машине. Рим-уникальный город, в котором сосредоточены шедевры разных эпох: и античность, и средневековье, и возрождение, и барокко. Начиная с площади Барберини мы увидим фонтан Тритон-творение архитектора Лоренцо Бернини, cоздававшего украшения кварталов центра по заказам Папы Урбана VIII. От этой площади начинается легендарная улица Венето или Dolce Vita знаменитая по фильмам режиссера Федерико Феллини. Мы пройдемся по ней до церки Санта-Мария-делла-Кончецционе, где расположена крипта Капуццинов. Здесь в нескольких капеллах, соединенных длинным коридором монахи выложили замысловатыми узорами кости 4500 капуцинов. В зале №5 выставлен скелет принцессы Барберини, племянницы Папы Сикста V, умершей молодой. Коса смерти и чаша весов, напоминающие о том, что все земное бренно, дополняют макабрический интерьер.</div>\r\n<div class=\"abzac\">По улице Систина, где жил Гоголь мы поднимемся на вершину холма Пинчио. Cверху открывается прекрасный вид на Испанскую Лестницу и Испанскую площадь. В этом районе жили знаменитые писатели и художники. У подножия лестницы-чудесный фонтан Лодочка руки Пьетро Бернини, отца знаменитого скульптора. Весь квартал построен по проекту Трезубца-улицы Бабуино, Корсо и Рипетта. Мы пройдем по улице Бабуино, одной из улиц высокой моды до парадной площади Пополо, украшенной обелиском и скульптурными группами архитектора Валадьера. Оттуда пройдем по улице Корсо, где раньше проходили скачки на лошадях, мы остановимся у фонтана Треви, расположенного на площади, затерянной среди узких улочек. По традиции путешественники бросают в воды фонтана монетку для того, чтобы вернутся в Рим. Также здесь можно попробовать знаменитое итальянское мороженое домашнего приготовления-gelato, по праву считающееся самым вкусным.</div>\r\n<div class=\"abzac\">Мимо площади Колонны и дворца Парламента мы дойдем до сохранившихся колонн храма Адриана а затем пройдем к Пантеону, в котором покоится гений возрождения Рафаэль. Посетим церковь Санта-Мария-Сопра-Минервы-церковь Рима, находящаяся на месте античного храма Минервы. Эта цековь была возведена домениканцами в 1280-1370 гг. И строителми и прихожанами храма были флорентийцы. Здесь собирались комиссии по вопросам отречения еретиков. В частности здесь отрекались от своих \"заблуждений\" Галилей и граф Калиосто. Вы увидите замечательные художественные сокровища-росписи Филиппино Липпи в капелле Карафа, барочную капеллу Альдобрандини и статую Христа работы Микеланжело.</div>\r\n<div class=\"abzac\">Затем мы дойдем до самой прекрасной площади Барокко-площадь Навона с тремя восхитительными фонтанами-4-x рек, Нептун и Мавр. А рядом находится площадь Цветов, где располагается самый древний в Риме рынок и площадь Фарнезе с замечательными постройками возрождения и барокко.</div>\r\n<div class=\"abzac\">&nbsp;</div>\r\n<div class=\"abzac\"><strong>Стоимость 1-3 человека</strong> - 120 евро<br /><strong>Стоимость 4-7 человек</strong> - 160 евро<br /><strong>Стоимость 7-10 человек</strong> - 220 евро<br /><strong>Машина</strong> - 100 евро за тур</div>\r\n<p><img src=\"../../../../ex_6_1.jpg\" alt=\"\" align=\"left\" hspace=\"5\" vspace=\"5\" /> <img src=\"../../../../ex_6_2.jpg\" alt=\"\" align=\"left\" hspace=\"5\" vspace=\"5\" /> <img src=\"../../../../ex_6_3.jpg\" alt=\"\" align=\"left\" hspace=\"5\" vspace=\"5\" /> <img src=\"../../../../ex_6_4.jpg\" alt=\"\" align=\"left\" hspace=\"5\" vspace=\"5\" /> <img src=\"../../../../ex_6_5.jpg\" alt=\"\" align=\"left\" hspace=\"5\" vspace=\"5\" /> <img src=\"../../../../ex_6_6.jpg\" alt=\"\" align=\"left\" hspace=\"5\" vspace=\"5\" /> <img src=\"../../../../ex_6_7.jpg\" alt=\"\" align=\"left\" hspace=\"5\" vspace=\"5\" /> <img src=\"../../../../ex_6_8.jpg\" alt=\"\" align=\"left\" hspace=\"5\" vspace=\"5\" /></p>',0,'articles/excursion.html',0),(7,'/excursion/7','Христианский Рим','<div class=\"abzac\">Рим - \"второй Иерусалим\"- главный по масштабам город Римской Католической церкви. Это город местонахождения Святого престола и этим объясняется огромное количество соборов, церквей, базилик, часовен (по некоторым данным их около 500). Осматривая храмы Рима, знакомишься не только с историей города, Римской империей, но и узнаешь о судьбах великих художников и их произведений. Каждая церковь - это неповторимое произведение искусства. Во многих Соборах Рима находятся останки апостолов, мучеников, реликвии и символы христианства.</div>\r\n<div class=\"abzac\">Каждый год в Рим направляются множество паломников. По cредневековой традиции паломники проходили путь \"7 церквей\" - путь к месту смерти апостолов, как высшая форма покаяния, очищения и отпущения грехов. Эта традиция в 1300 году по воле Папы Бонифация VIII превратилась в Юбилей - Святой год, который наступает 1 раз в 25 лет. В Риме находится 4 патриархальные юбилейные базилики, где имеются особые бронзовые двери, откравающиеся на время юбилейного года.</div>\r\n<div class=\"abzac\">Сначала мы направимся на холм Эсквилин, где находится самая большая в городе, посвященная Непорочной Деве и единственная, сохранившая первоначальные древнехристианские формы церковь Санта-Мария-Маджоре. Этот собор называют также Либериана, по имени папы, которому согласно легенде, Святая Дева явилась во сне, наказывая поставить церковь там, где назавтра выпадет снег. Чудо свершилось и церковь была построена. Мы увидим великолепный резной потолок, средневековые мозаики,сохранившиеся в портике собора, Cикстинскую капеллу - место погребения папы Сикста V, капеллу Паолина - погребальную капеллу папы-мецената Павла V Боргезе. А в алтаре хранится главная святыня храма - ларец с кусочками вифлеемских яслей, где волхвы нашли младенца Иисуса.</div>\r\n<div class=\"abzac\">Недалеко от этой базилики расположена уникальная церковь Санта-Прасседе, посвященная Святой Праксиде, которая прославилась тем, что вместе со своей сестрой Пуденцианой во II веке подбирала и сохраняла останки христианских мучеников и втайне захоронивала их в закрытом колодце у входа в церковь. Гробницы самих сестер находятся в крипте собора. Мы увидим необыкновенную капеллу Сан-Дзеноне, которую папа Пасхалий I (817-824 гг.) построил в честь своей матери Теодоры и выложил византийской мозаикой. В этой базилике хранятся и мучениские кости, которые Папа Пасхалий 1 перевез из катакомб.</div>\r\n<div class=\"abzac\">Церковь Санта-Пуденциана расположена на том месте, где жил сенатор Пудент - отец Праксиды и Пуденцианы. Под криптой сохранилась часть этого древнего жилища и колодец, где хранились мощи христиан. На мозаиках изображены фигуры Христа, апостолов и святых Праксиды и Пуденцианы.</div>\r\n<div class=\"abzac\">Другая базилика, также расположенная на холме Эсквилино-Сан-Пьетро-ин-Винколи, знаменита тем, что под ее алтарем хранятся вириги - оковы Св.Петра. Тамже находится скульптура Св.Моисея работы Микельанжело. Эту скульптуру Микельанжело создал для надгробия папы Юлия II в базилике Св.Петра, но она не была им закончена. Впоследствие фигуры папы, Мадонны с младенцем, Лии и Рахели были завершены учениками мастера. В этой же базилике можно увидеть фрески Гверчино, Доменикино и Помаранчо.</div>\r\n<div class=\"abzac\">Затем мы направимся в район Латерана - древнего центра папского Рима. Вскоре после Миланского эдикта о принятии христианства на Латеране поселились папы - в резиденции Патриархии, которая вскоре стала огромным папским городом, где заседала Курия и принимали послов. Эти резиденции сгорели во время пожаров в 1307 году во время Авиньонского пленения пап. В XVI веке Сикст V построил Святая Святых ( Sancta Sanctorum ) - капеллу реликвий, где хранится нерукотворный образ Спасителя (VI-VII веков). В этом же здании находится Святая Лестница, по которой, как считается, Христос поднимался к Пилату. Главное строение Латерана - патриархальная базилика Сан-Джованни-ин-Латерано, заложенная в IV веке, а затем перестроенная в окончательном варианте архитектором Бернини. Рядом с собором мы увидим Баптистерий - крещальню, где принял крещение император Константин.</div>\r\n<div class=\"abzac\">В другой базилике района Латерана Санта-Кроче-ин-Джерусалеме, построенной на землях, где находился древний дворец императрицы Елены, хранятся реликвии, привезенные Еленой из Иерусалима - крест на котором был распят Иисус и колючки из тернового венца.</div>\r\n<div class=\"abzac\">Затем мы направимся к собору Св. Павла, который расположен за древними Аврелиевыми стенами. Этот древняя церковь была основана Константином на том месте, где был похоронен апостол Павел. В этом грандиозном соборе мы увидим медальоны-портреты всех Римских пап, малахит и лазурит, дарованные царем Николаем I после пожара 1823 года.</div>\r\n<div class=\"abzac\">Далее мы направимся на живописный холм Авентино, где расположены одни из самых ранних христианских церквей. Базилика Санта-Сабина была создана в V веке и в ней сохранились оригинальные мраморные хоры, остатки мозаичного пола, коринфские колонны из храма Юноны. На площади Мальтийских рыцарей мы увидим Святое отверстие, через глазок которого в двери Мальтийского монастыря виден купол собора Св. Петра.</div>\r\n<div class=\"abzac\">В этой экскурсии возможно посещение собора Cв. Петра для тех, кто не посещает Ватикан отдельно.<br /><br />Обязательное условие при посещении храмов - плечи и колени должны быть закрыты!<br /><br /><strong>Продолжительность тура</strong> - 3 часа</div>\r\n<div class=\"abzac\"><br /><strong>Стоимость:</strong></div>\r\n<div class=\"abzac\"><br /><strong>1 - 3 человек</strong> - 120 евро <br /><strong>4 - 7 человек</strong> - 160 евро <br /><strong>7 - 10 человек</strong> - 230 евро</div>\r\n<div class=\"abzac\"><br /><strong>Машина</strong> - 100 евро за тур</div>\r\n<p><img src=\"../../../../ex_7_1.jpg\" alt=\"\" align=\"left\" hspace=\"5\" vspace=\"5\" /> <img src=\"../../../../ex_7_2.jpg\" alt=\"\" align=\"left\" hspace=\"5\" vspace=\"5\" /> <img src=\"../../../../ex_7_3.jpg\" alt=\"\" align=\"left\" hspace=\"5\" vspace=\"5\" /> <img src=\"../../../../ex_7_4.jpg\" alt=\"\" align=\"left\" hspace=\"5\" vspace=\"5\" /> <img src=\"../../../../ex_7_5.jpg\" alt=\"\" align=\"left\" hspace=\"5\" vspace=\"5\" /> <img src=\"../../../../ex_7_6.jpg\" alt=\"\" align=\"left\" hspace=\"5\" vspace=\"5\" /> <img src=\"../../../../ex_7_7.jpg\" alt=\"\" align=\"left\" hspace=\"5\" vspace=\"5\" /> <img src=\"../../../../ex_7_8.jpg\" alt=\"\" align=\"left\" hspace=\"5\" vspace=\"5\" /></p>',0,'articles/excursion.html',0),(8,'/excursion/8','Подземный Рим','<div class=\"abzac\">Эта экскурися на машине. Продолжительность - 3 часа.<br /><br />Мы выезжаем из центра Рима, проезжая мимо Колизея и терм Каракаллы - главных античных Римских бань. При выезде из города Вы увидите древние Авреливые стены и въезд на Дорогу - ворота Св. Себастиана. Аппиева дорога была построена по приказу цензора Аппия Клавдия Цека в 312 году до н. э. Аппиева дорога имела важное военное, культурное и торговое значение и в древности ее называли \"царицей дорог\". Cамый древний участок дороги вымощен тесаными камнями, которые укладывались на слой гальки и цемента. Вскоре римляне стали строить вдоль дороги монументальные гробницы, акведуки и великолепные памятники, убранство которых стало делом престижа.</div>\r\n<div class=\"abzac\">Так, уже через 20 лет после открытия движения, по Аппиевой дороге представители римского рода Cципионов построили склепы для захоронения членов своей семьи. Мы посетим церковь Qua Vadis, где произошла знаковая для христианства встреча. Святой апостол Петр уходил из Рима и на Аппиевой дороге ему явился Христос. Domine Quo Vadis? ( \"Куда идешь, Господи?\") &ndash; спросил апостол. Ответ был: Eo Romam iterum crucifigi ( \"Иду в Рим, чтобы снова быть распятым\"). Устыдившись своего бегства, Петр вернулся. В самом центре церкви, названной Domine Quo Vadis мы увидим отпечаток ступней Иисуса, оригинал находится в церкви Св. Себастиана. Мы проследуем к этой церкви, в которой хранятся мощи этого Римского святого. А затем мы спустимся в катакомбы Св. Себастиана, где хорошо сохранились фрески христианской тематики: Оранта, Иисус в яслях, Моисей, цикл фрескок об Ионе.</div>\r\n<div class=\"abzac\">Рядом расположены огромные катакомбы Св. Каллисто. Этот комплекс формировался в течение II-IV века на базе нескольких ранее существовавших зон захоронений, постепенно расширявшихся и слившихся в единую сеть к концу IV столетия. Решение обустроить здесь кладбище для всех членов христианской общины Рима принадлежит римскому епископу Зефирину. Организация и управление комплексом захоронений были поручены диакону Каллисту. В обязанности Каллиста было вменено достойное погребение каждого умершего христианина, при этом похороны бедных осуществлялись за счёт церкви. Каллист, ставший после кончины Зефирина его преемником, значительно расширил и благоустроил катакомбы в течение своего понтификата, так что в церковном сознании этот погребальный комплекс тесно связан с именем Каллиста. Мы увидим множество фресок и надписей периода, свидетельствуещего о жизни и смерти членов христианской общины первых веков новой эры.</div>\r\n<div class=\"abzac\">Вернувшиcь назад в центр Рима мы посетим Базилику Св. Клемента - уникальный археологический комплекс, включающий в себя верхний уровень (современная базилика, возведённая в XII веке), средний уровень (раннехристианская базилика, построенная в IV веке) и нижний уровень (два строения, возникшие в I веке новой эры). Современная базилика содержит исполненную раннехристианскими символами мозаику XII века, фрески XV и XVIII веков. В раннехристианской базилике сохранились уникальные фрески IX века, содержащие, в том числе, первые из известных надписи на простонародном итальянском языке. В базилике почивают мощи Святого Климента, четвёртого римского епископа и одного из мужей апостольских, Игнатия Богоносца и немногочисленные уцелевшие частицы мощей равноапостольного Кирилла, славянского просветителя.</div>\r\n<div class=\"abzac\">Затем мы посетим базилику Сант-Аьезе-Фоури-ле-Мура, построенную в VII веке при папе Гонории I на месте захоронения мученицы святой Агнессы и спустимся в подземелья из вулканической почвы. В церкви Санта-Мария-ин-Космедин, рядом скоторой находятся легендарные Уста Истины, сможем увидеть в портике здания фреску XII века с древом жизни, резные мраморные хоры и спуститься в раннехристианский некрополь.</div>\r\n<div class=\"abzac\">&nbsp;</div>\r\n<div class=\"abzac\"><strong>Стоимость 1-3 человек</strong> - 120 евро<br /><strong>Стоимость 4-7 человек</strong> - 160 евро<br /><strong>Стоимость 7-10 человек</strong> - 230 евро</div>\r\n<div class=\"abzac\"><br /><strong>Машина</strong> - 100 евро за тур</div>\r\n<p><img src=\"../../../../ex_8_1.jpg\" alt=\"\" align=\"left\" hspace=\"5\" vspace=\"5\" /> <img src=\"../../../../ex_8_2.jpg\" alt=\"\" align=\"left\" hspace=\"5\" vspace=\"5\" /> <img src=\"../../../../ex_8_3.jpg\" alt=\"\" align=\"left\" hspace=\"5\" vspace=\"5\" /> <img src=\"../../../../ex_8_4.jpg\" alt=\"\" align=\"left\" hspace=\"5\" vspace=\"5\" /> <img src=\"../../../../ex_8_5.jpg\" alt=\"\" align=\"left\" hspace=\"5\" vspace=\"5\" /> <img src=\"../../../../ex_8_6.jpg\" alt=\"\" align=\"left\" hspace=\"5\" vspace=\"5\" /> <img src=\"../../../../ex_8_7.jpg\" alt=\"\" align=\"left\" hspace=\"5\" vspace=\"5\" /> <img src=\"../../../../ex_8_8.jpg\" alt=\"\" align=\"left\" hspace=\"5\" vspace=\"5\" /> <img src=\"../../../../ex_8_9.jpg\" alt=\"\" align=\"left\" hspace=\"5\" vspace=\"5\" /></p>',0,'articles/excursion.html',0),(9,'/excursion/9','Вечерний Рим','<div class=\"abzac\">Экскурсия возможна пешком или на машине. Экскурсия начинается от Капитолийского холма. С панорамной площадки мы рассмотрим Римские форумы - ревний центр города. Вокрух Капитолия расположены другие холмы - Палатин, Авентин, Эсквилин и Целий. Знаменитая Капитолийская площадь, где находятся здания Капитолийских музеев, Сената эпохи Возрождения и лестницы - проект Микеланжело. От великолепной площади Венеции c мемориальным комплексом Алтаря Отечества наш путь лежит вдоль Императорских Форумов и Траяновых рынков к Колизею. От цирка Массимус открывается вид на великолепие дворцов Палатина. На живописном холме Авентин мы увидим легендарный панорамный глазок - Святое отверстие, сквозь которое через садик Мальтийского монастыря открывается вид на освещенный купол базилики Св. Петра. По улице Корсо мы направимся в кварталы Барокко, празднично украшенные фонтанами. На площади Колонна - древняя колонна Марка Аврелия, а рядом, на площади Пьетра - сохранившийся портик древнего храма Адриана.</div>\r\n<div class=\"abzac\">Затем мы остановимся у фонтана Треви - легендарного шедевра архитектора Николы Салви. Увидим площадь Барберини и фонтан Тритон, улицу Долче Вита (\"Сладкая жизнь\") - места Рима, воспетые в фильмах режиссера Феллини. Затем посетим излюбленные романтические кварталы писателей, художников и иностранцев. Квартал Испанской площади, украшенный фонтаном Лодочка - творением архитектора Бернини. Нам откроется вид на этот квартал с высоты холма Пинчио от церкви Тринита-дей-Монти. Улицы района Испанской площади формируют знаменитый Трезубец, который венчает величественный ансамбль площади Пополо. Затем мы остановимся на площади Навона, которая в древности была стадионом, а сейчас - это оживленное, особенно по вечерам, место, где много живой музыки, выступлений клоунов, шуточных \"живых статуй\". В центре площади расположен грандиозный фонтан 4-х рек - творение Бернини.</div>\r\n<div class=\"abzac\">Кампо-де-Фьори (\"Поле Цветов\") - место, где находился древний цветочный рынок. Это - центр настощей Римской вечерней жизни, где очень много виннерий, ресторанчиков, а магазины работают до поздна. Во второй части экскурсии мы увидим другую сторону реки Тибр. При переходе через мост на реке Тибр мы увидим остров Тиберина, римский квартал Трастевере и холм Яникул - римский холм, посвященный богу Янусу и самая высокая смотровая площадка на город. Яникул также украшает монументальный фонтан Паола, построенный папой Павлом V Боргезе. При спуске с Яникула нам откроется вид на площадь Св. Петра с колонадой Бернини и сам собор Св. Петра в великолепной подсветке, а затем замок Св. Ангела. На Квиринальском холме расположен величественный Квиринальский дворец - резиденция пап в XVI веке (в настоящее время дворец Президента Италии), а на холме Эсквилино - площадь Республики с фонтаном Неяд.</div>\r\n<div class=\"abzac\">&nbsp;</div>\r\n<div class=\"abzac\"><strong>Продолжительность</strong> - 3 часа</div>\r\n<div class=\"abzac\"><br /><strong>Стоимость:</strong><br /><strong>1-3 человека</strong> - 140 евро<br /><strong>4-7 человек</strong> - 190 евро<br /><strong>7-10 человек</strong> - 200 евро<br /><strong>Машина</strong> - 100 евро за тур</div>\r\n<p><img src=\"../../../../ex_9_1.jpg\" alt=\"\" align=\"left\" hspace=\"5\" vspace=\"5\" /> <img src=\"../../../../ex_9_2.jpg\" alt=\"\" align=\"left\" hspace=\"5\" vspace=\"5\" /> <img src=\"../../../../ex_9_3.jpg\" alt=\"\" align=\"left\" hspace=\"5\" vspace=\"5\" /> <img src=\"../../../../ex_9_4.jpg\" alt=\"\" align=\"left\" hspace=\"5\" vspace=\"5\" /> <img src=\"../../../../ex_9_5.jpg\" alt=\"\" align=\"left\" hspace=\"5\" vspace=\"5\" /> <img src=\"../../../../ex_9_6.jpg\" alt=\"\" align=\"left\" hspace=\"5\" vspace=\"5\" /> <img src=\"../../../../ex_9_7.jpg\" alt=\"\" align=\"left\" hspace=\"5\" vspace=\"5\" /> <img src=\"../../../../ex_9_8.jpg\" alt=\"\" align=\"left\" hspace=\"5\" vspace=\"5\" /></p>',0,'articles/excursion.html',0),(10,'/excursion/10','Ангелы и Демоны Рима','<div class=\"abzac\">Во время этой экскурсии мы погрузимся в атмосферу загадочности и пройдем \"путь просвещенных\", как и герои фильма \"Ангелы и демоны\", решавшие различные загадки и расшифровывавшие тайны древних скульптур и текстов. Роскошные замки, жуткие катакомбы, удивительные фонтаны и подземные тайники&hellip;</div>\r\n<div class=\"abzac\">О чем фильм \"Ангелы и Демоны\"? Ужасные события происходят во время избрания нового Папы Римского. Тайное антирелигиозное сообщество Иллюминатов похищает антивещество, способное сровнять с землей целую страну. Бомба установлена в Ватикане, в соборе Святого Петра, и вскоре должна взорваться. Есть и еще одна неприятность: похищены четыре кардинала &ndash; главные претенденты на пост Папы. Их обещают убивать по одному каждый час.</div>\r\n<div class=\"abzac\">В центре истории оказывается американский профессор Роберт Лэнгдон (актер Том Хэнкс), герой-интеллектуал. Он бегает по Риму, решая различные загадки, дабы предотвратить разрушение Ватикана. Раскрыть тайну Лэнгдону помогают четыре ориентира, связанные с Землей, Воздухом, Огнем и Водой, а также работы итальянского скульптора Лоренцо Бернини.</div>\r\n<div class=\"abzac\"><strong>Церковь Санта-Мария дель Пополо</strong><br /> Санта-Мария дель Пополо - церковь ордена августинцев. Она возникла на месте часовни, построенной у тополя (populeo в переводе с итальянского означает &laquo;тополевый&raquo;). Эта церквушка &ndash; кладезь бесценных произведений искусства, таких как картины Караваджо &laquo;Распятие Петра&raquo; и &laquo;Обращение Павла&raquo;. Роль в сюжете фильма: Ориентир, связанный с Землей. Ведь приделы церкви строились как семейные усыпальницы римской знати и церковных сановников. Роберт Лэнгдон и его подруга Виттория уверены, что именно здесь был убит первый из похищенных кардиналов. Самое важное место - капелла Киджи, созданная по проекту Рафаэля для крупного банкира и мецената Агостино Киджи. Там-то Лэнгдон и находит скульптуру Бернини &laquo;Хабаккук и ангел&raquo;. Ангел простирает руку и указывает смельчаку-профессору где находится следующий ключ к разгадке тайны.</div>\r\n<div class=\"abzac\"><strong>Площадь Св. Петра</strong><br /> Гигантская площадь Святого Петра разбита перед базиликой святого Петра в Риме по проекту Бернини (1656-1667). Потрясающая воображение колоннада на площади состоит из четырех рядов дорических колонн и украшена 140 статуями святых. Посередине - египетский обелиск, привезенный в Рим императором Калигулой.<br /> Роль в сюжете фильма: Второй кардинал с выжженным на груди знаком AIR (&laquo;воздух&raquo;) по замыслу Дэна Брауна был убит прямо перед собором Святого Петра. Площадь Святого Петра или пьяцца Сан Пьетро - грандиозная площадь в виде двух симметричных полукружий является архитектурной гордостью Рима. Разумеется, такое место просто не могло не попасть в фильм. В &laquo;Ангелах и демонах&raquo; пьяцца Сан Пьетро связана с символом Воздуха. На барельефе West Ponente (высеченном на камне в основании египетского обелиска) изображен ангел, выдыхающий воздух в восточном направлении... Он становится для профессора Лэнгдона следующим ориентиром.</div>\r\n<div class=\"abzac\"><strong>Церковь Санта-Мария-Делла-Виттория</strong><br /> Скульптура &laquo;Экстаз святой Терезы&raquo; посвящена испанской монахине и католической святой, жившей в ХVI веке. В одном из писем святая Тереза рассказала, как однажды во сне &laquo;к ней явился ангел в плотском образе&raquo; и пронзил ей сердце золотой стрелой с огненным концом, отчего она испытала &laquo;сладостную муку&raquo;. Скульптура Беринини сильно развеселила Дэна Брауна. &laquo;Его творение здорово смахивало на порнографию&raquo; &ndash; написал он в своей книге.<br /> Роль в сюжете фильма: Кардинал Гуидер, подвешенный за руки над костром, сгорел заживо в церкви Санта-Мария-делла-Виттория. Поэтому в фильме она имеет символ Огня. Правда, писатель Дэн Браун позволил себе вольность, расположив маленькую церквушку на площади Барберини, в то время как на самом дела она находится неподалеку от Пьяцца делла Република. Главная цель Роберта Лэндгдона &ndash; скульптура Бернини &laquo;Экстаз святой Терезы&raquo; - расположена в капелле Корнаро. Копье ангела направлено святой Терезе прямо в сердце. Приглядевшись к копью, Лэнгдон отправляется на юго-запад.</div>\r\n<div class=\"abzac\"><strong>Фонтан Четырех рек</strong><br /> В 1644 году великий Бернини из-за происков недругов не участвовал в конкурсе проектов будущего фонтана. Несмотря на это, Лоренцо все равно придумал его макет: обелиск должны окружать красавцы-атлеты, статуи речных богов рек Нила, Ганга, Дуная и Ла-Платы. Макет фонтана случайно оказался в столовой, где обедал папа Иннокентий X. Он был так поражен красотой скульптуры, что отменил конкурс и велел Бернини без промедления заняться сооружением фонтана. <br /> <strong>Роль в сюжете фильма:</strong><br /> Фонтан Четырех рек - один из самых знаменитых фонтанов Рима. Он находится на площади Навона. Как и предыдущие архитектурные ориентиры профессора Лэнгдона, фонтан был сооружен по проекту Бернини (1648-1651). Именно в этом фонтане, по задумке Брауна, утонул окутанный цепями кардинал Баджиа. Фонтан символизирует Воду. А последним указателем американского профессора становится голубь. Бронзовая фигурка голубки находится на вершине обелиска фонтана и указывает в направлении северо-запада &ndash; туда, где находится логово Иллюминатов.</div>\r\n<div class=\"abzac\"><strong>Замок Святого Ангела</strong><br /> <strong>Роль в сюжете фильма: </strong><br /> Замок святого Ангела &ndash; еще один &laquo;герой&raquo; фильма &laquo;Ангелы и демоны&raquo;. Замок когда-то был гробницей, затем резиденцией пап, хранилищем их ценностей и одновременно тюрьмой, а в наши дни является музеем. По фильму, спиралеобразная галерея замка использовалось в качестве секретного жилища наемного убийцы и последних из существующих Иллюминатов. Любопытно, что в средние века замок святого Ангела был соединен с Ватиканом passeto - 800-метровым укрепленным коридором. Он был нужен в качестве запасного выхода для римских Пап, а вовсе не для похищения кардиналов, как показано в фильме.</div>\r\n<div class=\"abzac\">Ватиканскому дворцу с находящейся в нем Сикстинской капеллой отведено в &laquo;Ангелах и демонах&raquo; очень важное место. Кардиналы запираются в капелле для тайного совещания, чтобы выбрать нового Папу римского.</div>\r\n<div class=\"abzac\">Еще одной остановкой для съёмочной группы &laquo;Ангелов и демонов&raquo; стала, расположенная за Пантеоном, площадь Пьяцца делла Ротонда, известная также как Площадь Пантеона. Это оживлённое место, заполненное кафе, сувенирными лавками, уличными музыкантами и вездесущими римскими голубями, в дни съёмок бурлило от количества любопытных. Мы с Вами посетим этот древнейший и уникальный \"храм всех богов\", основанный при Агриппе в 27 г. до н.э.</div>\r\n<div class=\"abzac\"><strong>Продолжительность</strong> - 3 часа<br /><br /> <strong>Стоимость:</strong><br /> <strong>1 - 3 человека</strong> - 120 евро<br /> <strong>4 - 7 человек</strong> - 160 евро<br /> <strong>7 - 10 человек</strong> - 220 евро<br /> <strong>Машина</strong> - 100 евро за тур</div>\r\n<p><img src=\"../../../../ex_10_1.jpg\" alt=\"\" align=\"left\" hspace=\"5\" vspace=\"5\" /> <img src=\"../../../../ex_10_2.jpg\" alt=\"\" align=\"left\" hspace=\"5\" vspace=\"5\" /> <img src=\"../../../../ex_10_3.jpg\" alt=\"\" align=\"left\" hspace=\"5\" vspace=\"5\" /> <img src=\"../../../../ex_10_4.jpg\" alt=\"\" align=\"left\" hspace=\"5\" vspace=\"5\" /> <img src=\"../../../../ex_10_5.jpg\" alt=\"\" align=\"left\" hspace=\"5\" vspace=\"5\" /> <img src=\"../../../../ex_10_6.jpg\" alt=\"\" align=\"left\" hspace=\"5\" vspace=\"5\" /> <img src=\"../../../../ex_10_7.jpg\" alt=\"\" align=\"left\" hspace=\"5\" vspace=\"5\" /> <img src=\"../../../../ex_10_8.jpg\" alt=\"\" align=\"left\" hspace=\"5\" vspace=\"5\" /> <img src=\"../../../../ex_10_9.jpg\" alt=\"\" align=\"left\" hspace=\"5\" vspace=\"5\" /> <img src=\"../../../../ex_10_10.jpg\" alt=\"\" align=\"left\" hspace=\"5\" vspace=\"5\" /> <img src=\"../../../../ex_10_11.jpg\" alt=\"\" align=\"left\" hspace=\"5\" vspace=\"5\" /></p>',0,'articles/excursion.html',0),(11,'/excursion/11','Римская жизнь','<div class=\"abzac\">Эта пешеходная экскурсия начинается от Площади Аргентина, где мы увидим развалины театра Помпея(Ареа Сакра) - первой в Риме каменной арене, построенной в 55 г. до н.э. Именно в этом месте был заколот кинжалами Юлий Цезарь. А сейчас при этих развалинах живет целая колония знаменитых римских кошек. Затем по улице Джуббонари, что в переводе означает \"улица пиджачников\", мы направимся на Кампо-де-Фьори - центр настоящей римской жизни. Ранее в этом квартале находились ремесленная слобода. Улицы этого района так и называются: улицы Петтинари (гребенщиков), Капеллари (шляпников), Кальделари (лудильщиков). Здесь множество магазинов и питейных лавочек, работающих без перерыва и допоздна. Здесь можно также попробовать знаменитое итальянское мороженое (gelato).</div>\r\n<div class=\"abzac\">Затем мы подойдем к реке Тибр, перейдя через которую по мосту Фабриция, мы окажемся на острове Тиберина. По легенде это не остров, а корабль, на котором римляне плавали в Эпидавр к храму бога здоровья Эскулапу и привезли в Рим змею-лекаря. На этом месте змея соскользнула в воду, а корабль превратился в остров, напоминающий корабль. Пройдя по мосту Честио, мы окажемся в самой гуще квартала Трастевере. Виа-делла-Скала приведет нас на площадь Санта-Мария-ин-Трастевере, которая своей оживленностью может соперничать с площадью Навона, в отличие от которой собирает здесь весьма пеструю публику: всевозможных тусовщиков, местных жителей и туристов. В центре площади расположен Восьмиугольный фонтан (арх. К. Фонтана, 1692), украшенный красивыми раковинами.</div>\r\n<div class=\"abzac\">Церковь Санта-Мария-ин-Трастевере считается первой римской церковью, посвященной Мадонне. Основал её Папа Юлий I в 340 г., однако, современный облик храма - результат множества перестроек, которым церковь подвергалась в XI-XIX вв. Нынешнее здание относится к XII в.и знаменито мозаиками, особенно работами П. Каваллини. 22 гранитные колонны нефа взяты из древнеримских построек. На фасаде - изумительная фреска с изображением Богоматери, кормящей младенца Иисуса, пять мудрых евангельских дев с горящими светильниками и пять неразумных с потухшими. В конхе апсиды - сцена коронации Богоматери, сидящей по правую руку от Христа в окружении святых, на остальных шести мозаиках в алтаре - сцены из жизни Девы Марии.</div>\r\n<div class=\"abzac\">В капелле, слева от алтаря, хранится икона VII в., изображающая Мадонну в натуральную величину (Мадонна-делла-Клеменца). Под главным престолом погребены мощи святых Калеподия, Каллиста и Корнилия. На площади Сант-Элжидио интересна церковь Сант-Эджидио, принадлежавшая монастырю кармелитов. Ныне в монастырских помещениях размещается Музей Рима в Трастевере, известный как \"Музей фольклора\". Мы посетим экспозицию музея - материалы, связанные с праздниками, суевериями, традициями и обычаями римлян в эпоху папского правления.</div>\r\n<div class=\"abzac\">&nbsp;</div>\r\n<div class=\"abzac\"><strong>Продолжительность</strong> - 2, 5 часа<br /><strong></strong></div>\r\n<div class=\"abzac\"><strong><br /></strong></div>\r\n<div class=\"abzac\"><strong>Cтоимость:</strong></div>\r\n<div class=\"abzac\"><strong><br /></strong></div>\r\n<div class=\"abzac\"><strong>1 - 3 человек - 100 евро</strong></div>\r\n<div class=\"abzac\"><strong>4 - 7 человек - 160 евро</strong></div>\r\n<div class=\"abzac\"><strong>7 - 10 человек - 190 евро</strong></div>\r\n<p><img src=\"../../../../ex_11_1.jpg\" alt=\"\" align=\"left\" hspace=\"5\" vspace=\"5\" /> <img src=\"../../../../ex_11_2.jpg\" alt=\"\" align=\"left\" hspace=\"5\" vspace=\"5\" /> <img src=\"../../../../ex_11_3.jpg\" alt=\"\" align=\"left\" hspace=\"5\" vspace=\"5\" /> <img src=\"../../../../ex_11_4.jpg\" alt=\"\" align=\"left\" hspace=\"5\" vspace=\"5\" /> <img src=\"../../../../ex_11_5.jpg\" alt=\"\" align=\"left\" hspace=\"5\" vspace=\"5\" /> <img src=\"../../../../ex_11_6.jpg\" alt=\"\" align=\"left\" hspace=\"5\" vspace=\"5\" /> <img src=\"../../../../ex_11_7.jpg\" alt=\"\" align=\"left\" hspace=\"5\" vspace=\"5\" /> <img src=\"../../../../ex_11_8.jpg\" alt=\"\" align=\"left\" hspace=\"5\" vspace=\"5\" /> <img src=\"../../../../ex_11_9.jpg\" alt=\"\" align=\"left\" hspace=\"5\" vspace=\"5\" /></p>',0,'articles/excursion.html',0),(12,'/excursion/12','Рафаэль и Микеланджело в Риме','<div class=\"abzac\"><strong>Биография Рафаэля</strong><br /> Посещение достопримечательностей - шедевров художника и архитектора Рафаэля в Риме: Название церкви Сант-Элиджо-дельи-Орефичи свидетельствует о том, что церковь принадлежала богатой корпорации ювелиров (от итал. orefici - ювелиры). Первоначальный проект разработал Рафаэль, однако, впоследствие церковь неоднократно перестраивалась. Посещение церкви Санта-Мария-делла-Паче, в постройке которой участвовали архитекторы Браманте и Пьетро да Кортона. В капелле Киджи интерьер украшают знаменитые фрески - четыре \"Сивиллы\" Рафаэля и четыре \"Пророка\", выполненные его учеником Т.Вити.</div>\r\n<div class=\"abzac\"><strong>Сивилла</strong><br /> Посещение церкви Сант-Агостино с фреской Рафаэля, где изображен пророк Исайя. Шедевр ренессансной архитектуры, вилла Фарнезина, построеннная по заказу сиенского банкира А. Киджи - влиятельного покровителя Рафаэля в Риме. Интерьер расписывал Перуцци, позже работу продолжили С. дель Пьомбо и Рафаэль. \"Триумф Галатеи\" в зале и лоджия с фресками на тему истории Амура и Психеи - работы Рафаэля. В 1577 г. виллу купил кардинал А. Фарнезе. Ныне в ней находится Академия Линчеи, основанная в 1603 г. и членом которой был Галилей. Церковь Санта-Мария-дель-Пополо построена на том самом месте, где некогда был похоронен император Нерон. В средние века римляне были уверены, что в гробнице проклятого императора поселилась нечистая сила.</div>\r\n<div class=\"abzac\">В 1099 г. Папа Пасхалий II велел выбросить прах Нерона в Тибр и разрушить гробницу, а на её месте поставить церковь, посвященную Богоматери. Над украшением храма работали известные мастера эпохи Возрождения: художники Пинтуриккьо, Караччи и Рафаэль, архитекторы Бернини, Браманте и Сансовино. Капелла Киджи, где похоронены братья-банкиры Киджи, выполнена по проекту Рафаэля. Мозаика в куполе также сделана по картону Рафаэля, и по его же эскизам ученик великого художника Лоренцетто исполнил фигуры Ионы.</div>\r\n<div class=\"abzac\"><strong>Биография Микеланджело</strong><br />Посещение достопримечательностей - шедевров художника и скульптора Микеланджело: Церковь Сан-Пьетро-ин-Винколи. Паломники испокон веков почитали ее за хранящиеся под алтарем вериги Св. Петра. В этой церкви находится надгробие папы Юлия II, созданное Микелянджело. Ансамбль Капитолийской площади. Площадь целиком и полностью придумал Микеланджело - от рисунка на мостовой до дизайна и расположения фасадов. Ему же принадлежит идея поставить в центре статую Марка Аврелия. На площади расположены постройки палаццо Сенатори, палаццо Консерватори, палаццо Нуово. Последнее творение Микеланджело - ведущая на площадь лестница под названием Кордоната. Кастор и Поллукс, венчающие подъем, появились позже - в 1583 году. Эти скульптуры были обнаружены при раскопках в театре Помпея.</div>\r\n<div class=\"abzac\">Во Двореце Фарнезе сегодня находится посольство Франции, поэтому осмотреть здание изнутри нельзя. Дворец построен для кардинала Алессандро Фарнезе, который впоследствии стал Папой Павлом III. К отделке здания приложили руку многие выдающиеся зодчие: А. да Сангалло-мл., Микеланджело (мраморная лоджия, карниз с гербом Фарнезе), Дж. делла Порта. На площади перед дворцом - любопытный фонтан, сооруженный на основе громадных ванн из терм Диоклетиана. Церковь Санта-Мария-сопра-Минерва - одна из немногих готических церквей Рима. Когда-то здесь был античный храм Минервы, на месте которого в VII в. выстроили христианскую церковь (от итал. \"sopra Minerva\" - над Минервой). У алтаря находится знаменитая скульптурная работа Микеланджело - Христос около креста.</div>\r\n<div class=\"abzac\">Церковь Санта-Мариа-дельи-Анджели была возведена на месте античного калидария терм Диоклетиана и строилась по проекту Микеланджело в 1563-1568 гг. (была перестроена в XVIII в. архитектором Ванвителли). Ворота Порта Пиа - это ворота в северо-восточной части Аврелиановой стены Рима, на Номентанской дороге. Они были построены папой Пием IV, родом из семьи Медичи, неподалёку от снесённых Номентанских ворот. Это последний архитектурный проект Микеланджело, представленный им, по свидетельству Вазари, в трёх вариантах, из которых понтифик выбрал самый дешёвый.</div>\r\n<div class=\"abzac\"><strong>Длительность тура</strong> - 3,5 часа</div>\r\n<div class=\"abzac\"><br /><strong>Стоимость:</strong><br /><strong>1 - 3 человека</strong> - 130 евро<br /><strong>4 - 7 человек</strong> - 170 евро<br /><strong>7 - 10 человек</strong> - 230 евро<br /><strong>Машина</strong> - 100 евро за тур</div>\r\n<p><img src=\"../../../../ex_12_1.jpg\" alt=\"\" align=\"left\" hspace=\"5\" vspace=\"5\" /> <img src=\"../../../../ex_12_2.jpg\" alt=\"\" align=\"left\" hspace=\"5\" vspace=\"5\" /> <img src=\"../../../../ex_12_3.jpg\" alt=\"\" align=\"left\" hspace=\"5\" vspace=\"5\" /> <img src=\"../../../../ex_12_4.jpg\" alt=\"\" align=\"left\" hspace=\"5\" vspace=\"5\" /> <img src=\"../../../../ex_12_5.jpg\" alt=\"\" align=\"left\" hspace=\"5\" vspace=\"5\" /> <img src=\"../../../../ex_12_6.jpg\" alt=\"\" align=\"left\" hspace=\"5\" vspace=\"5\" /> <img src=\"../../../../ex_12_7.jpg\" alt=\"\" align=\"left\" hspace=\"5\" vspace=\"5\" /> <img src=\"../../../../ex_12_8.jpg\" alt=\"\" align=\"left\" hspace=\"5\" vspace=\"5\" /></p>',0,'articles/excursion.html',0),(13,'/excursion/13','Бернини и Борромини в Риме','<div class=\"abzac\"><strong>Биография Бернини</strong><br /> <strong>Биография Борромини</strong><br /><br /> Экскурсия начинается от площади Барберини.<br /><br /> Некогда площадь Barberini была центральной площадью как папского, так и аристократического Рима. В центре площади установлен фонтан Тритона (1643) работы Бернини: восседающий на раковине тритон вот уже 360 лет исправно выдувает вверх струю воды.</div>\r\n<div class=\"abzac\">От площади отходит улица Венето, в начале которой находится Фонтан Пчел (Fontana delle Api). Он был выстроен по приказу Папы Урбана VIII и напоминает о гербе Барберини. Рядом с площадью Барберини находится дворец Барберини (Palazzo Barberini, 1625-1633). Проходя вдоль монументальной кованой решетки, мы увидим изображение пчел - геральдический символ рода Барберини. Над созданием грандиозного дворца Папы Урбана VIII из рода Барберини трудились виднейшие архитекторы XVII в.: Мадерна, Борромини, Бернини. Винтовая рампа правого крыла с двойными колоннами спроектирована Борромини, а классический вариант парадной лестницы слева - творение Бернини. Помимо огромного, до сих пор плодоносящего сада при дворце, прежде были театр, библиотека и мастерская по производству гобеленов. Ныне во дворце Барберини размещается Национальная галерея античного искусства.</div>\r\n<div class=\"abzac\">Мы направимся по улице Куатро Фонтане до площади Куатро Фонтане, которая больше похожа на перекресток, а не на площадь. В цоколях четырех угловых зданий установлены фонтаны-аллегории Тибра, Арно, Дианы и Юноны. С площади открывается уникальный вид сразу на три обелиска: у Санта-Мария-Маджоре, Тринита-деи-Монти и на Квиринале. Площадь украшает небольшая церковь Сан-Карло-алле-Куатро-Фонтане (Chiesa di S.Carlo alle Quattro Fontane, серед. XVIII в.) или кратко Сан-Карлино (проект Карло Борромини). Это уменьшительное название церкви отражает ее размеры - площадь не более площади пилона собора Св.Петра. Стиль церкви можно было бы назвать \"супербарокко\", так как нет ни одной плоскости, всё - изгиб и волна. Двигаясь по ул. Квиринале (via del Quirinale) мимо бесконечной стены, прозванной Маника-лунга (\"Manica lunga\"- Длинный рукав), мимо кирасиров в парадной форме, стоящих у дворца Квиринале, попадаем к церкви Сант-Андреа-аль-Квиринале (Chiesa di S.Andrea al Quirinale, арх. Д.-Л. Бернини и М. де Росси, 1671). Некогда она принадлежала ордену иезуитов. Создание церкви является результатом творческого соревнования Бернини и Борромини - это ответ первого последнему, построившему церковь Сан-Карло-алле-Куатро-Фонтане.</div>\r\n<div class=\"abzac\">Затем мы направимся на Площадь Испании (P.di Spagna) и увидим Испанскую летницу (Scalinata della Trinita dei Monti) - это одно из самых живописных мест в Риме, где собирается молодежь и туристы. Площадь Испании получила свое название из-за расположенного на ней испанского посольства. В центре площади находится фонтан Баркачча (\"La Barcaccia\" - Лодочка, 1629). Его создал Пьетро Бернини - отец знаменитого Джан-Лоренцо, сумевший использовать небольшую скорость струящейся воды и сконструировать подобие полузатопленной лодки.</div>\r\n<div class=\"abzac\">Дворец Пропаганда-Фиде , построенный при папе Урбане VIII для конгрегации пропаганды миссионерского католического университета и типографии, которые оформляли Бернини и Боромини <br /><br /> Недалеко от площади Испании, находится церковь Сант-Андреа-делле-Фратте (Chiesa di S.Andrea delle Fratte). На месте, где начали строить эту церковь, в то время проходила городская граница и рос лес. Отсюда возникло ее название (от итал. fratte - чащоба). В XVII в. крышу, купол и колокольню перестраивал Борромини. Внутри заслуживают внимания оригиналы двух ангелов, изваянных Бернини для моста Сант-Анджело. Заказчик - Папа Климент IX счел их столь ценными, что не решился выставить под открытым небом.</div>\r\n<div class=\"abzac\">В здании дворца Сапиенца (Palazzo della Sapienza, ХVв.) , реконструированным в серед. XVI в. при участии Микеланджело и Дж. делла Порта, с 1432 г. по 1935 г. размещался старый римский университет, основанный Папой Бонифацием VIII в 1303 г. Ныне дворец принадлежит Государственному архиву. В глубине двора взору открывается белокаменная спираль церкви Сант-Иво-алла-Сапиенца (Chiesa di S. Ivo alla Sapienza, 1642-1650, открыта сб, вс, 09.00-12.00) - чрезвычайно интересная работа Борромини. В плане здание напоминает пчелу - геральдический символ рода Барберини, так как строилось оно по заказу Папы Урбана VIII Барберини. Только у этой римской церкви есть такое затейливое завершение: очень высокий шестилопастной барабан (в плане напоминает цветок), на котором установлена изящная спираль, увенчанная каменной короной с ажурным куполом в виде луковки с кованым крестом. При изрядной доле фантазии можно представить себе, что каменная пчела погрузила голову в цветок, выставив на обозрение брюшко с жалом. Центральный алтарь украшен фигурой Св.Андрея Первозванного, возносящегося на небеса.</div>\r\n<div class=\"abzac\">При императоре Домициане (I в. до н.э.) на месте Площади Навона был стадион, очертания которого и определили её форму. На этом стадионе проходили спортивные состязания, а на соседнем, расположенном ближе к Тибру, устраивались морские бои. Площадь обрела баррочный облик при Папе Иннокентии X, велевшем построить здесь дворец для жены своего брата - Олимпии, благодаря которой он получил папскую тиару. Так появился дворец Памфили (Palazzo Pamphili, XVII в.). Рядом с ним возвели церковь Сант-Аньезе-ин-Агоне (Chiesa di S. Agnese in Agone, вт-сб.: 08.00-18.30, вс.: 10.00-13.00), посвященную Св. Агнессе, с которой на этом месте произошло чудо: мгновенно отросшие густые волосы скрыли наготу 13-летней христианки, брошенной на стадион перед толпой язычников. Фасад церкви выполнил Борромини (1652-1655). Голова Cвятой Агнессы, заколотой кинжалом, хранится в изящном реликварии в раннехристианской крипте церкви, здесь же, над входом, в саркофаге покоится прах Папы Иннокентия X.</div>\r\n<div class=\"abzac\">Напротив церкви Сант-Аньезе-ин-Агоне расположен фонтан Рек (Fontana dei Fiumi, XVII в.) - шедевр Дж. Л. Бернини. Аллегорические фигуры изображают самые большие реки континентов - Нил, Дунай, Ганг и Рио-де-ла-Плата (Амазонка тогда была неизвестна). Покрывало на голове Нила символизирует таинственность его истока, который в то время ещё не открыли. Расположение фигур фонтана породило легенду о поединке между гениями эпохи барокко - Бернини и Борромини: будто бы Ла Плата Бернини загораживается рукой, чтобы не видеть церковь - \"ужасное\" творение Борромини. На самом деле фонтан построен гораздо раньше, чем церковный фасад. По проекту Бернини создан и фонтан Мавра, один из двух фонтанов, расположенных по краям площади. Другой фонтан в оригинале состоял лишь из одного бассейна, к которому в конце XIX в. добавили скульптуру - так возник фонтан Нептуна. А Папа Иннокентий X, введший дополнительные налоги, чтобы обустроить площадь Навона, получил следующий отклик: \"Pane, pane, non fontane!\" (Хлеба, хлеба, а не фонтанов!).</div>\r\n<div class=\"abzac\">Во Флорентийском квартале жила большая община выходцев из Флоренции, владевшая мельницами на Тибре. В самом начале этого квартала проходит прямая и живописная Via Giulia (улица Джулиа), длинной около 1 км, которая была спроектирована Браманте по заказу Папы Юлия II делла Ровере в начале 1500-х гг. Она задумывалась как образцовый проспект, соединяющий Ватикан с Капитолием и стала первой улицей эпохи Возрождения, пробившейся сквозь хитросплетения средневековых переулочков. В начале этой улицы стоит принадлежавшая флорентийской общине церковь Сан-Джованни-деи-Фиорентини (Chiesa di S. Giovanni dei Fiorentini). Её строительство начал А. да Сангалло-мл. (XVI), затем архитекторы неоднократно менялись. Завершилось сооружение храма лишь столетие спустя: ее купол сделан по проекту К. Мадерна (1620), позже здесь похороненного. Алтарь - последняя работа Борромини, который тоже похоронен здесь , несмотря на то, что окончил жизнь самоубийством.</div>\r\n<div class=\"abzac\">Затем мы направимся в римский квартал Трастевере. <br /><br /> У входа на Viale di Trastevere справа расположена древняя церковь Сан-Кризогоно (Chiesa di S. Crisogono, первонач. постройка VIII в. полн. реконстр. - XII в., частичн. - XVII в.). Церковь возведена на месте дома греческого христианина, обезглавленного во времена императора Деоклетиана. Невысокая мощная колокольня напоминает оборонительную башню. Деревянный расписной потолок считается одним из красивейших в Риме и пол, выполненный в технике косматеско - также один из наиболее интересных, сохранившихся с XIII в. К тому же времени относится мозаика \"Богоматерь с Младенцем\" (П. Каваллини). Две поддерживающие алтарь монолитные порфировые колонны - самые большие в Риме. В античные времена они украшали триумфальную арку. Справа от хора - капелла Поли работы Бернини. Стоит посетить крипту (часть церкви, cохранившуюся с V в.)</div>\r\n<div class=\"abzac\">В центре площади Сан-Франческо д\'Ассизи (P. S. Francesco d\'Assisi) помещена увенчанная крестом античная колонна. На заднем плане площади стоит церковь Сан-Франческо-а-Рипа (Chiesa di S. Francesco a Ripa, XIIIв., полная реконструкция - 1680-е гг.), построенная сразу после канонизации Св. Франциска Ассизского в память о приюте, где святой останавливался во время своего пребывания в Риме (1219г.). Принадлежавшие Франциску каменная подушка и распятие хранятся в его келье. В четвертой капелле северной стены заслуживает внимания последняя работа Бернини \"Экстаз блаженной Людовики Альбертони\" (1625г.). Фигура освещена естественным светом, усиливающим все эффекты шедевров стиля барокко.</div>\r\n<div class=\"abzac\"><strong><br /></strong></div>\r\n<div class=\"abzac\"><strong>Продолжительность</strong> - 3,5 часа<br /> <strong>Стоимость:</strong><br /> <strong>1 - 3 человека</strong> - 130 евро<br /> <strong>4 - 7 человек</strong> - 170 евро<br /> <strong>7 - 10 человек</strong> - 230 евро<br /> <strong>Машина</strong> - 100 евро за тур</div>\r\n<p><img src=\"../../../../ex_13_1.jpg\" alt=\"\" align=\"left\" hspace=\"5\" vspace=\"5\" /> <img src=\"../../../../ex_13_2.jpg\" alt=\"\" align=\"left\" hspace=\"5\" vspace=\"5\" /> <img src=\"../../../../ex_13_3.jpg\" alt=\"\" align=\"left\" hspace=\"5\" vspace=\"5\" /> <img src=\"../../../../ex_13_4.jpg\" alt=\"\" align=\"left\" hspace=\"5\" vspace=\"5\" /> <img src=\"../../../../ex_13_5.jpg\" alt=\"\" align=\"left\" hspace=\"5\" vspace=\"5\" /> <img src=\"../../../../ex_13_6.jpg\" alt=\"\" align=\"left\" hspace=\"5\" vspace=\"5\" /> <img src=\"../../../../ex_13_7.jpg\" alt=\"\" align=\"left\" hspace=\"5\" vspace=\"5\" /> <img src=\"../../../../ex_13_8.jpg\" alt=\"\" align=\"left\" hspace=\"5\" vspace=\"5\" /></p>',0,'articles/excursion.html',0),(14,'/excursion/14','Караваджо в Риме','<p>Эту двухчасовую экскурсию мы с вами посвятим великому <strong>Караваджо</strong>. И в начале нашей экскурсии мы отправимся на <strong>площадь Пополо</strong>, где посетим <strong>церковь Санта-Мария-дель-Пополо</strong>. К созданию этой церкви приложили свои руки художники Караччи, Пинтуриккьо и Рафаэль, а также архитекторы Сансовино, Браманте и Бернини. Сюда же и вложил свое творение <strong>Караваджо</strong> &ndash; полотна <strong>&ldquo;Распятие апостола Петра&rdquo;</strong> и <strong>&ldquo;Обращение Савла&rdquo;</strong>, которые находятся в капелле Черази слева от главного алтаря.</p>\r\n<p><img src=\"../../../../Santa_Mariya_deli_Popolo.jpg\" alt=\"\" align=\"left\" hspace=\"5\" vspace=\"5\" /><a>Санта-Мария-дель-Пополо</a></p>\r\n<p>Затем я проведу вас к <strong>церкви Сан-Луиджи-деи-Франчези</strong>, где вы сможете увидеть такие шедевры <strong>Караваджо</strong>, как: <strong>&ldquo;Обращение Матфея&rdquo;, &ldquo;Апостол Матфей с ангелом&rdquo;</strong> и <strong>&ldquo;Мучение Матфея&rdquo;</strong>.</p>\r\n<p><img src=\"../../../../San_Luidzhi_dei_Franchezi.jpg\" alt=\"\" align=\"left\" hspace=\"5\" vspace=\"5\" /><a>Сан-Луиджи-деи-Франчези</a></p>\r\n<p>Далее мы направимся в <strong>церковь Сант-Агостино</strong>, чтобы посмотреть на еще одно творения великого художника &ndash; <strong>&ldquo;Мадонна пилигримов&rdquo;</strong>, которое он рисовал сидя в тюрьме.</p>\r\n<p><img src=\"../../../../San_Agostino.jpg\" alt=\"\" align=\"left\" hspace=\"5\" vspace=\"5\" /><a>Сан-Агостино</a></p>\r\n<p>&nbsp;</p>\r\n<p>Продолжительность: 2, 5 часа</p>\r\n<p><strong>Стоимость:&nbsp;</strong></p>\r\n<p><strong></strong><strong>1 - 3 человек - 110 евро 4 - 7 человек - 150 евро</strong></p>\r\n<p><strong><br /></strong></p>\r\n<p><strong><br /></strong></p>\r\n<p><img src=\"../../../../ex_14_1.jpg\" alt=\"\" align=\"left\" hspace=\"5\" vspace=\"5\" /> <img src=\"../../../../ex_14_2.jpg\" alt=\"\" align=\"left\" hspace=\"5\" vspace=\"5\" /> <img src=\"../../../../ex_14_3.jpg\" alt=\"\" align=\"left\" hspace=\"5\" vspace=\"5\" /> <img src=\"../../../../ex_14_4.jpg\" alt=\"\" align=\"left\" hspace=\"5\" vspace=\"5\" /> <img src=\"../../../../ex_14_5.jpg\" alt=\"\" align=\"left\" hspace=\"5\" vspace=\"5\" /> <img src=\"../../../../ex_14_6.jpg\" alt=\"\" align=\"left\" hspace=\"5\" vspace=\"5\" /> <img src=\"../../../../ex_14_7.jpg\" alt=\"\" align=\"left\" hspace=\"5\" vspace=\"5\" /></p>',0,'articles/excursion.html',0),(15,'/excursion/15','Галерея Боргезе','<p>Экскурсия начинается у самой галереи Боргезе. Продолжительность - 2 часа. При посещении в период с марта по октябрь необходима резервация входных билетов за 2 - 4 дня до экскурсии. На первом этаже расположены наиболее выдающиеся скульптуры многих авторов, а также шедевры живописи Караваджо. Мы увидим знаменитые мраморные произведения Бернини: \"Похищение Прозерпины\", \"Аполлон и Дафна\", \"Давид с пращой\", cкульптуру Антонио Кановы \"Паолина Бонапарте в обличии Венеры\", работы Караваджо: \"Мадонна Палафреньери\", \"Давид с головой Голиафа\", \"Маленький Вакх\", \"Юноша с корзиной фруктов\" и многое другое. Остальная живопись сосредоточена на втором этаже: \"Любовь земная и небесная\" Тициана, Рафаэль \"Положение во гроб\", Доменикино \"Охота Дианы\", Рубенс \"Пьета\", а также фламандские и голландские мастера. После экскурсии мы прогуляемся по живописному парку Боргезе-большому ландшафтному парку в английском стиле.</p>\r\n<p>Cтоимость:&nbsp;</p>\r\n<p>1- 3 человек - 100 евро</p>\r\n<p>4 - 6 человек - 130 евро</p>\r\n<p><img src=\"../../../../ex_15_1.jpg\" alt=\"\" align=\"left\" hspace=\"5\" vspace=\"5\" /> <img src=\"../../../../ex_15_2.jpg\" alt=\"\" align=\"left\" hspace=\"5\" vspace=\"5\" /> <img src=\"../../../../ex_15_3.jpg\" alt=\"\" align=\"left\" hspace=\"5\" vspace=\"5\" /> <img src=\"../../../../ex_15_4.jpg\" alt=\"\" align=\"left\" hspace=\"5\" vspace=\"5\" /> <img src=\"../../../../ex_15_5.jpg\" alt=\"\" align=\"left\" hspace=\"5\" vspace=\"5\" /> <img src=\"../../../../ex_15_6.jpg\" alt=\"\" align=\"left\" hspace=\"5\" vspace=\"5\" /> <img src=\"../../../../ex_15_7.jpg\" alt=\"\" align=\"left\" hspace=\"5\" vspace=\"5\" /> <img src=\"../../../../ex_15_8.jpg\" alt=\"\" align=\"left\" hspace=\"5\" vspace=\"5\" /></p>',0,'articles/excursion.html',0),(16,'/excursion/16','Капитолийские музеи','Капитолийские музеи располагаются в зданиях на Капитолийской площади: в Новом дворце, во дворце Консерваторов и Табулариуме. В Новом дворце (Palazzo Nuovo) находятся: коллекция древнеримской скульптуры (в частности портреты императоров Древнего Рима), статуи Венеры Капитолийской, Раненой амазонки, Амура и Психеи, Отдыхающего сатира (римская копия с оригинала Праксителя). Во дворце Консерваторов (Palazzo Conservatori) находятся знаменитые скульптуры: Капитолийская волчица (5 в. до н.э.), мальчик, вынимающий занозу, голова и рука колоссальной статуи императора Константина, статуи Венеры Эсквилинской, Геркулеса и Марсия. Кроме этого в этом дворце находится коллекция греческих ваз и Капитолийская пинакотека, в собрание которой входят произведения Тициана, Тинторетто, Гвидо Рени, Караваджо, Рубенса, Веронезе.   Продолжительность - 2 часа Стоимость - 45 евро на человека Минимум - 3 человека\r\n<img src=\"/ex_16_1.jpg\" align=\"left\" vspace=\"5\" hspace=\"5\"/>\r\n<img src=\"/ex_16_2.jpg\" align=\"left\" vspace=\"5\" hspace=\"5\"/>\r\n<img src=\"/ex_16_3.jpg\" align=\"left\" vspace=\"5\" hspace=\"5\"/>\r\n<img src=\"/ex_16_4.jpg\" align=\"left\" vspace=\"5\" hspace=\"5\"/>\r\n<img src=\"/ex_16_5.jpg\" align=\"left\" vspace=\"5\" hspace=\"5\"/>\r\n<img src=\"/ex_16_6.jpg\" align=\"left\" vspace=\"5\" hspace=\"5\"/>',0,'articles/excursion.html',0),(17,'/excursion/17','Галереи живописи в Риме','Экскурсия начинается от площади Барберини.   Во дворце Барберини размещается Национальная галерея античного искусства.  В собрании: знаменитая \"Форнарина\" Рафаэля, полотна Фра Анджелико, Помаранчо, Бронзино, Корреджо, Гвидо Рени, Пуссена, Ван Дейка, Брейгеля, Караваджо, Тинторетто, Тициана, Гольбейна и др.   На улице Корсо расположен большой, растянувшийся на квартал дворец Дориа-Памфили. Дориа - известное княжеское семейство из Генуи, члены которого были и кондотьерами, и адмиралами, и дожами республики. Но прославились они тем, что отказались финансировать экспедицию Колумба. В 1671 г. Андреа Дориа женился на Анне Памфили - последней представительнице другого знатного семейства  и получил в приданое этот дворец. Ныне в нем размещается Картинная галерея.  В собрании музея работы Тициана, Лотто, Караваджо. В целом коллекция ничуть не уступает более \"раскрученной\" коллекции виллы Боргезе.   Во дворце Корсини разместилась Национальная галерея старинного искусства, известная как Галерея Корсини. В экспозиции полотна Рубенса, Ван Дейка, Мурильо, Караваджо, Гвидо Рени, а также работы Беато Анжелико.  Главный фасад дворца Спада и элегантный внутренний дворик с грандиозными статуями в нишах - работы знаменитого Борромини. Архитектор, друживший с одним из кардиналов Спада, создал в библиотеке знаменитую перспективу-обманку. Сквозь застекленные двери в левой стороне дворика видны зал библиотеки и, как кажется, уходящая вдаль длинная галерея, в конце которой установлена статуя Марса. На самом деле расстояние от дверей до статуи составляет 7 м, а высота статуи всего 60 см. Ныне в залах дворца размещается Галерея Спада. В ее коллекции полотна Рубенса, Дюрера, Тициана, Гвидо Рени, А. дель Сарто, Дж. Ланфранко   Длительность - 3,5 часа   Стоимость:   1 - 3 человека - 170 евро 4 - 7 человек - 200 евро 7 - 10 человек - 270 евро \r\n<img src=\"/ex_17_1.jpg\" align=\"left\" vspace=\"5\" hspace=\"5\"/>\r\n<img src=\"/ex_17_2.jpg\" align=\"left\" vspace=\"5\" hspace=\"5\"/>\r\n<img src=\"/ex_17_3.jpg\" align=\"left\" vspace=\"5\" hspace=\"5\"/>\r\n<img src=\"/ex_17_4.jpg\" align=\"left\" vspace=\"5\" hspace=\"5\"/>\r\n<img src=\"/ex_17_5.jpg\" align=\"left\" vspace=\"5\" hspace=\"5\"/>',0,'articles/excursion.html',0),(18,'/excursion/18','Галереи скульптуры в Риме','Характеристика тура:   Здание дворца Массимо распологается на месте, где ранее была вилла Перетти, построенная папой Сикстом V и принадлежащая семье Массимо. На первом этаже находятся скульптуры, созданные в период от 2 века до н.э. по 2 век н.э. Это основной период в истории древнего Рима, к которому относятся создание Империи и завоевания большой средиземноморской территории. На третьем этаже дворца выставлено декоративное исскуство. Самую значительную часть музея представляют фрески, найденные в Риме и Лацио, а также в Помпеях. Античные египетские мозаики, пейзажи с бегемотами и крокодилами выглядят очень живописно. Отдельно распологаются тематические залы «Мореплавание» и «Портреты имперского периода». Гордостью музея являются изящные росписи из виллы Юлии — дочери императора Августа, выданной замуж за Агриппу. В музее также находится подземная обеденная комната из дома Ливии - супруги Августа. Согласно моде того времени, стены были целиком расписаны таким образом, чтобы казалось, будто дело происходит в саду.   Дворец Альтемпс распологается на территории, где в древности находились цеха по обработке мрамора и, как предполагается, недалеко от храма Аполлона. После приобретения здания Главным Археологическим Управлением Рима было решено превратить его в часть Национального римского музея. В музее находятся несколько известных коллекций живописи и скульптуры, среди которых коллекция Бонкомпаньи Людовизи. Эта коллекция  включает в себя скульптуру XVI века, собранную кардиналом Людовизи, который с 1621 года собирал ее у себя на вилле, расположенной на холме Квиринал, и которая доходила до 450 скульптур. На участке, где построили Квиринальский дворец, обнаружили остатки виллы Цезаря, перешедшей затем к Саллюстию.  Жемчужиной коллекции является «Трон Людовизи» — резное мраморное кресло V века до н.э. (греческий подлинник) с изображением Афродиты, выходящей из морской пены.   В Музее Баракко находится коллекция, принадлежавшая барону Джованни Баракко, включающая в себя египетские, греческие, ассирийско-вавилонские и римские предметы искусства. В основании здания находятся остатки строения позднего периода римской империи. Ядром собрания музея является коллекция античных скульптур. При музее имеются открытые для посещения библиотеки Баракко и Поллака, располагающие ценными собраниями документов и книг.   Музей Рима располагается во дворце Браски, возведенном для племянников Папы Пия V. В коллекции музея находится более 40 тысяч произведений искусства, включая скульптуры, картины, мраморные изделия и мозаики, иллюстрирующие историю города со средних веков до 1870 года.   Продолжительность - 3,5 часа   Стоисмость:   1 - 3 человека - 170 евро 4  - 7 человек - 200 евро 7 - 10 человек - 270 евро\r\n<img src=\"/ex_18_1.jpg\" align=\"left\" vspace=\"5\" hspace=\"5\"/>\r\n<img src=\"/ex_18_2.jpg\" align=\"left\" vspace=\"5\" hspace=\"5\"/>\r\n<img src=\"/ex_18_3.jpg\" align=\"left\" vspace=\"5\" hspace=\"5\"/>\r\n<img src=\"/ex_18_4.jpg\" align=\"left\" vspace=\"5\" hspace=\"5\"/>\r\n<img src=\"/ex_18_5.jpg\" align=\"left\" vspace=\"5\" hspace=\"5\"/>\r\n<img src=\"/ex_18_6.jpg\" align=\"left\" vspace=\"5\" hspace=\"5\"/>',0,'articles/excursion.html',0),(19,'/excursion/19','Тиволи - вилла Адриана, вилла д\' Эсте, Грегорианская вилла.','<p>Отправление от Вашей гостиницы. Время в пути от Рима до Тиволи - 45 минут. В древности Тиволи назывался Тибуром и соединялся с Римом дорогой Via Tiburina - древней римской консульской дорогой. По преданию, Тибур был основан за одно поколение до Троянской войны двумя сыновьями или внуками Амфиарая - Катиллом и Корасом и в честь их брата Тибурта получил своё наименование. По другому преданию, он был основан сикулами или сиканами, затем перешёл во власть пелазгов и, наконец, подчинился латинянам. При господстве последних Тибур достиг значительной степени могущества как один из крупных городов Латинского союза и позднее, благодаря живописному положению, сделался одним из любимых и модных местечек в Италии. Тибур славился, между прочим, глиняными изделиями, фруктами, оливковым маслом, смоквами, каменоломнями, в которых добывался травертин, использованный для которым облицовки Колизея. Здесь существовал культ Геркулеса. В XVI веке город принадлежал дому д&rsquo;Эсте. В 1549 году кардинал Ипполито д&rsquo;Эсте построил виллу, которая представляет собою один из великолепнейших садов эпохи Возрождения и наряду с виллой Адриана является памятником Всемирного наследия ЮНЕСКО. Сначала мы посетим Виллу Адриана, которую император Публий Гелий Адриан построил в 118-134 гг. н.э. Это гармоничное сплетение природы и руин, расположенных на территории в 300 гектаров, на 120 гектарах которых мы побываем. Мы увидим здания терм, палестр, перистилей, вестибюлей, библиотек, крытые галлереи, экседры, веранды, нинфеи. Особый интерес представляет \"Морской театр\"- cобственые апартаменты Адриана и элегантная Канопа. Вилла д\'Эсте была построена кардиналом Ипполитом д\'Эсте - сыном знаменитой Лукреции Борджа и Альфонса д\'Эсте. В 1550 году Ипполит д\'Эсте был назначен губернатором Тиволи. Для постройки вилы он выбрал \"Валле Гауденте\"- отрадную долину, расположенную среди виноградников и оливковых рощ, где и были разбиты уникальные итальянский сад-фонтаны, гротты, пруды и террасы. Этот парк являлся прообразом для создателей парков Версаля и Петродворца. Вилла Грегориана была заложена на диких берегах реки Аньене и на обрывистых склонах горы Катилло. В 1835 году папа Григорий XVI создал туннель внутри горы Катилло, в результате чего воды реки Аньене по подземным галереям были направлены в огромный водопад высотой в 120 метров. С террасы под названием Подкова мы сможем полюбоваться на эту громадную массу воды. В центральном парке виллы мы увидим грот Нептуна, грот Сирен, остатки древнего моста Валерио и виллу Манлио Вописко, построенную в 114 году до н.э. и принадлежавшую римскому консулу. а также храм Весты. Продолжительность экскурсии - 5 - 6 часов, c возможной остановкой на обед.</p>\r\n<p>Cтоимость включая транспорт: 1 - 3 человека - 330 евро 4 - 7 человек - 380 евро&nbsp;</p>\r\n<p><img src=\"../../../../ex_19_1.jpg\" alt=\"\" align=\"left\" hspace=\"5\" vspace=\"5\" /> <img src=\"../../../../ex_19_2.jpg\" alt=\"\" align=\"left\" hspace=\"5\" vspace=\"5\" /> <img src=\"../../../../ex_19_3.jpg\" alt=\"\" align=\"left\" hspace=\"5\" vspace=\"5\" /> <img src=\"../../../../ex_19_4.jpg\" alt=\"\" align=\"left\" hspace=\"5\" vspace=\"5\" /> <img src=\"../../../../ex_19_5.jpg\" alt=\"\" align=\"left\" hspace=\"5\" vspace=\"5\" /> <img src=\"../../../../ex_19_6.jpg\" alt=\"\" align=\"left\" hspace=\"5\" vspace=\"5\" /> <img src=\"../../../../ex_19_7.jpg\" alt=\"\" align=\"left\" hspace=\"5\" vspace=\"5\" /> <img src=\"../../../../ex_19_8.jpg\" alt=\"\" align=\"left\" hspace=\"5\" vspace=\"5\" /> <img src=\"../../../../ex_19_9.jpg\" alt=\"\" align=\"left\" hspace=\"5\" vspace=\"5\" /></p>',0,'articles/excursion.html',0),(20,'/excursion/20','Озеро Браччано и Замок Орсини - Одескальки','Это экскурсия на машине. Продолжительность - 3 часа.   В 30 км. к северо-западу от Рима расположен город Браччано с населением 15,5 тыс. жителей. На берегу озера стоит прекрасно сохранившийся Замок Орсини-Одескальки, построенный в XIII веке князьями из дома Орсини и расширенный ими же на заре эпохи Возрождения. В 1481 г. в замке нашёл убежище от свирепствовавшей в Риме чумы папа Сикст IV, а 16 лет спустя он выдержал осаду папских войск во главе с Джованни Борджа — сыном папы Александра VI. В 1558 г. Паоло Джордано Орсини по случаю своего брака с дочерью Козимо Медичи получил титул герцога Браччанского. О его расточительности и распутстве ходили легенды, нашедшие воплощение в пьесе Джона Вебстера «Белая дьяволица» (1612). В XVII веке резиденция герцогов пришла в запустение и в 1696 г. была продана племяннику папы Иннокентия XI — князю Одескальки, во владении потомков которого она остаётся по сей день. В 2006 г. в замке состоялась свадьба Тома Круза и Кэти Холмс.    Cтоимость:   1 - 3 человека - 165 евро 4 - 6  человек - 265 евро. + транспорт 185 евро\r\n<img src=\"/ex_20_1.jpg\" align=\"left\" vspace=\"5\" hspace=\"5\"/>\r\n<img src=\"/ex_20_2.jpg\" align=\"left\" vspace=\"5\" hspace=\"5\"/>\r\n<img src=\"/ex_20_3.jpg\" align=\"left\" vspace=\"5\" hspace=\"5\"/>\r\n<img src=\"/ex_20_4.jpg\" align=\"left\" vspace=\"5\" hspace=\"5\"/>\r\n<img src=\"/ex_20_5.jpg\" align=\"left\" vspace=\"5\" hspace=\"5\"/>',0,'articles/excursion.html',0),(21,'/excursion/21','Замки Рима - гастрономический тур','<p>Это экскурсия на машине. Продолжительность - 4 часа. Кастельгандольфо, расположенный на вулканическом озере - это резиденция Римского папы. Дворец понтифика является главной достопримечательностью этого городка. Cледуя легенде, на этой территории был античный город Альбалонга, основанный потомками Энея. Именно здесь скрывался святая святых античных латинян - храм Весты, огонь которого был привезен троянцами и оставался неугасаемым в течении многих веков. В республиканскую эпоху территория этого края распределялась между виллами знати. Замок семейства Гандольфи существовал здесь уже в XII веке. В XVI веке он был продан Апостольской палате а через 10 лет стал собственностью Священного престола. С античных времен Фраскати носил имя Тускулум, что свидетельствует о пребывании здесь этрусков, называвших себя тусками. Телегон - сын Одиссея и Цирцеи заложил стены крепости в IX веке до н.э. В эпохи республиканского правления и римской империи этот город предпочтитали римские патриции, построившие здесь чудесные виллы. Например, вилла Альдобрандини находится в том месте, где в античную эпоху возвышалась вилла Октавиев. Затем она принадлежала в разное время аристократическим семьям Бонкомпаньи, Альдобрандини, Панфили, Боргезе и была оформлена знаменитыми архитекторами барокко - Джакомо делла Порта, Карло Мадерно и Джовании Фонтана. Основание городка Аричья относится к XIV веку до н.э. Многочисленные остатки свидетельствуют о том, что город размещался внутри раковины вулканического кратера долины Аричья. В императорскую эпоху эта территория представляла достаточно большой город с храмами, термами, площадями и общественными зданими. После периода варварских набегов с X по XVII века город переходил из рук в руки дюков, графов и Святого Престола. При Александре VII архитектор Бернини создал Собор Вознесения и площадь перед дворцом Киджи. В Аричьи мы остановимся в местном ресторанчике на обед. Затем мы направимся к городку Неми, который был прославлен в римские времена из-за храма Дианы - цели паломничества римлян и жителей дальних городов. Сакральный характер эта территория имела во весь римский период, сохраняя нетронутыми непроходимые лесные чащи внутренних лесных склонов древнего вулкана. Мы насладимся необыкновенными видами этого вулканического озера. В июле в Неми проходит клубничный фестиваль - парадные шествия местных жителей в оригинальных костюмах.</p>\r\n<p><strong>Cтоимость:</strong></p>\r\n<p>1 - 3 человека - 330 евро</p>\r\n<p>4 - 7 человек - 370 евро</p>\r\n<p><img src=\"../../../../ex_21_1.jpg\" alt=\"\" align=\"left\" hspace=\"5\" vspace=\"5\" /> <img src=\"../../../../ex_21_2.jpg\" alt=\"\" align=\"left\" hspace=\"5\" vspace=\"5\" /> <img src=\"../../../../ex_21_3.jpg\" alt=\"\" align=\"left\" hspace=\"5\" vspace=\"5\" /> <img src=\"../../../../ex_21_4.jpg\" alt=\"\" align=\"left\" hspace=\"5\" vspace=\"5\" /> <img src=\"../../../../ex_21_5.jpg\" alt=\"\" align=\"left\" hspace=\"5\" vspace=\"5\" /> <img src=\"../../../../ex_21_6.jpg\" alt=\"\" align=\"left\" hspace=\"5\" vspace=\"5\" /></p>',0,'articles/excursion.html',0),(22,'/excursion/22','Рим для детей','<p>Длительность тура зависит от выбранных Вами мест для посещения. При выезде в пригород арендуется транспорт - 50 евро в час. Rainbow MagicLand Via della Pace, loc. Pascolano Valmontone (30 километров от Рима) 10.00- 18.00 Июль - август 10.00 - 23.00 вход для взрослых- 35 евро вход для детей - 28 евро Это огромный лунапарк расположенный на территории в 600 000 m2 на которых находятся около 35 видов каруселей и развлечений. Также есть Pixie Village - место для самых маленьких. Maison Houdini - это удивительный подземный город для больших и маленьких посетителей. Esplora Via Flaminia, 82, Roma вход в музей в 10.00, 12.00, 15.00, 17.00 закрыт в понедельник Вход - 7 евро Это музей - город для детей Giardino Zoologico di Roma - Зоопарк Piazzale del Giardino Zoologico, 1. Villa Borgese 9.30 - 18.00 вход для детей - 10,50 евро, вход для взрослых - 12,50 евро Просторный зоопарк расположенный в живописном месте Рима -Вилла Боргезе удивит Вас разнообразием видов животных, рептилий, рыб и птиц Technotown Via Lazzaro Spallanzani, 1 10.00 - 18.00 Вход - 6 евро Закрыт в понедельник Музей интересен детям с 10 до 17 лет интересующимися новыми технологиями 3 D Rewind Rome Via capo d\'Africa 5 9.00 - 19.00 Взрослый билет - 15 евро, детский билет - 8 евро Фильм 3 D и 5 D- увлекательное погружение в историю античного Рима. Почувствуйте себя римлянином! Аквапарки: Aquapiper Via Maremmana Inferiore Km 29,300 00012 Guidonia (RM) - 20 километров от Рима Открыт с 15 мая по 15 сентября 09.00 - 19.30 Взрослый билет - 16 евро, дети - 10 евро, дети до 10 лет вход бесплатный Aquafelix Via Terme di Traiano Localit&agrave; Casale Altavilla 00053 Civitavecchia Nord (Roma) Автострада А 12 Рим - Чивитавекья, выезд Чивитавекья Норд, via Terme di Traiano Открыт с 12 июня по 5 сентября 10.00 - 18.30 Взрослый билет - 20 евро, детский билет - 17,50 евро Fontevivola Parco Acquatico Fontevivola - SS 2 Cassia km.50 - Fontevivola Огромный комплект отдыха для детей и родителей открыт с 10 июня до 10 сентября Вход - 20 евро</p>',0,'articles/excursion.html',0),(23,'/note_1','Выставки в Риме','Выставка художника XVI века - Тинторетто - великого мастера возрождения\r\n\r\n25 Февраля - 10 Июня - Scuderie del Quirinale ( Папские конюшни) - via XXIV Maggio 16\r\n\r\nВходной билет - 14  euro',0,'',0),(24,'/note_2','Выставки в Риме','Выставка Русский Авангард до 2 Сентября - выставка в комплексе Ara Pacis - Малевич, Кандинский, Шагал, Родченко и другие\r\n\r\nВходной билет - 15 евро на человека ',0,'',0),(25,'/note_3','Cкидки на туры!','Специальное предложение!\r\n\r\nCкидки на экскурсии во вторник, среду и четверг\r\n\r\n10 % скидки на все экскурсии\r\n15 % скидки на весь транспорт',0,'',0),(26,'/note_4','Тур по Флоренции - Медичи ','Это тематический тур во Флоренции.\r\n\r\nВ ходе экскурсии запланировано посещение резиденций - дворцов этой династии, которая на протяжении трех столетий правила Флоренцией. Также мы посетим фамильную церковь этой семьи \"Святого Лаврентия\" и Новой ризницы, где работал в качестве архитектора и скульптора Микеланджело...  Продолжительность экскурсии 4 часа. Cтоимость - 300 евро ( 1- 6 человек\r\n\r\n \r\n \r\n\r\n \r\n',0,'',0),(27,'/note_5','Тур по Тоскане - Кьянти - Дорога вин','Это тур на машине на 8 часов. Посещение долины Кьянти - рая для гурманов. Вы увидите живописную природу региона и знаменитые пейзажи - ведь именно с тосканских холмов Леонардо да Винчи писал пейзаж для Моны Лизы. Мы будем останавливаться в средневековых городках Монтальчино и Монтепульчано. Вас ждут дегустации вин в винных погребах, сыров на ферме по производству козьего сыра где Вы сами сможете учавствовать в процессе производства.\r\n\r\nВ ходе тура запланирован обед в прекрасном семейном не туристическом ресторанчике, где Вы сможете попробовать например знаменитый бифштекс по - флорентийски.\r\n\r\nCтоимость тура на 2 - 7 человек - 890 евро за тур включая транспорт\r\n\r\n \r\n',0,'',0),(28,'/note_6','Экскурсии по Флоренции','Предлагаем обзорные и тематические экскурсии по Флоренции. Организация железнодорожных билетов из Рима и встречи с лицензированным гидом города',0,'',0),(29,'/note_7','Экскурсии по Венеции','Предлагаем обзорные и тематические экскурсии в Венецию. Организация железнодорожных билетов из Рима и встречи с лицензированным гидом города',0,'',0),(30,'/note_8','Экскурсии по Неаполю и Помпею','Предлагаем экскурсии по городу Неаполю и посещение археологических руин города Помпей.\r\n\r\nОрганизация железнодорожных билетов и встречи с лицензированным гидом города',0,'',0),(31,'/note_9','Экскурсии по Милану. Шопинг','Предлагаем обзорные экскурсии по Милану. Шопинг в лучших магазинах города и аутлетах\r\nОрганизация железнодорожных билетов и встречи с лицензированным гидом города',0,'',0),(32,'/note_10','Новости футбола','<p>Как известно футбол занимает важное место в жизни итальянцев! Если Вас тоже увлекает футбол то мы организуем для Вас билеты на стадион! Игры смотрят и по телевизору и на стадионе а с утра идет веселое, горячее и колоритное обсуждение результатов в барах за чашечкой кофе! Стадион в Риме - piazzale del Foro Italico</p>\r\n<p>Ближайщие игры - в сентябре!</p>',0,'',0),(33,'/note_11','Июнь - начало лета!','<p>Итак, наступило начало лета! К счастью в Риме еще не жара - около 25 - 28 градусов днем. Замечательно смотреть город также вечером - &nbsp;незабываемые виды заката солнца на Римских холмах</p>\r\n<p>В течении тура можно сделать и фруктовую паузу - на Campo de Fiori прямо при Вас делают фруктовые салаты - macedonia . Также свежевыжатые соки. Ну и конечно во время эксукрсии мы можем попробовать знаменитое итальянское Gelato - домашнее мороженое!!!</p>',0,'',0),(34,'/note_12','Римские каникулы','<p>В Риме возможно арендовать скутер! Посетите Рим как герои фильма Римские каникулы!</p>\r\n<p>Информация по аренде:</p>\r\n<p>www.rentscooter.it - via della purificazione, 84</p>\r\n<p>www.scooterhire.it - via Cavour, 80</p>\r\n<p>Cтоимость 60 - 70 евро в день</p>',0,'',0),(35,'/note_13','Cезон спаржи','<p>Интересный и популярный в Риме овощь - спаржа. Вы можете пробовать пасту со спаржей, суп из спаржи или же отваренную спаржу с лимоном. Замечательный вкус ! По итальянски это звучит - asparagi.</p>\r\n<p>&nbsp;</p>',0,'',0),(36,'/note_14','Отдых на Римских Термах','Великолепная возможность отдохнуть, расслабиться в СПА - центрах расположенных около Рима. Ведь еще древние Римляне отдыхали в термах - температурных банях с ванными, залами, комнатами отдыха\r\n\r\nТермальные ванны - это лечебные натуральные горячие источники богатые органическими компонентами бьет из под земли при температуре +58 градусов.\r\n\r\n Всего 1 час трансфера от города и Вы окажетесь с СПА - отеле в Витербо или Тиволи где предлагаются пакеты для отдыха на любой вкус и время пребывания\r\n\r\nCтандартный пакет на 1 день:\r\n\r\n70 евро на человека:\r\n\r\nОткрытый термальный бассейн\r\nСауна\r\nЭтрусский грот\r\nМассаж\r\n\r\nПакет на 2 дня включает завтрак, ужин и 1 ночь в отеле - от 150 до 200 евро на человека\r\n\r\nМы забронируем Вам отель и трансфер! Ваше дело - отдохнуть!',0,'',0),(37,'/note_15','Выставки в Риме','В Риме в Викторианском Комплексе до 30 Июня  (Сomplesso Vittoriano, piazza Venezia) проходит выставка Сальвадора Дали - мастера сюрреализма\r\n\r\nВходной билет - 12 евро на человека',0,'',0),(38,'/notes','Новости','note',0,'articles/notes.html',0),(39,'/shop_1','Распродажи в Риме','Сезон распродаж - \"Saldi\" длится в Риме с 10 июля до 1 сентября и c 7 января по 1 марта.  В это время ведущие модельеры значительно уменьшают цены на свои изделия. Более дешевая одежда продается в магазинах менее известных модельеров, распродается также обувь и аксессуары. Стоит обращать внимание на то, что на каждом уцененном товаре должна быть указана первоначальная цена. Тотальная распродажа - \"Liquidazioni\" обычно предполагает самые низкие цены, другие вывески в витринах, например \"Vendite promozionali\" - (рекламные цены) и \"Sconti\" - (скидки), часто помещаются лишь для того, чтобы заманить Вас в магазин. Вывеска на двери с надписью \"Entrata libera\" означает приблизительно \"Загляните просто так\".',0,'',0),(40,'/shop_2','ВРЕМЯ РАБОТЫ МАГАЗИНОВ','Как правило, магазины открыты с 09:00 до 13:00 и с 15:30 до 19:30 (с 16:00 до 20:00 летом). В центре города некоторые магазины работают с 10:30 до 19:30. В воскресенье большинство магазинов закрыты (кроме воскресенья перед Рождеством). В августе жизнь в городе фактически замирает. Большинство магазинов закрывается как минимум на две недели до или после 15 августа, когда отмечается государственный праздник Ferragosto.   Бутики высокой моды Вы найдете в квартале Испанской площади-на улицах Via Condotti, Via Frattina, Via Borgognola, Via della Croce и все пересекающие их улочки и проулки. Также в Риме есть торговые улицы-Via del Corso, Via Nazionale, Via Cola di Rinzo. Большие универмаги-это La Rinascente, Сoin, Gallerea Alberto Sorgi',0,'',0),(41,'/shop_3','AУТЛЕТ \"CASTEL ROMANO\" !','Castel Romano полностью меняет традиционное представление, к которому Вы привыкли, посещая магазины. Здесь Вы найдете предметы одежды высшего качества от предыдущего сезона или избыточного производства самых престижных дизайнеров, по ценами со скидкой от 30% до 70% круглый год. В дали от шума города, Вы можете ходить по магазинам в полном расслаблении. Вы будете удивлены невероятными магазинами Оутлета, которые представлены самыми известными марками в одежде, спортивной одежде, домашних товарах и аксессуарах. И все это в одном месте!  Площадь аутлета порядка 25 000 м. кв. и более 113 бутиков самых известных торговых марок расположены под его крышей, таких как Asics, Bruno Magli, Calvin Klein, Diesel, Dolce&Gabbana, Eredi Pisan?, Ermenegildo Zegna, Etro, Fratelli Rossetti, Guess, Levi\'s – Dockers, Mandarina Duck, Nike, La Perla, O\'Neill, Pal Zileri, Pinko, Puma, Reebok, Roberto Cavalli, Salvatore Ferragamo, Valentino и многие другие.   На территории аутлета расположены также многочислен',0,'',0),(42,'/shop_4','AУТЛЕТ \"VALMONTONE\"','Вальмонтоне расположен в 40 км от Рима. Это город-магазин, состоящий из 300 бутиков, среди которых GF Ferre, Baldinini, Boticelli, Gaudi, Cacharel, Pacherson, Miss Sixty, Rocco Barocco, Fellini, Pierre Cardin. Здесь продается одежда, обувь и галантерея итальянских и европейских марок, а также детские товары, сувениры, украшения, изделия из кожи, хрусталя и фарфора – и все как минимум в 2 раза дешевле, чем в одноименных бутиках в других городах.   Доехать можно на машине по автостраде A1 (Рим-Неаполь), съезд на Valmonte и дальше по круговому движению следовать указателям \"Outlet Fashion District\"',0,'',0),(43,'/shop_5','TAX FREE','В любом магазине можно расплатиться наличными или кредитными картами, эмблемы которых значатся на дверях. Налог на добавленную стоимость (НДС) в Италии составляет 12% - на одежду, и более 30% - на дорогостоящие товары (меха или ювелирные изделия). Чаще всего цена в магазине уже включает в себя НДС, но выгоднее делать покупки в магазине с вывеской «Tax Free». Туристы из стран, не входящих в Европейское сообщество, делая покупки в магазинах, входящих в систему \"Tax Free\", могут расчитывать при выезде из страны на возврат суммы НДС в размере 15%.  Скидка распространяется на промышленные товары и алкогольные напитки и выплачивается при условии, что общая стоимость покупок, сделанных в одном мгазине в один и тот же день составляет не менее 155 евро.  При покупке продавец выпишет Вам чек и Вы получите пречитающуюся Вам сумму в аэропорту после прохождения паспортного контроля у стойки \"Тax Free Refund\"',0,'',0),(44,'/shops','Магазины','shop',0,'articles/notes.html',0),(45,'/transport_1','О штрафах','Пожалуй, совсем не лишним будет подчеркнуть, что проезд в городском транспорте в Италии <span style=\"font-weight:bold;\">нужно оплачивать обязательно!</span> Даже полное отсутствие денег не тронет «железных» итальянских контролеров.       Попытки решить все «полюбовно» тоже наверняка не увенчаются успехом, а могут и вовсе привести к еще большим неприятностям, как то: более существенный штраф или даже арест.       Штраф в городском транспорте Италии равен приблизительно € 50. Ко всему прочему Вам еще придется заплатить те самые «злосчастные» € 1. Если денег на штраф не окажется, Вам выпишут квитанцию, которая подлежит оплате в течение 60 дней в любом почтовом отделении или в Ufficio Abbonamenti e Informazioni ATAF. Просрочка штрафа означает, что Вам придется теперь выложить уже не € 50, а € 200 плюс данные о Ваших «проделках» будут переданы в посольство, что может грозить, к примеру, проблемами при дальнейшем въезде в страны Шенгенского соглашения.',0,'',0),(46,'/transport_2','Метро и автобусы Рима !','Билет на метро и автобус можно преобрести в газетном киоске, киске сигарет Tabacci или внутри метро в автомате. Билет действует 75 минут на поездку на наземном транспорте и на 1 поезджку в метро. Виды билетов: -разовый билет (biglietto) стоит 1 евро и действителен 75 минут с момента первого компостирования. За это время Вы можете совершить любое количество пересадок на наземном транспорте и тоько одну поездку в метро -дневной билет (biglietto giornaliero или BIG) стоимостью в 4.10 евро можно использовать в течении дня для любого количества поездок в метро, автобусах, трамваях и пригородных поездах в черте города. Компостировать его надо только при первой поездке. Билет дейсвителен с момента компостирования на 24 часа -туристский билет на 3 дня (biglietto turistico intergato или BIT) стоимостью 11 евро -недельный билет (сarta settimanale или CIS) за 16 евро-это персональный документ. В него надо вписать свое имя и год рождения, а при проверке предъявлять паспорт или водительские права. ',0,'',0),(47,'/transport_3','Такси в Риме','Такси в Риме - достаточно дорогое удовольствие. Короткие поездки здесь крайне не выгодны: посадка и первые 3 км обойдутся Вам не меньше € 4, далее - по € 0,7 за километр. В воскресные и праздничные дни (имеются в виду государственные праздники) плата за такси берется с наценкой приблизительно в € 0,6. Ко всему прочему в ночное время, коим в Риме считается часть дня с 22:00 до 7:00, Вам придется смириться с наценкой почти в € 2.',0,'',0),(48,'/transport_4','Как добраться из аэропорта Fiumicino в центр города !','Римский международный аэропорт, официально носящий имя Leonardo da Vinci, также называется Фиумичино (Fiumicino/FCO) – по названию старинного городка, вблизи которого он расположен. Аэропорт состоит из трех терминалов – А, В и С, из которых международные рейсы, в том числе и из России, принимают В и С    1) На поезде-экспрессе   До центрального вокзала Рима Roma Termini можно добраться на поезде-экспрессе, который ходит достаточно часто с 6:37 утра до 10:52 вечера. Поездка на Leonardo Express занимает 31 минуту. В аэропорту ищите указатели Stazione FS, хотя большинство из них дублированы на английский. Билет на одну поездку стоит 14 евро, и если собираетесь возвращаться через несколько дней, лучше сразу купить билет обратно. На ребенка младше 12 лет билет не требуется. Продаются билеты в FS-кассе или в специальном автомате. Билет нужно прокомпостировать при входе на платформу. Прибыв на Termini, учтите, что Leonardo Express останавливается на одной из самых дальних платформ, поэтому см',0,'',0),(49,'/transport_5','Как добраться из аэропорта Сiampino в центр Рима','1) На поезде:  До Чиампино (Ciampino) с центрального вокзала Термини (Termini) с 5.34 до 22.42 поезд отправляется каждые 15-20 минут. Время в пути: 15 минут Расписание действует до 13 декабря 2008  Проверять время отправления на сайте Trenitalia  С железнодорожной станции Чиампино до станции Аэропорт Чиампино (stazione di Ciampino all\'aereoporto) на автобусе Schiaffini Autolinee  2) На метро и потом на междугородном автобусе: Конечная остановка Ананина (Anagnina) на линии метро A у выхода из метро автобусная платформа № 1  Стоимисть билета в метро: 1 евро стоимисть автобусного билета : 1.20 евро, билет покупается внутри автобуса  Время в пути: с остановки метополитана Термини (Termini) до конечной Ананина (Anagnina) 20 минут. С остановка Ананина (Anagnina) и до аэропорта Чиампино( Ciampino Areoporto) 25 минут  Метро работает: 5.30-23.30 в субботу до 00.30   Такси от ж/д cтанции Termini до Ciampino-35-40 евро',0,'',0),(50,'/transport','Транспорт','transport',0,'articles/notes.html',0),(51,'/reccomendation_1','Андрей Комелин','Уважаемые коллеги, примите мой положительный отзыв об экскурсиях проведенных Ольгой Новиковой в Риме и его окрестностях. Нами были запланированы обзорная экскурсия по Вечному городу, великолепнейшую экскурсию в виллу Боргезе, а также озеро Браччано.  Рим до сих пор стоит, это не удивляет, огорчает лишь то, что не успели увидеть еще и еще очень много важных  интересных мест. Музей сестры Наполеона нужно увидеть каждому культурному индивиду, чтобы насладиться шедеврами архитектуры и живописи. Несмотря на дальнюю дорогу мы осмотрели знаменитый  замок на озере Браччано, а затем  искупались в озере. Спасибо большое за заботу, интересные и содержательные, беспроблемные экскурсии. Комелин Андрей, Йошкар-Ола, Россия.',0,'',0),(52,'/reccomendation_2','Vera Litvak','Я долгие годы хранила мечту - поехать в Италию в Рим. В этом году моя мечта сбылась.\r\n\r\nВстретив Вас в качестве замечательного гида, Ватикан и Рим открылись передо мною \r\nво всем своем величии.\r\n\r\nБлагодаря Вам у меня остались очень приятные воспоминания об Италии. Мои фотографии, а их у меня \r\nоколо 3000, подтверждают это.\r\n\r\nОт всей души говорю Вам - большое СПАСИБО за Ваши познавательные и увлекательные экскурсии \r\nпо Ватикану и вечернему Риму.\r\n\r\nОбязательно буду рассказывать о Вас и Ваших экскурсиях  своим друзьям и знакомым, а также рекомендовать Вас, как гида.\r\n\r\nЖелаю Вам здоровья, успехов в Вашем благородном деле и удачи во всем!!!\r\n\r\nМоя сестра присоединяется к моим словам.\r\n\r\n\r\nВера.\r\nЧикаго, США',0,'',0),(53,'/reccomendation_3','Irina Lutovinova','Мы прилетели в Рим впервые , нас было трое (нам по 50 лет и мама,ей 70 лет).\r\nПроехав самостоятельно по Риму с обзорной экскурсией мы поняли, что в Ватикане нам просто необходим русскоговорящий гид. Нам повезло. Мы встретили Ольгу, которая проводит экскурсии по Ватикану. Представив сколько мы будем стоять в очереди, мы с удовольствием воспользовались её услугами.Вся экскурсия стоила нам 45 евро на человека.Сюда входит входной билет, услуги гида на два с половиной часа, рация и самое главное это, то что мы смогли проити без очереди!!!\r\nНам очень понравилась организованная Ольгой экскурсия, поэтому заказали ей на следующий день  индивидуальный тур на машине по Риму.\r\nОльга нас вполне устроила,она очень профессиональный, грамотный и с чёткой организацией гид.\r\nЭкскурсия с Ольгой на машине помогла нам увидеть за три часа очень много достопримичательностей. Самостоятельно мы не смогли бы добраться так быстро и так много интересных и очень важных мест посмотреть.И что очень важно, тот объём информации, который мы за это время получили и конечно сэкономили время и силы.От души рекомендуем воспользоваться её услугами.\r\nС приветом из Риги! Ирина.',0,'',0),(54,'/reccomendation_4','Российская Академия путей сообщения','Уважаемые господа!\r\n\r\nРоссийская академия путей сообщения Московского государственного университета путей сообщения (МИИТ) выражает огромную благодарность переводчице Ольге Новиковой за ее профессионализм в работе на семинаре-обучении группы руководителей и специалистов Дирекции скоростного сообщения – филиала ОАО «Российские железные дороги» по программе: «Изучение опыта железных дорог Италии по вопросам высокоскоростного движения», состоявшейся в период с 28 ноября по 02 декабря 2011 года.\r\nВ семинаре участвовали представители Дирекции скоростного сообщения – филиала ОАО «Российские железные дороги» из Москвы, Санкт-Петербурга и Сочи и наши итальянские коллеги — представители итальянских железных дорог Ferrovie dello Stato Italiane из Рима, Болонии и Флоренции.\r\nТочный перевод и знание терминологии госпожи Новиковой помог нам не только познакомиться с теоретическими аспектами этой программы, но также и с практическими аспектами на железнодорожных участках и станциях разных городов Италии.\r\n\r\nЗаместитель директора Российской акдемии\r\nпутей сообщения МИИТ\r\nВ.Н. Глазков\r\n\r\n\r\n05 декабря 2011 года\r\n',0,'',0),(55,'/reccomendation_5','Cергей Афанасьев','Сергей Афанасьев \r\n\r\nВ октябре путешествовали с семьей по Италии и, выбрав в качестве гида-переводчика по Риму Ольгу Новикову, нисколько не пожалели. От экскурсии осталась масса положительных впечатлений- всего и не рассказать. В частности от Ольги получили большое количество интереснейшей информации, это очень приятный в общении человек. Хотелось бы сказать только огромное спасибо за проведенное с пользой время!\r\n\r\n\r\n \r\n \r\n',0,'',0),(56,'/reccomendation_6','Cветлана Гришина','Хотелось бы поблагодарить Ольгу Новикову,нашего гида в Риме за интереснейшие экскурсии,которые она нам подарила.Она с любовью к этому удивительному городу открыла его для нас.Особенно впечатлила экскурсия \"Подземный Рим\".Мы были в Риме группой в шесть человек,среди нас были два подростка,которых трудно было чем-то увлечь и заинтересовать,но во время экскурсий даже они с увлечением осматривали объекты и слушали рассказы нашего гида.Спасибо большое! В следующий раз обязательно воспользуюсь услугами Ольги.\r\nГришина Светлана.Москва.Россия.\r\n',0,'',0),(57,'/reccomendation_7','Елена Скоморохова','Наша самостоятельная поездка в Рим сложилась достаточно спонтанно. Поэтому  экскурсии не были запланированы заранее. Но, попав в этот удивительный город, поняли, что без квалифицированного гида не обойтись.\r\nОперативно написала несколько писем на адреса гидов и одной из первых получила ответ от Ольги. Она быстро и четко описала возможные экскурсии, предложила свои профессиональные  услуги, провела замечательную экскурсию по ночному Риму. Все было сделано максимально оперативно, но в то же время очень подробно и доброжелательно. Много полезной и интересной информации, которую не найдешь в путеводителе.\r\nВ следующий наш приезд обязательно запланируем несколько экскурсий под ее руководством.\r\nБольшое спасибо!\r\nЕлена.\r\n',0,'',0),(58,'/reccomendation_8','Васильева Лариса','<p>Мы были с мужем в апреле в Риме. Благодарим гида Ольгу Новикову за великолепную организацию туров, трансферов и входных билетов в музеи без очереди!!! Все было на высоком профессиональном уровне!</p>',0,'',0),(59,'/reccomendation_9','Александр Заец','<p>Наши Римские каникулы в марте 2012 года удались! Мы заранее оговорили наши тематические туры по городу - спасибо Ольге за четкость и быстроту в переписке. В Риме невозможно увидеть все. &nbsp;Однако за неделю нашего пребывания нашей семье удалось посмотреть практически весь город - благодаря оптимизму и энтузиазму гида Ольги. Даже на скутере покатались по вечному городу!</p>\r\n<p>&nbsp;</p>',0,'',0),(60,'/reccomendations','Отзывы','reccomendation',0,'articles/notes.html',0),(61,'/flight_1','Авиапрелет в Рим (Италия). Заказ авиабилета до Рима.','<div>&nbsp;</div>\r\n<div>Заказ Вашего авиабилета в любой авиакомпании.</div>\r\n<div>&nbsp;</div>\r\n<div>Cтоимость авиабилета Санкт-Петербург/Москва-Рим:</div>\r\n<div>&nbsp;</div>\r\n<div>Alitalia: от 270 до 650 евро</div>\r\n<div><a href=\"http://www.alitalia.com\">www.alitalia.com</a></div>\r\n<div>&nbsp;</div>\r\n<div>Lufthansa: от 270 до 700 евро</div>\r\n<div><a href=\"http://www.lufthansa.com\">www.lufthansa.com</a></div>\r\n<div>&nbsp;</div>\r\n<div>Air France: от 270 до 600 евро</div>\r\n<div><a href=\"http://www.airfrance.com\">www.airfrance.com</a></div>\r\n<div>&nbsp;</div>\r\n<div>Пулково: от 270 до 400 евро</div>\r\n<div><a href=\"http://www.pulkovo.ru\">www.pulkovo.ru</a></div>\r\n<div>&nbsp;</div>\r\n<div>Aeroflot: от 270 до 600 евро</div>\r\n<div><a href=\"http://www.aeroflot.ru\">www.aeroflot.ru</a></div>\r\n<div>&nbsp;</div>\r\n<div>Blue1 (из Хельсинки)-от 150 до 300 евро</div>\r\n<div><a href=\"http://www.blue1.com\">www.blue1.com</a></div>\r\n<div>&nbsp;</div>\r\n<div>Cледите за&nbsp;специальными предложениями на сайтах:</div>\r\n<div>&nbsp;</div>\r\n<div><span class=\"f\"><cite><span style=\"color: #0e774a;\"><a href=\"http://www.aviasales.ru\">www.aviasales.ru</a></span></cite></span></div>\r\n<div>&nbsp;</div>\r\n<div><span class=\"f\"><cite><span style=\"color: #0e774a;\"><span class=\"f\"><cite><a href=\"http://www.tripadvisor.ru\">www.tripadvisor.ru</a></cite></span></span></cite></span></div>\r\n<div>&nbsp;</div>\r\n<div><cite><a href=\"http://www.skyexpress.ru\">www.skyexpress.ru</a></cite></div>',0,'',0),(62,'/flights','Авиаперелеты','flight',0,'articles/notes.html',0),(63,'/hotel_1','Бронирование отелей в Риме.','<p>Вы можете забронировать отель любой категории. Ниже указаны стоимости отелей в зависимости от сезона</p>\r\n<p>Стоимость отелей 5*-от 500 евро до 250 евро за ночь</p>\r\n<p>Стоимость отелей 4*-от 300 евро до 200 евро за ночь</p>\r\n<p>Стоимость отелей 3 *-от 200 евро до 150 евро за ночь</p>\r\n<p>Стоимость мини отелей и апартаментов- от 150 евро до 80 евро за ночь</p>\r\n<p>Разгар туристического сезона: c 1 Марта по 30 Октября</p>\r\n<div>На основе бронирования отеля Вы можете получить визу в консульстве Италии</div>\r\n<div>&nbsp;</div>\r\n<div>&nbsp;</div>\r\n<div>Рекомендуемые отели 5*:</div>\r\n<div>&nbsp;</div>\r\n<div>The Westin Excelsior</div>\r\n<div>Via Veneto, 125</div>\r\n<div><a href=\"http://www.excelsior.hotelinroma.com\">www.excelsior.hotelinroma.com</a></div>\r\n<div>&nbsp;</div>\r\n<div align=\"justify\">Отель Вестин Эксельсиор в Риме имеет репутацию фантастического прекрасного места. В отеле есть ресторан Doney, для здоровья путешественников - персональные тренировки с тренером в клубе здоровья, а также массаж шиацу. Отель недавно полностью реконструирован. <span lang=\"RU\">Отель расположен </span><span lang=\"IT\">близко к Пьяцца ди Spagna и Вилле Боргезе</span><span lang=\"EN\">,</span><span lang=\"IT\"> на одной из самых известных улиц столицы - на знаменитой via Veneto </span></div>\r\n<div align=\"justify\">&nbsp;</div>\r\n<div align=\"justify\"><span lang=\"IT\">Majestic Roma </span></div>\r\n<div>Via Vittorio Veneto, 50</div>\r\n<div><a href=\"http://www.hotelmajestic.com\">www.hotelmajestic.com</a></div>\r\n<div>&nbsp;</div>\r\n<div>Один из лучших отелей на знаменитой улице Виа Венето. Отель был открыт в 1889 году по соседству с роскошным Roисторическим зданием \"Виллы Людовичи\". Расположен на улице Венето,в центре Рима. В 3 мин. пешком от Виллы Боргезе, Площади Испании, лестницы \"Тринита дей Монти\", а также улицы Кондотти с элегантными магазинами.</div>\r\n<div>&nbsp;</div>\r\n<div>Splendid Royal</div>\r\n<div>Via di Porta Pinciana, 14</div>\r\n<div><a href=\"http://www.splendidroyal.com\">www.splendidroyal.com</a></div>\r\n<div>&nbsp;</div>\r\n<div>Отель-бутик расположен в прекрасном историческом здании, которое было построено в 1880 году. В начале 21 века отель &nbsp;открыт после полной реставрации. Отель SPLENDIDE&nbsp;ROYAL расположен в престижном районе между Via Veneto и церковью Trinita&nbsp;dei&nbsp;Monti, над историческим центром Рима с великолепным видом на зеленые сады Вилла Borghese.&nbsp;В отеле роскошные холлы и гостиные с камином, антикварной мебелью, ниспадающими драпировками и подлиниками предметов итальянского искусства. Мозаичный мраморный пол, многогранные люстры, зеркала и зеленые растения создают в холле оригинальную и неповторимую атмосферу, подчеркивая особый шарм и респектабельность отеля.<br />Ресторан&nbsp; Mirabelle награжден звездами Мишлен за изысканную атмосферу и отличные блюда.</div>\r\n<div>&nbsp;</div>\r\n<div>Rome Cavalieri Hilton</div>\r\n<div>Via Cadlolo,101</div>\r\n<div><a href=\"http://www.romecavalieri.com\">www.romecavalieri.com</a></div>\r\n<div>&nbsp;</div>\r\n<p>Отель расположен в нескольких минутах езды от площади Пьяцца ди Спанья и улицы фешенебельных магазинов Виа Кондотти. В 35 километрах от международного аэропорта Фьюмичино. Отель стоит посреди живописного частного парка на вершине холма Монте Марио, откуда открывается великолепная панорама Рима. В парке расположился открытый бассейн олимпийского размера</p>\r\n<div>&nbsp;</div>\r\n<div>Parco dei Principi</div>\r\n<div>Via Frescobalsi,5</div>\r\n<div><a href=\"http://www.parcodeiprincipi.com\">www.parcodeiprincipi.com</a></div>\r\n<div>&nbsp;</div>\r\n<p>Отель расположен в историческом центре Рима в парке Вилла Боргезе, в 10 минутах ходьбы от Виа Венето. Недавно отреставрирован, а ресторан отеля \"Паулина Боргезе\" признан лучшим гостиничным рестораном Рима.</p>\r\n<div>&nbsp;</div>\r\n<div>Aldrovani Palace Hotel</div>\r\n<div>Via Ulisse Aldrovandi, 15</div>\r\n<div><a href=\"http://www.aldrovandi.com\">www.aldrovandi.com</a></div>\r\n<div>&nbsp;</div>\r\n<p>Отель расположен в одном из самых престижных районов Рима в глубине садов Вилла Боргезе рядом с Вилла Джулия и Галереей Боргезе, Aldrovandi Palace находится всего в нескольких шагах от Испанской лестницы и Виа Венето. Собственный парк, открытый бассейн и ресторан с панорамными окнами в сад делают отель настоящим оазисом покоя и комфорта в самом центре шумного Рима. Престижный Aldrovandi Palace, управляемый в лучших традициях семейного отельного бизнеса, был полностью обновлен в 2004 году</p>\r\n<div>&nbsp;</div>\r\n<div>Hotel de Russie</div>\r\n<div>Via del Babuino, 9</div>\r\n<div><a href=\"http://www.hotelderussie.it\">www.hotelderussie.it</a></div>\r\n<div>&nbsp;</div>\r\n<div>Отель, расположенный в историческом центре Рима, у Пьяцца дель Попполо и Испанской лестницы, поражает своим великолепием. Отель De Russie &ndash; излюбленное место отдыха русской аристократии в начале прошлого века - сохранил неповторимую атмосферу тихого оазиса среди несмолкающего шума Вечного города. Отель De Russie являет собой прекрасное сочетание стиля и высокопрофессионального обслуживания гостей, присущее пятизвездочной коллекции сэра Rocco Forte.</div>\r\n<div>&nbsp;</div>\r\n<div>Hassler Roma</div>\r\n<div>Piazza della Trinita dei Monti,6</div>\r\n<div><a href=\"http://www.hotelhasslerroma.com\">www.hotelhasslerroma.com</a></div>\r\n<div>&nbsp;</div>\r\n<div>Это&nbsp;уникальный отель, основанный в 1885 г. и считающийся одним из лучших отелей мира, превосходящий многие первоклассные отели роскошными интерьерами, богатой коллекцией живописи и антикварной мебели, а также своим блестящим расположением на площади Trinita dei Monti на вершине знаменитой Испанской лестницы. Это самое сердце города, откуда открывается неповторимый вид на сады Borghese и панорама Рима.</div>\r\n<div>&nbsp;</div>\r\n<div>Рекомендуемые отели 4*:</div>\r\n<div>&nbsp;</div>\r\n<div>Hotel Imperiale</div>\r\n<div>Via Vittorio Veneto, 24</div>\r\n<div><a href=\"http://www.hotelimperialeroma.it\">www.hotelimperialeroma.it</a></div>\r\n<div>&nbsp;</div>\r\n<div>Это элегантный и гостеприимный отель, построенный в конце 1800-х годов, расположившийся в пятиэтажном здании с грациозным фасадом в стиле XIX столетия, являющимся частью исторической архитектуры Рима, на знаменитой улице Via Veneto, на которой великий Феллини в 1960 году снимал свой шедевр киноискусства \"Сладкая жизнь\". Недавно отреставрированный отель Imperiale считается одним из лучших в Риме благодаря теплой атмосфере, изящных декораций, роскошному интерьеру и качественному сервису.</div>\r\n<div>&nbsp;</div>\r\n<div>Ludovisi Palace</div>\r\n<div>Via Ludovisi,43</div>\r\n<div><a href=\"http://www.ludovisipalacehotel.com\">www.ludovisipalacehotel.com</a></div>\r\n<div>&nbsp;</div>\r\n<div>Отель расположен на улице Лудовизи, рядом со знаменитой улицей Венето (Via Veneto). На расстоянии пешей прогулки - Вилла Боргезе, Площадь Испании (Piazza di Spagna), Тринита дей Монти (Piazza Trinita dei Monti) и красивые сады Виллы Borghese.Отель располагает 57 комфортабельными номерами со всеми удобствами.&nbsp; Номера оформлены с изяществом и вкусом: покрывала и гобелены в голубых тонах прекрасно сочетаются со светло-бежевой мебелью. Во всех комнатах английские ковры и велюровые занавески. Ванные с отделкой мрамором, оборудованы феном, телефоном и нагревателем полотенца.</div>\r\n<div>&nbsp;</div>\r\n<div>Hotel Сicerone</div>\r\n<div>Via Cicerone, 55/c</div>\r\n<div><a href=\"http://www.hotelciceronerome.com\">www.hotelciceronerome.com</a></div>\r\n<div>&nbsp;</div>\r\n<div>Отель Cicerone&nbsp;расположен в одном из самых престижных районов Рима, в нескольких шагах от площади del Popolo, площади Navona и Ватикана. Отель Cicerone предлагает для комфортабельного размещения 287 стандартных номера, 5 - Superior и 10 Suites. Все номера недавно модернизированы, оснащены необходимой техникой и удобствами для комфортабельного проживания. Просторные комнаты оформлены современно и стильно - с декором в приятных тона, удобной мебелью и декоративными элементами. В номерах категории Suites есть изолированные гостиная и спальня.&nbsp;</div>\r\n<div>&nbsp;</div>\r\n<div>Visconti Palace</div>\r\n<div>Via Federico Cesi, 37</div>\r\n<div><a href=\"http://www.viscontipalace.com\">www.viscontipalace.com</a></div>\r\n<div>&nbsp;</div>\r\n<div>Здание отеля расположено на правом берегу реки Тибр между Пьяцца дель Пополо, Пьяцца ди Спанья, Пьяцца Навона и Ватиканом. Отель находится в нескольких шагах от&nbsp;площади Испании и собора св.Петра.&nbsp;&nbsp;В отеле VISCONTI&nbsp;PALACE 247 номеров, включая 13 апартаментов. Современные интерьеры, яркие цвета тканей, деревянные панели и абстрактные рисунки на стенах - отличительные черты номеров отеля. Номера небольшие, но очень уютные и чистые. Они оснащены необходимой техникой и удобствами, в том числе рабочим столом и доступом в Интернет.</div>\r\n<div>&nbsp;</div>\r\n<div>White Hotel</div>\r\n<div>Via in Arcione, 77</div>\r\n<div><a href=\"http://www.whitehotel.com\">www.whitehotel.com</a></div>\r\n<div>&nbsp;</div>\r\n<div>Отель разместился в здании постройки 19 века, в самом центре Рима. Отель расположен в 100 м от фонтана Треви и площади Испании. Он распахнул свои двери для приема первых гостей в 1993 году, и&nbsp; с тех пор несколько раз обновлялся, становясь более современным. Небольшой вестибюль со стойкой приема из светлого мрамора соединен с роскошной гостиной с ярким оформлением. Здесь размещается небольшой Cigar&nbsp;Bar, предлагающий гостям разнообразные напитки и снеки, а также великолепный выбор сигар и табака. По вечерам здесь звучит фортепьянная музыка, и гости отеля собираются для общения и отдыха.</div>\r\n<div>&nbsp;</div>\r\n<div>Hotel Savoy</div>\r\n<div>Via Ludovisi, 15</div>\r\n<div><a href=\"http://www.savoy.it\">www.savoy.it</a></div>\r\n<div>&nbsp;</div>\r\n<div>Отель имеет прекрасное местоположение, рядом легендарной Виа Венето в центре города, нескольких минутах ходьбы от Испанской лестницы, Садов Виллы Боргезе. Рядом находятся торговые улицы.</div>\r\n<div>Каждый из 132 номеров отеля SAVOY отвечает современным требованиям к комфорту и техническому оснащению. Комнаты оформлены в классическом стиле с необходимым набором удобств. Большие кровати. Изящная мебель, приятный свет и декор в спокойных тонах создают уют и способствуют релаксации. Для безопасности номера оснащены детекторами дыма и электронными замками.</div>\r\n<div>&nbsp;</div>\r\n<div>Hotel Commodore</div>\r\n<div>Via Torino, 1</div>\r\n<div><a href=\"http://www.hotelcommodore.com\">www.hotelcommodore.com</a></div>\r\n<div>&nbsp;</div>\r\n<div>Отель расположен в центре Рима, рядом с Оперой и Базиликой Св. Марии&nbsp;Маджоре. Только 400 метров отделяет его от железнодорожной станции, что удобно для путешествия по городу и к аэровокзалу.&nbsp;&nbsp;Этот отель-комфортабельный и тихий. Его интерьеры оформлены в классическом итальянском стиле.</div>\r\n<div>&nbsp;</div>\r\n<div>Grand Hotel Hermitage</div>\r\n<div>Via E. Vajna, 12/18</div>\r\n<div><a href=\"http://www.grandhotelhermitageroma.it\">www.grandhotelhermitageroma.it</a>&nbsp;</div>\r\n<div>&nbsp;</div>\r\n<div>Отель расположен в районе Parioli - одном из самых элегантных в городе, что делает его привлекательным для бизнесменов и туристов. Просторный вестибюль отделан мрамором, благородного шоколадного оттенка. Здесь находится небольшой бар, где можно заказать напитки и коктейли. Гости могут начать день с завтрака, который сервируют по утрам в специально оборудованном зале. Также его можно заказать в номер. Достопримечательностью отеля является сад на крыше с панорамным видом на город.</div>\r\n<div>&nbsp;</div>\r\n<div>Stendhal</div>\r\n<div>Via del Tritone, 113</div>\r\n<div><a href=\"http://www.hotelstendhalrome.com\">www.hotelstendhalrome.com</a></div>\r\n<div>&nbsp;</div>\r\n<div>Отель расположен в центре Рима, недалеко от Spanish Steps,&nbsp; Piazza Barberini и Фонтана Треви. Немного в стороне от отеля находится Via Condotti, известная своими бутиками и ресторанами.&nbsp;&nbsp;Отель предлагает своим гостям очаровательную и изысканную обстановку, дизайн его&nbsp; интерьеров дает ощущение шика и роскоши.</div>\r\n<div><br />&nbsp;</div>\r\n<p>Рекомендуемые отели 3*:</p>\r\n<div>&nbsp;</div>\r\n<div>Accademia</div>\r\n<div>Piazza Accademia di San Luca, 74</div>\r\n<div><a href=\"http://www.accademiahotel.com\">www.accademiahotel.com</a></div>\r\n<div>&nbsp;</div>\r\n<div>Отель расположен в центре города, в 100 метрах от фонтана Треви и площади Испании. Поблизости от отеля, на улицах Кондотти и Венето, множество престижных магазинов. На расстоянии небольшой прогулки находятся такие достопримечательности как Pantheon, Дворец Quirinale, Площадь Navona, Colosseo</div>\r\n<div>&nbsp;</div>\r\n<div>Diplomatic</div>\r\n<div>Via Vittoria Colonna, 28</div>\r\n<div><a href=\"http://www.hoteldiplomatic.it\">www.hoteldiplomatic.it</a></div>\r\n<div>&nbsp;</div>\r\n<div>Здание отеля&nbsp; построено в начале 1890 годов в стиле Umbertino. В 2001 году здесь проведены масштабная реконструкция и обновление с целью предоставить лучший комфорт и сервис гостям. Отель &nbsp;расположен между Spanish&nbsp;Steps&nbsp;и Ватиканом с его знаменитой Базиликой Святого Петра. Недалеко находятся Фонтан Треви, Пантеон и Piazza&nbsp;Navona.</div>\r\n<div>&nbsp;</div>\r\n<div>Caprice</div>\r\n<div>Via Liguria, 38</div>\r\n<div><a href=\"http://www.hotelcaprice.com\">www.hotelcaprice.com</a></div>\r\n<div>&nbsp;</div>\r\n<div>Отель&nbsp;расположен в&nbsp;традиционном итальянском палаццо, типичной для Рима архитектуры. Здание отеля построено в 1800 году. Его полная реконструкция проведена в начале 21 века, благодаря чему отель, сохраняя традиции, стал более совершенным. <br />Отель&nbsp; расположен в 30 метрах от Via Veneto, одной из самых элегантных улиц магазинов и бутиков в центре Рима. Вокруг также множество ресторанов и популярных клубов.<br /><br />Priscilla</div>\r\n<div>Via Calabria, 17</div>\r\n<div><a href=\"http://www.hotelpriscillarome.com\">www.hotelpriscillarome.com</a></div>\r\n<div>&nbsp;</div>\r\n<div>Отель расположен в здании 19 века, отлично вписывающимся в окружающий облик района. Отель расположен в делов и торговом районе города, в&nbsp;непосредственной близости от Via Veneto. Номера не большие.</div>\r\n<div>&nbsp;</div>\r\n<div>Viminale</div>\r\n<div>Via C. Balbo, 31</div>\r\n<div><a href=\"http://www.viminale.hotelinrome.com\">www.viminale.hotelinrome.com</a></div>\r\n<div>&nbsp;</div>\r\n<div>Отель расположен в историческом центре Рима, рядом с собором Санта Мария Маджоре, Колизеем, Императорскими Форумами, Фонтаном&nbsp;Trevi, Spanish&nbsp;Steps.&nbsp;&nbsp;Комфортабельный отель предлагает гостям приятную и спокойную атмосферу в историческом центре Рима. Отель расположен в пятиэтажном здании, на крыше которого есть большая терраса, украшенная разнообразными цветами. Здесь гости могут отдыхать в шезлонгах, наслаждаясь прекрасным видом на Древний город.</div>\r\n<div>&nbsp;</div>\r\n<div>Quattro Fontane</div>\r\n<div>Via delle Quattro Fontane 149/A</div>\r\n<div><a href=\"http://www.hotel4fontane.com\">www.hotel4fontane.com</a></div>\r\n<div>&nbsp;</div>\r\n<div>Отель расположен в историческом здании постойки 1800-го года,&nbsp;в 5 минутах ходьбы от площади Барберини и фонтана Треви. Здание отеля было полностью отремонтировано и сейчас соответсвует всем необходимым стандартам. Здесть гости&nbsp;найдут настоящий кофорт в окружении истории и современности. <br /><br />Рекомендуемые мини отели/Bed and Breakfast:</div>\r\n<div>&nbsp;</div>\r\n<div>H2000Roma</div>\r\n<div>Via delle Quattro Fontane, 16</div>\r\n<div><a href=\"http://www.h2000roma.it\">www.h2000roma.it</a></div>\r\n<div>&nbsp;</div>\r\n<div>\r\n<div id=\"summary\">\r\n<p>Отель H 2000 Roma, расположенный в здании XIX века, находится всего в 2 минутах ходьбы от фонтана Треви, в самом сердце Рима.&nbsp;Рядом находится эксклюзивный район Испанских Ступеней с дизайнерскими магазинами и элегантной улицей Виа Венето. Остановки общественного транспорта, включая станции метро, находятся всего в нескольких шагах. Благодаря удобному расположению отеля H2000, вы сможете легко осмотреть город. Номера отеля H2000 номера очень просторные и оснащены современным оборудованием, а в некоторых есть даже ванны-джакузи и стереосистемы. В отеле предоставляется доступ в Интернет.</p>\r\n</div>\r\n</div>\r\n<div>&nbsp;</div>\r\n<div>Orlanda</div>\r\n<div>Via Principe Amedeo, 76</div>\r\n<div><a href=\"http://www.hotelorlanda.com\">www.hotelorlanda.com</a></div>\r\n<div>&nbsp;</div>\r\n<div>Небольшой отель ORLANDA удобно расположен в центре Рима, вблизи железнодорожной станции Termini и основных достопримечательностей Рима. Стиль отеля &ndash; традиционный с современным комфортом в соответствии с классом отеля.</div>\r\n<div>&nbsp;</div>\r\n<div>&nbsp;</div>\r\n<div>B&amp;B Trevi Rome</div>\r\n<div>Via&nbsp;del Lavatore, 83<br /><a href=\"http://www.hotelromeresidenzatrevi.com\">www.hotelromeresidenzatrevi.com</a></div>\r\n<div>&nbsp;</div>\r\n<div>Этот мини отель был открыт в 2006 году. Он удобно расположен в самом историчесском сердце Рима, в пяти минутах ходьбы от фонтана Треви, Пантеона, площади Испании, Площади Венеции.</div>\r\n<div>&nbsp;</div>\r\n<div>&nbsp;</div>\r\n<div>Fellini B&amp;B</div>\r\n<div>Via Rasella, 55</div>\r\n<div><a href=\"http://www.fellinibnb.com\">www.fellinibnb.com</a></div>\r\n<div>&nbsp;</div>\r\n<div>Проведите Ваши \"Римские каникwулы\" в этом уютном мини отеле. Вы пешком дойдете до всех достопримечательностей знаменитой Феллиниевской \"Сладкой жизни\"-фонтан Треви и элегантной улицы Венето.</div>\r\n<div>&nbsp;</div>\r\n<div>&nbsp;</div>\r\n<div>B&amp;B Vaticanstpeter</div>\r\n<div>Via Gregorio VII,90</div>\r\n<div><a href=\"http://www.bbvaticanstpeter.com\">www.bbvaticanstpeter.com</a></div>\r\n<div>&nbsp;</div>\r\n<div>Это мини отель из 3 комнат, расположен вблизи Ватикана и замка св. Ангела</div>',0,'',0),(64,'/hotels','Отели','hotel',0,'articles/notes.html',0),(65,'/restaurant_1','Рестораны','<div>В Риме огромные выбор ресторанов! Вы можете выбирать между пицерией, тратторией, рестораном или энотекой. Пицерии и рестораны работаютс 12.30 до 15.00 и с 19.30 до 22.30. Энотеки работают с 12.00 до поздего вечера.&nbsp;Некоторые рестораны закрыты в понедельник.</div>\r\n<div>&nbsp;</div>\r\n<div>Италия знаменита пастой -<strong> pasta</strong>. Это блюдо подается как первое блюдо после закуски. &nbsp;Существует столько разновидностей этого популярного блюда! С разнами соусами и разными видами сыров. Конечно же Италия знаменита винами! Очень популярно домашнее вино и другие разновидности, например Chianti, Montalcino, Montepulciano и другие. Вина севера Италии считаются наиболее благородными.</div>\r\n<div>&nbsp;</div>\r\n<div>Из&nbsp;безалкогольных напитков итальянцы предпочитают<strong> spremuta</strong> (свежевыжатый сок) и <strong>granita</strong> (лед с фруктовым сиропом)</div>\r\n<div>&nbsp;</div>\r\n<div>Из десертов популярны тирамису и сорбеты.</div>\r\n<div>&nbsp;</div>\r\n<div>В ресторанах принято оставлять чаевые. Сренний размер чаевых - 7% от суммы счета</div>\r\n<div>&nbsp;&nbsp;</div>\r\n<div>Очень важно! Курение запрещено в ресторанах! Штраф - 500 евро&nbsp;</div>\r\n<div>&nbsp;</div>\r\n<div style=\"vertical-align: top;\" align=\"center\">&nbsp;</div>\r\n<div style=\"vertical-align: top;\" align=\"center\"><span style=\"font-weight: bold;\">Рестораны в Риме</span></div>\r\n<div style=\"vertical-align: top;\" align=\"center\">&nbsp;</div>\r\n<div style=\"vertical-align: top;\" align=\"justify\"><span style=\"font-weight: bold;\">Ciao Bella </span>( Via Vittorio Veneto, 12 Roma)</div>\r\n<div style=\"vertical-align: top;\" align=\"justify\">Традиционная Римская кухня. Огромный выбор рыбных и мясных блюд, пицы и десертов. Эот уютный ресторан в центре Рима. Пользуется успехом у туристов. Средняя стоимость ужина или обеда - 37 евро на человека. Открыт каждый день. 12.30 - 15.00, 19.00 - 24.00. Необходимо бронировать столик</div>\r\n<div style=\"vertical-align: top;\" align=\"justify\"><a href=\"http://www.ciaobellaristorante.com\">www.ciaobellaristorante.com</a></div>\r\n<h4 style=\"vertical-align: top;\" align=\"justify\"><span style=\"font-weight: normal;\"><span style=\"font-weight: bold;\">Tuna Restaurant </span>(Via Veneto, 11) Тел. <span style=\"font-family: Times New Roman; font-weight: normal;\" dir=\"ltr\">+39 06 4201 6531&nbsp;</span></span>&nbsp;</h4>\r\n<p style=\"vertical-align: top;\" align=\"justify\"><span style=\"font-weight: normal;\"><span style=\"font-weight: normal;\">Это новый рыбный ресторан который был открыт в 2008 году. Любой вид свежей рыбы, морепродуктов, великолепный выбор вина и уникальных десертов. Средняя стоимость - 50 евро на человека. Необходима резервация</span><br /></span><a href=\"http://www.tunaroma.it\">www.tunaroma.it</a></p>\r\n<p style=\"vertical-align: top;\" align=\"justify\"><span style=\"font-weight: bold;\">Da Gianni al Cacio &amp; Pepe</span> (Via Avezzana, 11) Тел.+39 06 3217268&nbsp;</p>\r\n<p>Уютный семейный ресторан для истинно традиционнго итальянского ужина. Летом открыта терраса. Средняя стоимость ужина или обеда - 15 евро на человека (без вина). Открыт&nbsp;12.00 - 15.00, 18.30 - 23.00 c понедельника по пятницу. 12.00 - 15.00 - по субботам.&nbsp; Необходимо бронировать столик</p>\r\n<div style=\"vertical-align: top;\" align=\"justify\"><a href=\"http://www.magnabene.com\">www.magnabene.com</a></div>\r\n<div style=\"vertical-align: top;\" align=\"justify\">&nbsp;</div>\r\n<div style=\"vertical-align: top;\" align=\"justify\"><span style=\"font-weight: bold;\">Al Regno di Re Ferdinando</span> (Via di Monte Testaccio, 39) Тел. +39 06 5783725&nbsp;</div>\r\n<div style=\"vertical-align: top;\" align=\"justify\">Ресторан Неаполитанской кухни. Расположен в красивом квартале Рима - Testaccio. Предлагает широкий выбор блюд: polenta, pizzelle, arancini. Особые блюда: sartu di riso и gnocchi alla sorrentina. Великолепные выбор видов пицы и десертов. Хороший выбор вин. Средняя стоимость - 25 евро на человека. Открыт каждый день, 12.00 - 15.00, 19.00 - 00.30. Необходимо бронировать столик</div>\r\n<div style=\"vertical-align: top;\" align=\"justify\"><a href=\"http://www.magnabene.com\">www.magnabene.com</a></div>\r\n<div style=\"vertical-align: top;\" align=\"justify\"><br /><span style=\"font-weight: bold;\">La Bomboniera </span>(Via Albano, 9 Roma) Тел. +39 06 789707&nbsp;</div>\r\n<div style=\"vertical-align: top;\" align=\"justify\">Очень популярный уютный ресторанчик. Великолепнай выбор пасты, вин и десертов. Средняя стоимость - 15 евро на человека (без вина). Открыт 12.00 - 15.00, 19.00 - 23.00 с понедельника по субботу. Необходимо бронировать столик</div>\r\n<div style=\"vertical-align: top;\" align=\"justify\"><a href=\"http://www.2spaghi.it/roma/la-bomboniera\">www.2spaghi.it/roma/la-bomboniera</a></div>\r\n<div style=\"vertical-align: top;\" align=\"justify\">&nbsp;</div>\r\n<div><span style=\"font-weight: bold;\">Romolo Nel Giardino Dalla Fornarina </span>(<span dir=\"ltr\">Via di Porta Settimiana, 8) Тел. +39 06 581 8284 </span></div>\r\n<div><span dir=\"ltr\">Этот семейный ресторан расположен в центре квартала Trastevere - там вы почувтвуете себя римлянином. В ресторане есть уютный дворик - атриум&nbsp;- по легенде в этом жилом доме жила муза Рафаэля. Великолепный выбор пасты, рыбы, мяса и домашних десертов. Средняя стоимость - 35 евро на человека без вина</span></div>\r\n<div><a href=\"http://www.ristorantefornarina.it\">www.ristorantefornarina.it</a></div>\r\n<div style=\"vertical-align: top;\" align=\"justify\">&nbsp;</div>\r\n<div style=\"vertical-align: top;\" align=\"justify\"><span style=\"font-weight: bold;\">Il Convivio </span>(Via dei Soldati, 28) Тел. +39 06 68805950</div>\r\n<div style=\"vertical-align: top;\" align=\"justify\">Элегантная атмосфера для истинно итальянского ужина</div>\r\n<div style=\"vertical-align: top;\" align=\"justify\"><a href=\"http://www.ilconviviotroiani.com\">www.ilconviviotroiani.com</a></div>\r\n<div style=\"vertical-align: top;\" align=\"justify\">&nbsp;</div>\r\n<div style=\"vertical-align: top;\" align=\"justify\"><span style=\"font-weight: bold;\">Ristorante Il Caminetto</span> (Viale Dei Parioli, 89) Тел.+39&nbsp;06 8083946</div>\r\n<div style=\"vertical-align: top;\" align=\"justify\">Традиционная Римская кухня в самом элегантном квартале Рима - Париоли. Средняя стоимость - 40 евро на человека включа вино. Необходимо бронироват столик</div>\r\n<div style=\"vertical-align: top;\" align=\"justify\"><a href=\"http://www.caminettoroma.it\">www.caminettoroma.it</a></div>\r\n<div style=\"vertical-align: top;\" align=\"justify\">&nbsp;</div>\r\n<div style=\"vertical-align: top;\" align=\"justify\"><span style=\"font-weight: bold;\">La Pergola</span> (Via Cadlolo, 101) Тел: +39 06 35092055</div>\r\n<div style=\"vertical-align: top;\" align=\"justify\">Это ресторан мишелен. Расположен на последнем этаже отеля Cavaliari Hilton. Великолепный панорамный вид на Рим. Рыбные и мясные блюда.</div>\r\n<div style=\"vertical-align: top;\" align=\"justify\"><a href=\"http://www.romacavalieri.it\">www.romacavalieri.it</a></div>\r\n<div style=\"vertical-align: top;\" align=\"justify\">&nbsp;</div>\r\n<div style=\"vertical-align: top;\" align=\"justify\"><span style=\"font-weight: bold;\">La Rosetta</span> (Panteon area) via della rosetta, 8.&nbsp;Тел +39 06 6861002</div>\r\n<div style=\"vertical-align: top;\" align=\"justify\">Один из самых престижных ресторанов рыбной кухни</div>\r\n<div style=\"vertical-align: top;\" align=\"justify\"><a href=\"http://www.larosetta.com\" target=\"_blank\">www.larosetta.com</a></div>\r\n<div style=\"vertical-align: top;\" align=\"justify\">&nbsp;</div>\r\n<div><span style=\"font-weight: bold;\">La Margutta</span> ( Via Margutta, 118) Тел. +39 06 32650577</div>\r\n<div>Ресторан вегетарианской кухни в одной из самыз тихих улочек Рима недалеко от Испанской площади</div>\r\n<div><a href=\"http://www.ilmargutta.it\">www.ilmargutta.it</a></div>\r\n<div>&nbsp;</div>\r\n<div><span style=\"font-weight: bold;\">Sapore di Mare</span></div>\r\n<div>Via del Pie di Marmo, 36 Roma. Тел. 3392329358 - Giovanni</div>\r\n<div>Уникальный рыбный ресторан со всеми видами рыбы и морепродуктов - от устриц до лобстера! Уникальный выбор вин! Летом - открытый внутренний дворик</div>\r\n<div><a href=\"http://www.saporedimarearoma.it\">www.saporedimarearoma.it</a></div>\r\n<div>&nbsp;</div>\r\n<div><span style=\"font-weight: bold;\">Pierluigi Ristorante</span></div>\r\n<div>Piazza de Ricci, 144 Roma 06 6861302</div>\r\n<div>Ресторан традиционой итальянской кухни. Разнообразие рыбных блюд.</div>\r\n<div>&nbsp;</div>\r\n<p align=\"center\">&nbsp;<span style=\"font-weight: bold;\">Бары и рестораны с живой музыкой&nbsp;</span></p>\r\n<div align=\"center\">&nbsp;</div>\r\n<div><span style=\"font-weight: bold;\">Alexander Platz</span><br />Musica jazz&nbsp;<br />Via Ostia 9<br /><a href=\"http://www.alexanderplatz.it/\" target=\"new window\">alexanderplatz.it</a><br /><br /><span style=\"font-weight: bold;\">Alpheus<br /></span>Musica soul, rock&nbsp;<br />Via del Commercio 36&nbsp;<br /><a href=\"http://www.alpheus.it/\" target=\"new window\">alpheus.it </a><br /><br /><span style=\"font-weight: bold;\">Auditorium Parco della Musica</span> <br />Musica pop, soul, rock, d\'autore <br />Viale Pietro De Coubertin&nbsp;<br /><a href=\"http://www.auditorium.com/\" target=\"new window\">auditorium.com </a><br /><br /></div>\r\n<div align=\"left\"><span style=\"font-weight: bold;\">Big Mama</span><br />Blues, jazz, funky<br />Via S.Francesco a Ripa 18&nbsp;<br /><a href=\"http://www.bigmama.it/\" target=\"new window\">bigmama.it</a><br /><br /></div>\r\n<div align=\"left\"><span style=\"font-weight: bold;\">Charity Cafe</span><a name=\"#charitycaf&eacute;\"></a><br />jazz blues&nbsp;<br />Via Panisperna 68&nbsp;<br /><a href=\"http://www.charitycafe.it/\" target=\"new window\">charitycafe.it </a><br /><br /><span style=\"font-weight: bold;\">Circolo degli Artisti</span><a name=\"#circolodegliartisti\"></a><br />musica rock, fusion, indie, elettronica&nbsp;<br />Via Casilina Vecchia 42<br /><a href=\"http://www.circoloartisti.it/\" target=\"new window\">circoloartisti.it </a><br /><br /><span style=\"font-weight: bold;\">Fonclea</span><br />jazz, soul, funk, rock<br />Via Crescenzio 82a&nbsp;<br /><a href=\"http://www.fonclea.it/\" target=\"new window\">fonclea.it </a><br /><br /></div>\r\n<div style=\"vertical-align: top;\" align=\"justify\"><span style=\"font-weight: bold;\">Gregory\'s life Jazz and Diners Club</span><br />jazz tradizionale con dixieland, bebop, swing&nbsp;<br />Via Gregoriana 54d <br /><a href=\"http://www.gregorysjazzclub.com/\" target=\"new window\">gregoryjazzclub.com </a><br /><br /><span style=\"font-weight: bold;\">Stazione Birra</span><br />musica rock<br />Via Placanica 172. Morena Ciampino&nbsp;<br /><a href=\"http://www.stazionebirra.it/\" target=\"new window\">stazionebirra.it</a><br /><br /><span style=\"font-weight: bold;\">The Place <br /></span>musica jazz, blues, R\'n\'B <br />Via Alberico II 27&nbsp;<br /><a href=\"http://www.theplace.it/\">theplace.it</a></div>\r\n<div style=\"vertical-align: top;\" align=\"justify\">&nbsp;</div>',0,'',0),(66,'/restaurants','Рестораны','restaurant',0,'articles/notes.html',0),(67,'/contact_1','Телефон','+39 3336631315',0,'',0),(68,'/contact_2','Skype','olga.gidinrome',0,'',0),(69,'/contact_3','E-mail','olga@rim-gid.com',0,'',0),(70,'/contact_4','Вконтакте','vkontakte.ru/id2981077',0,'',0),(71,'/contacts','Контакты','contact',0,'articles/notes.html',0),(72,'/transfer_1','Трансферы','\n\n<div>Предлагаем вам воспользоваться услугами аренды машины с водителем в Италии - заказать трансфер до места вашего назначения. Вы также можете воспользоваться услугами аренды машины с водителем и ассистентом для деловых поездок по Италии. Cтоимость указана за трансфер в одну сторону в евро.</div>\n<div id=\"content-down\" align=\"justify\">\n  <table cellpadding=\"4\" cellspacing=\"1\">\n    <tr>\n      <td>Направление</td>\n      <td>Мерседес класс E мaкс. 2 чел.</td>\n      <td>Микроавтобус Мерседес V 3- 8 чел.</td>\n      <td>Мерседес класс S 320 мaкс. 2 чел.</td>\n      <td>Автобус 8-15 чел.</td>\n    </tr>\n    <tr>\n      <td>Ж.-д. вокзал Теrmini – гостиница в центре</td>\n      <td>50</td>\n      <td>70</td>\n      <td>170</td>\n      <td>170</td>\n    </tr>\n    <tr>\n      <td>Аэропорт «Fiumicino» – гостиница в центре</td>\n      <td>70</td>\n      <td>90</td>\n      <td>230</td>\n      <td>230</td>\n    </tr>\n    <tr>\n      <td>Аэропорт «Ciampino» – гостиница в центре</td>\n      <td>90</td>\n      <td>150</td>\n      <td>230</td>\n      <td>250</td>\n    </tr>\n    <tr>\n      <td>Рим – порт «Civitavecchia»</td>\n      <td>160</td>\n      <td>180</td>\n      <td>350</td>\n      <td>350</td>\n    </tr>\n    <tr>\n      <td>Рим – Флоренция* – 286 км</td>\n      <td>650</td>\n      <td>700</td>\n      <td>1500</td>\n      <td>900</td>\n    </tr>\n    <tr>\n      <td>Рим – Неаполь* – 230 км</td>\n      <td>600</td>\n      <td>650</td>\n      <td>1350</td>\n      <td>800</td>\n    </tr>\n    <tr>\n      <td>Рим – Флоренция с остановкой в Сиене</td>\n      <td>800</td>\n      <td>900</td>\n      <td>1500</td>\n      <td>1000</td>\n    </tr>\n  </table>\n</div>\n',0,'',0),(73,'/transfer_2','Стоимость услуг русскоговорящего сопровождения на трансферах','\n\n<div id=\"content-down\" align=\"justify\">\n  <table width=\"710px\">\n    <tr>\n      <td>Услуги</td>\n      <td>Цены/евро</td>\n    </tr>\n    <tr>\n      <td>Ж.-д. вокзал – гостиница в центре</td>\n      <td>80</td>\n    </tr>\n    <tr>\n      <td>Аэропорт «Fiumicino» – гостиница в центре</td>\n      <td>100</td>\n    </tr>\n    <tr>\n      <td>Аэропорт «Ciampino» – гостиница в центре</td>\n      <td>120</td>\n    </tr>\n    <tr>\n      <td>Рим – порт «Civitavecchia»</td>\n      <td>150</td>\n    </tr>\n    <tr>\n      <td>Рим – Флоренция – 286 км</td>\n      <td>400</td>\n    </tr>\n    <tr>\n      <td>Рим – Неаполь – 230 км</td>\n      <td>500</td>\n    </tr>\n    <tr>\n      <td>Дополнительный час</td>\n      <td>40</td>\n    </tr>\n  </table>\n</div>',0,'',0),(74,'/transfer','Трансфер','transfer',0,'articles/notes.html',0),(75,'/','Экскурсии в Риме','Предлагаю Вам увлекательные экскурсии по Риму и его пригородам со мной - русскоговорящим лицензированным гидом-переводчиком по Риму и региону Лацио. Вы сможете посетить археологические музеи, соборы, картинные галереи, музеи скульптуры и многое другое. Так как Рим расположен близ западного побережья Центральной Италии (примерно в 20 километрах от места впадения реки Тибр в Тирренское море), мы также сможем совершить интересные поездки на живописные морские курорты.',0,'articles/main.html',0),(76,'/fotos','Фото','<p>foto</p>',0,'articles/fotos.html',0),(77,'/yandex_61b9f126eb948082.txt','Экскурсии в Риме','',0,'articles/empty.html',0),(78,'/robots.txt','Экскурсии в Риме','User-agent: *\nAllow: /\nDisallow: /yandex_61b9f126eb948082.txt\nDisallow: /admin*\nDisallow: /time\nDisallow: /guida_turistica.pdf',0,'articles/empty.html',0),(79,'/1be09f3f8a74.html','Экскурсии в Риме','a7acc2d127f4',0,'articles/empty.html',0),(80,'/translate','Услуги перевода','Предлагаю услуги переводчика на деловые переговоры, семинары, конференции, обучения, праздники\r\n<br><br>\r\n<b>Опыт работы в Российских и международных организациях: </b>\r\n<ul>\r\n<li>Российские железные дороги РЖД, </li>\r\n<li>Московский государственный университет путей сообщеия МИТТ </li>\r\n<li>Итальянское телевидения RAI</li>\r\n<li>Государственный научно - производственный ракетно - космический центр \"ЦСКБ - Прогресс\"</li>\r\n<li>Фармацевтическая корпорация BioGaia\r\n</li>\r\n</ul>\r\n\r\n<b>Услуги перевода:</b>\r\n <ul>\r\n<li>синхронный перевод</li>\r\n<li>последовательный перевод</li>\r\n<li>письменный перевод на любые темы</li>\r\n</ul>\r\n \r\n<b>Языки перевода: </b>\r\n\r\n<ul>\r\n<li>русский</li>\r\n<li>итальянский</li> \r\n<li>английский</li>\r\n</ul> \r\n \r\n \r\n<b>Расценки:</b>\r\n<ul> \r\n<li><b>Последовательный перевод</b> - 60 евро в час</li>\r\n<li><b>Синхронный перевод</b> - 80 евро в час</li>\r\n<li><b>Письменный перевод</b> - в зависимости от сложности текста</li>\r\n</ul>',0,'articles/excursion.html',0);
/*!40000 ALTER TABLE `django_flatpage` ENABLE KEYS */;
UNLOCK TABLES;

--
-- Table structure for table `django_flatpage_sites`
--

DROP TABLE IF EXISTS `django_flatpage_sites`;
/*!40101 SET @saved_cs_client     = @@character_set_client */;
/*!40101 SET character_set_client = utf8 */;
CREATE TABLE `django_flatpage_sites` (
  `id` int(11) NOT NULL AUTO_INCREMENT,
  `flatpage_id` int(11) NOT NULL,
  `site_id` int(11) NOT NULL,
  PRIMARY KEY (`id`),
  UNIQUE KEY `flatpage_id` (`flatpage_id`,`site_id`),
  KEY `django_flatpage_sites_21210108` (`flatpage_id`),
  KEY `django_flatpage_sites_6223029` (`site_id`)
) ENGINE=MyISAM AUTO_INCREMENT=82 DEFAULT CHARSET=utf8 COLLATE=utf8_unicode_ci;
/*!40101 SET character_set_client = @saved_cs_client */;

--
-- Dumping data for table `django_flatpage_sites`
--

LOCK TABLES `django_flatpage_sites` WRITE;
/*!40000 ALTER TABLE `django_flatpage_sites` DISABLE KEYS */;
INSERT INTO `django_flatpage_sites` VALUES (1,1,1),(2,2,1),(3,3,1),(4,4,1),(5,5,1),(6,6,1),(7,7,1),(8,8,1),(9,9,1),(10,10,1),(11,11,1),(12,12,1),(13,13,1),(14,14,1),(15,15,1),(16,16,1),(17,17,1),(18,18,1),(19,19,1),(20,20,1),(21,21,1),(22,22,1),(23,23,1),(24,24,1),(25,25,1),(26,26,1),(27,27,1),(28,28,1),(29,29,1),(30,30,1),(31,31,1),(32,32,1),(33,33,1),(34,34,1),(35,35,1),(36,36,1),(37,37,1),(38,38,1),(39,39,1),(40,40,1),(41,41,1),(42,42,1),(43,43,1),(44,44,1),(45,45,1),(46,46,1),(47,47,1),(48,48,1),(49,49,1),(50,50,1),(51,51,1),(52,52,1),(53,53,1),(54,54,1),(55,55,1),(56,56,1),(57,57,1),(58,58,1),(59,59,1),(60,60,1),(61,61,1),(62,62,1),(63,63,1),(64,64,1),(65,65,1),(66,66,1),(67,67,1),(68,68,1),(69,69,1),(70,70,1),(71,71,1),(72,72,1),(73,73,1),(74,74,1),(75,75,1),(81,76,1),(77,77,1),(78,78,1),(79,79,1),(80,80,1);
/*!40000 ALTER TABLE `django_flatpage_sites` ENABLE KEYS */;
UNLOCK TABLES;

--
-- Table structure for table `django_session`
--

DROP TABLE IF EXISTS `django_session`;
/*!40101 SET @saved_cs_client     = @@character_set_client */;
/*!40101 SET character_set_client = utf8 */;
CREATE TABLE `django_session` (
  `session_key` varchar(40) COLLATE utf8_unicode_ci NOT NULL,
  `session_data` longtext COLLATE utf8_unicode_ci NOT NULL,
  `expire_date` datetime NOT NULL,
  PRIMARY KEY (`session_key`),
  KEY `django_session_3da3d3d8` (`expire_date`)
) ENGINE=MyISAM DEFAULT CHARSET=utf8 COLLATE=utf8_unicode_ci;
/*!40101 SET character_set_client = @saved_cs_client */;

--
-- Dumping data for table `django_session`
--

LOCK TABLES `django_session` WRITE;
/*!40000 ALTER TABLE `django_session` DISABLE KEYS */;
INSERT INTO `django_session` VALUES ('f97c8ba708ba91a26781f70d14aedd19','YjdmNGE4YzkyNDM3NWY1ZGY2NTg1ODI0YmU3YTYzMjM0YTc2OTI5ZDqAAn1xAS4=\n','2011-10-17 07:05:43'),('e92564a5aa0327353b4feb294004b5fb','OWQ4MjExOTJhMWE0YTRhZTRjODkyNzc1YTNkMjM1MzZjYmYxMGZmMzqAAn1xAShVEl9hdXRoX3Vz\nZXJfYmFja2VuZHECVSlkamFuZ28uY29udHJpYi5hdXRoLmJhY2tlbmRzLk1vZGVsQmFja2VuZHED\nVQ1fYXV0aF91c2VyX2lkcQSKAQF1Lg==\n','2011-10-17 04:37:05'),('beb1a838b1161df0c09faa4b0d4ae6f4','gAJ9cQEoVRJfYXV0aF91c2VyX2JhY2tlbmRxAlUpZGphbmdvLmNvbnRyaWIuYXV0aC5iYWNrZW5k\ncy5Nb2RlbEJhY2tlbmRxA1UNX2F1dGhfdXNlcl9pZHEEigEBdS5iMTc2Y2I0NmU2MTNiMTkwMWE5\nMTkyNzY5ZDgzZmVkNA==\n','2011-10-27 06:34:39'),('ae7a2cd0b4c1e7351253de1d524eafd6','YjdmNGE4YzkyNDM3NWY1ZGY2NTg1ODI0YmU3YTYzMjM0YTc2OTI5ZDqAAn1xAS4=\n','2011-10-27 09:00:30'),('06a2ac2d32f1278fc89a6dc7b2613204','Mjk0N2Q1YmU1MzU5ODRiNGYyMWE1OTcxNDAzZjg3NmFjNWY1M2E4MzqAAn1xAShVEl9hdXRoX3Vz\nZXJfYmFja2VuZHECVSlkamFuZ28uY29udHJpYi5hdXRoLmJhY2tlbmRzLk1vZGVsQmFja2VuZHED\nVQ1fYXV0aF91c2VyX2lkcQSKAQJ1Lg==\n','2011-10-28 22:41:22'),('1e22ed74ae25fdf82da26b3f487b2ff1','gAJ9cQEuYjIwNWE3MWJjODQ1MGE5MTk1MjA1MTcxODgwZTZjMzQ=\n','2011-11-10 09:49:38'),('62b6de3862763b219db6a00dc01a5a77','gAJ9cQEoVRJfYXV0aF91c2VyX2JhY2tlbmRxAlUpZGphbmdvLmNvbnRyaWIuYXV0aC5iYWNrZW5k\ncy5Nb2RlbEJhY2tlbmRxA1UNX2F1dGhfdXNlcl9pZHEEigECdS5hMTBkYzRkZmZlMjk4NzhjYTBk\nNTg4YzExMzQ3OTU5Ng==\n','2011-10-30 19:11:03'),('9abc50a1ff23032603cb6d9ed243cb0e','gAJ9cQEoVRJfYXV0aF91c2VyX2JhY2tlbmRxAlUpZGphbmdvLmNvbnRyaWIuYXV0aC5iYWNrZW5k\ncy5Nb2RlbEJhY2tlbmRxA1UNX2F1dGhfdXNlcl9pZHEEigECdS5hMTBkYzRkZmZlMjk4NzhjYTBk\nNTg4YzExMzQ3OTU5Ng==\n','2011-11-08 18:55:01'),('afe7bd2af21bd148c05f7a282ec8adae','gAJ9cQEoVRJfYXV0aF91c2VyX2JhY2tlbmRxAlUpZGphbmdvLmNvbnRyaWIuYXV0aC5iYWNrZW5k\ncy5Nb2RlbEJhY2tlbmRxA1UNX2F1dGhfdXNlcl9pZHEEigECdS5hMTBkYzRkZmZlMjk4NzhjYTBk\nNTg4YzExMzQ3OTU5Ng==\n','2011-11-23 12:08:53'),('dffc9b4859e1533f3455caf3a7ae7d5e','gAJ9cQFVCnRlc3Rjb29raWVxAlUGd29ya2VkcQNzLjljZGIxYTg4ZDAxOTZlNTc1MTZmOWQ5Y2Q4\nMmExYzBh\n','2011-11-18 19:04:37'),('cfe1af25858476f8eb4813fc361035d6','gAJ9cQEoVRJfYXV0aF91c2VyX2JhY2tlbmRxAlUpZGphbmdvLmNvbnRyaWIuYXV0aC5iYWNrZW5k\ncy5Nb2RlbEJhY2tlbmRxA1UNX2F1dGhfdXNlcl9pZHEEigECdS5hMTBkYzRkZmZlMjk4NzhjYTBk\nNTg4YzExMzQ3OTU5Ng==\n','2011-11-10 22:41:07'),('e521d9a31b7e8f1e3a376e4860e09257','gAJ9cQEoVRJfYXV0aF91c2VyX2JhY2tlbmRxAlUpZGphbmdvLmNvbnRyaWIuYXV0aC5iYWNrZW5k\ncy5Nb2RlbEJhY2tlbmRxA1UNX2F1dGhfdXNlcl9pZHEEigECdS5hMTBkYzRkZmZlMjk4NzhjYTBk\nNTg4YzExMzQ3OTU5Ng==\n','2011-11-11 08:08:32'),('6d056288135e4695c4372f87524b19bf','gAJ9cQEuYjIwNWE3MWJjODQ1MGE5MTk1MjA1MTcxODgwZTZjMzQ=\n','2011-11-26 16:10:34'),('7a267efb48adda8b7ed66ae9cbad7495','gAJ9cQEoVRJfYXV0aF91c2VyX2JhY2tlbmRxAlUpZGphbmdvLmNvbnRyaWIuYXV0aC5iYWNrZW5k\ncy5Nb2RlbEJhY2tlbmRxA1UNX2F1dGhfdXNlcl9pZHEEigECdS5hMTBkYzRkZmZlMjk4NzhjYTBk\nNTg4YzExMzQ3OTU5Ng==\n','2011-11-23 15:18:19'),('52ef234cd8ef7b2620bb8b4b4ed056be','gAJ9cQEoVRJfYXV0aF91c2VyX2JhY2tlbmRxAlUpZGphbmdvLmNvbnRyaWIuYXV0aC5iYWNrZW5k\ncy5Nb2RlbEJhY2tlbmRxA1UNX2F1dGhfdXNlcl9pZHEEigECdS5hMTBkYzRkZmZlMjk4NzhjYTBk\nNTg4YzExMzQ3OTU5Ng==\n','2011-11-25 18:22:27'),('3bf0fc9844ec4c8ea1d8ca06f160f0ac','gAJ9cQEuYjIwNWE3MWJjODQ1MGE5MTk1MjA1MTcxODgwZTZjMzQ=\n','2011-11-26 16:10:35'),('c9a7196d12db9323d939a36bffd120d0','gAJ9cQEuYjIwNWE3MWJjODQ1MGE5MTk1MjA1MTcxODgwZTZjMzQ=\n','2011-11-26 16:10:35'),('312298e8b42b3fd838d411e2f042fe75','gAJ9cQEuYjIwNWE3MWJjODQ1MGE5MTk1MjA1MTcxODgwZTZjMzQ=\n','2011-11-26 16:10:35'),('792749e19d0cb27bfc77d821835b2299','gAJ9cQEuYjIwNWE3MWJjODQ1MGE5MTk1MjA1MTcxODgwZTZjMzQ=\n','2011-11-26 16:10:35'),('bca225143a073aaa1e2bc0a7d7a753f8','gAJ9cQEuYjIwNWE3MWJjODQ1MGE5MTk1MjA1MTcxODgwZTZjMzQ=\n','2011-11-26 16:10:35'),('3c730a8fa05c82752677523d5f5daddc','gAJ9cQEuYjIwNWE3MWJjODQ1MGE5MTk1MjA1MTcxODgwZTZjMzQ=\n','2011-11-26 16:10:36'),('8f973b35b6bebaae10e4fd82a3433ec4','gAJ9cQEuYjIwNWE3MWJjODQ1MGE5MTk1MjA1MTcxODgwZTZjMzQ=\n','2011-11-26 16:10:36'),('e93908997bc26cf354751115212bbd3e','gAJ9cQEuYjIwNWE3MWJjODQ1MGE5MTk1MjA1MTcxODgwZTZjMzQ=\n','2011-11-26 16:10:37'),('af6757db7ae2b908b5d628b1f4a38f6b','gAJ9cQEuYjIwNWE3MWJjODQ1MGE5MTk1MjA1MTcxODgwZTZjMzQ=\n','2011-11-26 16:10:37'),('f11ac0dc0b147922fdfd1acd3f984c77','gAJ9cQEuYjIwNWE3MWJjODQ1MGE5MTk1MjA1MTcxODgwZTZjMzQ=\n','2011-11-26 16:10:37'),('7d2d6a0cdf2e421fe6a6d04470b95b0f','gAJ9cQEuYjIwNWE3MWJjODQ1MGE5MTk1MjA1MTcxODgwZTZjMzQ=\n','2011-11-26 16:10:38'),('29f70376545075c5a7a588501781c32d','gAJ9cQEuYjIwNWE3MWJjODQ1MGE5MTk1MjA1MTcxODgwZTZjMzQ=\n','2011-11-26 16:10:38'),('c2416aa6377eee588ca6e09892e8e257','gAJ9cQEuYjIwNWE3MWJjODQ1MGE5MTk1MjA1MTcxODgwZTZjMzQ=\n','2011-11-26 16:10:38'),('1ee70fe9e487b28a870b8c9555c647fc','gAJ9cQEuYjIwNWE3MWJjODQ1MGE5MTk1MjA1MTcxODgwZTZjMzQ=\n','2011-11-26 16:10:38'),('aeab7208b23b7601937d2fcc67986b69','gAJ9cQEuYjIwNWE3MWJjODQ1MGE5MTk1MjA1MTcxODgwZTZjMzQ=\n','2011-11-26 16:10:38'),('16aafd20e8e10f620d02ecda492bbe08','gAJ9cQEuYjIwNWE3MWJjODQ1MGE5MTk1MjA1MTcxODgwZTZjMzQ=\n','2011-11-26 16:10:38'),('2733f90de5fe5e7d4c007980efe85c15','gAJ9cQEuYjIwNWE3MWJjODQ1MGE5MTk1MjA1MTcxODgwZTZjMzQ=\n','2011-11-26 16:10:38'),('151b7416dd4e9b4dc332ead372d92922','gAJ9cQEuYjIwNWE3MWJjODQ1MGE5MTk1MjA1MTcxODgwZTZjMzQ=\n','2011-11-26 16:10:39'),('bcb2c3ff053992d316a359785f30f39a','gAJ9cQEuYjIwNWE3MWJjODQ1MGE5MTk1MjA1MTcxODgwZTZjMzQ=\n','2011-11-26 16:11:24'),('a1bb9cf42cc6cb7bb33e6e777617a7c8','gAJ9cQEuYjIwNWE3MWJjODQ1MGE5MTk1MjA1MTcxODgwZTZjMzQ=\n','2011-11-26 16:11:25'),('6cee282741cd0ed15b3c313f0a743df6','gAJ9cQEuYjIwNWE3MWJjODQ1MGE5MTk1MjA1MTcxODgwZTZjMzQ=\n','2011-11-26 16:11:40'),('0afde718e201946097315a70bf08e695','gAJ9cQEuYjIwNWE3MWJjODQ1MGE5MTk1MjA1MTcxODgwZTZjMzQ=\n','2011-11-26 16:11:40'),('3c7780d61b697bea1a3a05d416e98f78','gAJ9cQEuYjIwNWE3MWJjODQ1MGE5MTk1MjA1MTcxODgwZTZjMzQ=\n','2011-11-26 16:11:41'),('fab5e4b8bf88543aaea453f96e3e0fe0','gAJ9cQEuYjIwNWE3MWJjODQ1MGE5MTk1MjA1MTcxODgwZTZjMzQ=\n','2011-11-26 16:11:43'),('f52ca59c5f80bdc2c5d688bc923f963a','gAJ9cQEuYjIwNWE3MWJjODQ1MGE5MTk1MjA1MTcxODgwZTZjMzQ=\n','2011-11-26 16:11:43'),('6692567495222efeb2bb7a3532d3d395','gAJ9cQEuYjIwNWE3MWJjODQ1MGE5MTk1MjA1MTcxODgwZTZjMzQ=\n','2011-11-26 16:11:46'),('c86c2c3ca72b748c9fbd7fdcca481ed3','gAJ9cQEuYjIwNWE3MWJjODQ1MGE5MTk1MjA1MTcxODgwZTZjMzQ=\n','2011-11-26 16:11:47'),('38b11684ba1786517f94fcdc363ee7df','gAJ9cQEuYjIwNWE3MWJjODQ1MGE5MTk1MjA1MTcxODgwZTZjMzQ=\n','2011-11-26 16:11:49'),('9d7976846f64b7f2c10866e25951ad77','gAJ9cQEuYjIwNWE3MWJjODQ1MGE5MTk1MjA1MTcxODgwZTZjMzQ=\n','2011-11-26 16:11:49'),('bf0d61b6a1ce4d0335842d8a16a0a7a4','gAJ9cQEuYjIwNWE3MWJjODQ1MGE5MTk1MjA1MTcxODgwZTZjMzQ=\n','2011-11-26 16:11:57'),('cbbc1da2640ee4ca7becdaa5219113de','gAJ9cQEuYjIwNWE3MWJjODQ1MGE5MTk1MjA1MTcxODgwZTZjMzQ=\n','2011-11-26 16:11:58'),('38dff9e9c0981807872ca43c0c24fb0e','gAJ9cQEuYjIwNWE3MWJjODQ1MGE5MTk1MjA1MTcxODgwZTZjMzQ=\n','2011-11-26 16:11:59'),('769db4f483779e821d2cb39f0a103a38','gAJ9cQEuYjIwNWE3MWJjODQ1MGE5MTk1MjA1MTcxODgwZTZjMzQ=\n','2011-11-26 16:11:59'),('2c943e393089131dbdca01e618af8f12','gAJ9cQEuYjIwNWE3MWJjODQ1MGE5MTk1MjA1MTcxODgwZTZjMzQ=\n','2011-11-26 17:50:18'),('bf29055d3d6925e1a9a6cbd6fd1d6b12','gAJ9cQEuYjIwNWE3MWJjODQ1MGE5MTk1MjA1MTcxODgwZTZjMzQ=\n','2011-11-26 17:50:18'),('9c183441675717d40f4a7f2d889b4fc7','gAJ9cQEuYjIwNWE3MWJjODQ1MGE5MTk1MjA1MTcxODgwZTZjMzQ=\n','2011-11-26 17:50:18'),('fdd7f6e947ae1a4c1cafc81f4c3b39cb','gAJ9cQEuYjIwNWE3MWJjODQ1MGE5MTk1MjA1MTcxODgwZTZjMzQ=\n','2011-11-26 17:50:28'),('8c219764d8ba2d61ef0aaa595e399c83','gAJ9cQEuYjIwNWE3MWJjODQ1MGE5MTk1MjA1MTcxODgwZTZjMzQ=\n','2011-11-26 17:50:28'),('41fbe00f11193535fa169af70f11f41b','gAJ9cQEuYjIwNWE3MWJjODQ1MGE5MTk1MjA1MTcxODgwZTZjMzQ=\n','2011-11-26 17:50:29'),('369504d110afe9eb52ea65965b01521d','gAJ9cQEuYjIwNWE3MWJjODQ1MGE5MTk1MjA1MTcxODgwZTZjMzQ=\n','2011-11-26 17:50:29'),('13f30eaf7df84cb764252ec3df56d7be','gAJ9cQEuYjIwNWE3MWJjODQ1MGE5MTk1MjA1MTcxODgwZTZjMzQ=\n','2011-11-26 18:02:11'),('c9838a71531edd2c6b4e748b2359aad2','gAJ9cQEuYjIwNWE3MWJjODQ1MGE5MTk1MjA1MTcxODgwZTZjMzQ=\n','2011-11-26 18:02:11'),('4d9c877134e47176013211cf4c9fc099','gAJ9cQEuYjIwNWE3MWJjODQ1MGE5MTk1MjA1MTcxODgwZTZjMzQ=\n','2011-11-26 18:02:11'),('89bab9f81eaaa2a57edbdd1e35ee19f8','gAJ9cQEuYjIwNWE3MWJjODQ1MGE5MTk1MjA1MTcxODgwZTZjMzQ=\n','2011-11-26 18:02:12'),('14b75d8515efd9246fa9ba9e93e0aae0','gAJ9cQEuYjIwNWE3MWJjODQ1MGE5MTk1MjA1MTcxODgwZTZjMzQ=\n','2011-11-26 18:02:12'),('169cd1f8901782324696ec579f8536a2','gAJ9cQEuYjIwNWE3MWJjODQ1MGE5MTk1MjA1MTcxODgwZTZjMzQ=\n','2011-11-26 18:12:44'),('829ade5d756872c5e6d268aad4f99289','gAJ9cQEuYjIwNWE3MWJjODQ1MGE5MTk1MjA1MTcxODgwZTZjMzQ=\n','2011-11-26 18:12:44'),('23e7c0080ceca2b5a640d071c44f2f0f','gAJ9cQEuYjIwNWE3MWJjODQ1MGE5MTk1MjA1MTcxODgwZTZjMzQ=\n','2011-11-26 18:12:45'),('dcd3684627fc963e32a5ce992a5bb2cb','gAJ9cQEuYjIwNWE3MWJjODQ1MGE5MTk1MjA1MTcxODgwZTZjMzQ=\n','2011-11-26 18:12:45'),('6f6d01f22c5dc623d2f36093e4a1047e','gAJ9cQEuYjIwNWE3MWJjODQ1MGE5MTk1MjA1MTcxODgwZTZjMzQ=\n','2011-11-26 18:12:45'),('ba9d84ba8ea9f668e9c651bb4030b1eb','gAJ9cQEuYjIwNWE3MWJjODQ1MGE5MTk1MjA1MTcxODgwZTZjMzQ=\n','2011-11-26 18:12:46'),('422fba554756eac96188a923da13dfdf','gAJ9cQEuYjIwNWE3MWJjODQ1MGE5MTk1MjA1MTcxODgwZTZjMzQ=\n','2011-11-26 18:12:46'),('4ab7db7e97debed66e47f146dc6c6ca6','gAJ9cQEuYjIwNWE3MWJjODQ1MGE5MTk1MjA1MTcxODgwZTZjMzQ=\n','2011-11-26 18:12:46'),('81138e15db6f316ee62d219186d6cccb','gAJ9cQEuYjIwNWE3MWJjODQ1MGE5MTk1MjA1MTcxODgwZTZjMzQ=\n','2011-11-26 18:12:46'),('8d4e42243a8ca67f8466aee14c453ba6','gAJ9cQEuYjIwNWE3MWJjODQ1MGE5MTk1MjA1MTcxODgwZTZjMzQ=\n','2011-11-26 18:12:47'),('a0e5eee3eb50fcd360811a0a00c3a1fb','gAJ9cQEuYjIwNWE3MWJjODQ1MGE5MTk1MjA1MTcxODgwZTZjMzQ=\n','2011-11-26 18:12:47'),('3ea816f20fdbbac27207d94dfe86d256','gAJ9cQEuYjIwNWE3MWJjODQ1MGE5MTk1MjA1MTcxODgwZTZjMzQ=\n','2011-11-26 18:12:47'),('41eccde61d761484ecc0fad51143c555','gAJ9cQEuYjIwNWE3MWJjODQ1MGE5MTk1MjA1MTcxODgwZTZjMzQ=\n','2011-11-26 18:12:47'),('1a2a4db5c231ac91501a878dbea85cdb','gAJ9cQEuYjIwNWE3MWJjODQ1MGE5MTk1MjA1MTcxODgwZTZjMzQ=\n','2011-11-26 18:12:47'),('f01b520ccaa423a160fc74fa702ef856','gAJ9cQEuYjIwNWE3MWJjODQ1MGE5MTk1MjA1MTcxODgwZTZjMzQ=\n','2011-11-26 18:12:48'),('4be29d88ef4d62caa5520ff364b71ee5','gAJ9cQEuYjIwNWE3MWJjODQ1MGE5MTk1MjA1MTcxODgwZTZjMzQ=\n','2011-11-26 18:12:48'),('b1390c1b363db04ef73cdfbb739ba7b7','gAJ9cQEuYjIwNWE3MWJjODQ1MGE5MTk1MjA1MTcxODgwZTZjMzQ=\n','2011-11-26 18:12:48'),('9b9c67a0fedd03ecb18b70b9d869c622','gAJ9cQEuYjIwNWE3MWJjODQ1MGE5MTk1MjA1MTcxODgwZTZjMzQ=\n','2011-11-26 18:12:49'),('cfb4bcde46da06e8de25aa2b4ec354b7','gAJ9cQEuYjIwNWE3MWJjODQ1MGE5MTk1MjA1MTcxODgwZTZjMzQ=\n','2011-11-26 18:12:56'),('1e2f62d9e7aae27730ad138cf0c43e53','gAJ9cQEuYjIwNWE3MWJjODQ1MGE5MTk1MjA1MTcxODgwZTZjMzQ=\n','2011-11-26 18:12:57'),('e3d0ea93d945c36a529b648ae98a5f3d','gAJ9cQEuYjIwNWE3MWJjODQ1MGE5MTk1MjA1MTcxODgwZTZjMzQ=\n','2011-11-26 18:12:57'),('b4e21709ea95331821955a8b08846464','gAJ9cQEuYjIwNWE3MWJjODQ1MGE5MTk1MjA1MTcxODgwZTZjMzQ=\n','2011-11-26 18:12:57'),('0dff5258d64055a2ca983c97bc2db6b8','gAJ9cQEuYjIwNWE3MWJjODQ1MGE5MTk1MjA1MTcxODgwZTZjMzQ=\n','2011-11-26 18:34:04'),('e3d2edfba0005f090dad3dec18c0815c','gAJ9cQEuYjIwNWE3MWJjODQ1MGE5MTk1MjA1MTcxODgwZTZjMzQ=\n','2011-11-26 18:34:05'),('bb04f89f2bfb2b567a5ef8300b366d14','gAJ9cQEuYjIwNWE3MWJjODQ1MGE5MTk1MjA1MTcxODgwZTZjMzQ=\n','2011-11-26 18:34:05'),('419438cc1f3366d18bbfaf4c50852d57','gAJ9cQEuYjIwNWE3MWJjODQ1MGE5MTk1MjA1MTcxODgwZTZjMzQ=\n','2011-11-26 18:34:06'),('ac6babe7eeee6f00dff7335e94235b26','gAJ9cQEuYjIwNWE3MWJjODQ1MGE5MTk1MjA1MTcxODgwZTZjMzQ=\n','2011-11-26 18:34:38'),('c3fe6ee7541e8e0afa86e5386cafa557','gAJ9cQEuYjIwNWE3MWJjODQ1MGE5MTk1MjA1MTcxODgwZTZjMzQ=\n','2011-11-26 18:34:38'),('ff22594b3bf6dbcd693a41600da4dade','gAJ9cQEuYjIwNWE3MWJjODQ1MGE5MTk1MjA1MTcxODgwZTZjMzQ=\n','2011-11-26 18:49:53'),('cc73a2e28cee80d902b71d65bd64df29','gAJ9cQEuYjIwNWE3MWJjODQ1MGE5MTk1MjA1MTcxODgwZTZjMzQ=\n','2011-11-26 18:49:54'),('892e8af5bf89a18961e866faaaac690c','gAJ9cQEuYjIwNWE3MWJjODQ1MGE5MTk1MjA1MTcxODgwZTZjMzQ=\n','2011-11-26 18:49:55'),('08ed40ab3614121c08b07b62d19e5d73','gAJ9cQEuYjIwNWE3MWJjODQ1MGE5MTk1MjA1MTcxODgwZTZjMzQ=\n','2011-11-26 18:50:12'),('be1bc3c171680257881229b597b39d7f','gAJ9cQEuYjIwNWE3MWJjODQ1MGE5MTk1MjA1MTcxODgwZTZjMzQ=\n','2011-11-26 18:50:13'),('5e8163a1cba873bbc87cb087d190e94b','gAJ9cQEuYjIwNWE3MWJjODQ1MGE5MTk1MjA1MTcxODgwZTZjMzQ=\n','2011-11-26 18:50:13'),('1ee94d5c7937d233d02ab3da347642c1','gAJ9cQEuYjIwNWE3MWJjODQ1MGE5MTk1MjA1MTcxODgwZTZjMzQ=\n','2011-11-26 18:50:13'),('712d57a856f801b4653d5601eb65ec0c','gAJ9cQEuYjIwNWE3MWJjODQ1MGE5MTk1MjA1MTcxODgwZTZjMzQ=\n','2011-11-26 19:08:34'),('379c02b0401a05094c0b8e0c87c2b09a','gAJ9cQEuYjIwNWE3MWJjODQ1MGE5MTk1MjA1MTcxODgwZTZjMzQ=\n','2011-11-26 19:08:34'),('830c5db4cb76bfbe7cebc6a619d73933','gAJ9cQEuYjIwNWE3MWJjODQ1MGE5MTk1MjA1MTcxODgwZTZjMzQ=\n','2011-11-26 19:08:35'),('2f55b23f84f36d3a4eafb631343c0320','gAJ9cQEuYjIwNWE3MWJjODQ1MGE5MTk1MjA1MTcxODgwZTZjMzQ=\n','2011-11-26 19:08:59'),('cf503ac295450bf20db0b286bf033f7b','gAJ9cQEuYjIwNWE3MWJjODQ1MGE5MTk1MjA1MTcxODgwZTZjMzQ=\n','2011-11-26 19:09:00'),('d9af898476b2e4b1f4e53d4e9c89bea3','gAJ9cQEuYjIwNWE3MWJjODQ1MGE5MTk1MjA1MTcxODgwZTZjMzQ=\n','2011-11-26 19:49:30'),('0d5ac5c725c898aeba20cf5c51811160','gAJ9cQEuYjIwNWE3MWJjODQ1MGE5MTk1MjA1MTcxODgwZTZjMzQ=\n','2011-11-26 19:49:31'),('bd42c0dbb2ba55ea409c3d028f653a90','gAJ9cQEuYjIwNWE3MWJjODQ1MGE5MTk1MjA1MTcxODgwZTZjMzQ=\n','2011-11-26 19:49:58'),('8ab2773f3606e2938ffd88dafb596cc3','gAJ9cQEuYjIwNWE3MWJjODQ1MGE5MTk1MjA1MTcxODgwZTZjMzQ=\n','2011-11-26 19:49:59'),('272c5ccd79591edd90a070791c821767','gAJ9cQEuYjIwNWE3MWJjODQ1MGE5MTk1MjA1MTcxODgwZTZjMzQ=\n','2011-11-26 19:49:59'),('2f87543e1a9f925c5f63f1b6281f52f5','gAJ9cQEuYjIwNWE3MWJjODQ1MGE5MTk1MjA1MTcxODgwZTZjMzQ=\n','2011-11-26 19:49:59'),('eebbe46952adcb9ee252d8016c524c28','gAJ9cQEuYjIwNWE3MWJjODQ1MGE5MTk1MjA1MTcxODgwZTZjMzQ=\n','2011-11-26 19:49:59'),('89013a40c537e731dec85a37c083028f','gAJ9cQEuYjIwNWE3MWJjODQ1MGE5MTk1MjA1MTcxODgwZTZjMzQ=\n','2011-11-26 19:56:36'),('49776d469fba14186ef64e4c58d77b35','gAJ9cQEuYjIwNWE3MWJjODQ1MGE5MTk1MjA1MTcxODgwZTZjMzQ=\n','2011-11-26 19:56:37'),('4984cab06918d9323bd7764a212d1380','gAJ9cQEuYjIwNWE3MWJjODQ1MGE5MTk1MjA1MTcxODgwZTZjMzQ=\n','2011-11-26 19:56:37'),('aeecbf14faf6dd053a2cef9eaeb867c1','gAJ9cQEuYjIwNWE3MWJjODQ1MGE5MTk1MjA1MTcxODgwZTZjMzQ=\n','2011-11-26 19:56:37'),('0125955afc98611c4c179f8bcda4cd5b','gAJ9cQEuYjIwNWE3MWJjODQ1MGE5MTk1MjA1MTcxODgwZTZjMzQ=\n','2011-11-26 19:56:48'),('fd31d85797b59ec1f7be534bfa833fd4','gAJ9cQEuYjIwNWE3MWJjODQ1MGE5MTk1MjA1MTcxODgwZTZjMzQ=\n','2011-11-26 19:56:50'),('be9f629303ca9ef6d37cd84fe41d6e0a','gAJ9cQEuYjIwNWE3MWJjODQ1MGE5MTk1MjA1MTcxODgwZTZjMzQ=\n','2011-11-26 19:56:53'),('b97ff913e8671cee1eb2ca6dfa3ac245','gAJ9cQEuYjIwNWE3MWJjODQ1MGE5MTk1MjA1MTcxODgwZTZjMzQ=\n','2011-11-26 19:56:54'),('b3739d9d53ffeb5d2c149d1ae3a90c52','gAJ9cQEuYjIwNWE3MWJjODQ1MGE5MTk1MjA1MTcxODgwZTZjMzQ=\n','2011-11-26 19:56:56'),('8fb09c0e27ef2a1628e87f57e75829ac','gAJ9cQEuYjIwNWE3MWJjODQ1MGE5MTk1MjA1MTcxODgwZTZjMzQ=\n','2011-11-26 19:56:57'),('6cde52b8d62db7fe0c1a544fc630030e','gAJ9cQEuYjIwNWE3MWJjODQ1MGE5MTk1MjA1MTcxODgwZTZjMzQ=\n','2011-11-26 19:56:57'),('a0f94a94a00f7d4f980b3e9baa0cbb94','gAJ9cQEuYjIwNWE3MWJjODQ1MGE5MTk1MjA1MTcxODgwZTZjMzQ=\n','2011-11-26 19:56:57'),('aeefe83f845ac6862f6ab51c3a8306c7','gAJ9cQEuYjIwNWE3MWJjODQ1MGE5MTk1MjA1MTcxODgwZTZjMzQ=\n','2011-11-26 19:57:14'),('de52fc852786b95ad44687e12a1fff6a','gAJ9cQEuYjIwNWE3MWJjODQ1MGE5MTk1MjA1MTcxODgwZTZjMzQ=\n','2011-11-26 19:57:26'),('cc88a738f92201d2569993f83755780d','gAJ9cQEuYjIwNWE3MWJjODQ1MGE5MTk1MjA1MTcxODgwZTZjMzQ=\n','2011-11-26 20:00:05'),('9d0962ae565ca01811038c819c1dccb3','gAJ9cQEuYjIwNWE3MWJjODQ1MGE5MTk1MjA1MTcxODgwZTZjMzQ=\n','2011-11-26 20:00:06'),('7475967db7971ace415562c6ed265ab9','gAJ9cQEuYjIwNWE3MWJjODQ1MGE5MTk1MjA1MTcxODgwZTZjMzQ=\n','2011-11-26 20:00:20'),('4a68457f24585bd2e66e895393e04660','gAJ9cQEuYjIwNWE3MWJjODQ1MGE5MTk1MjA1MTcxODgwZTZjMzQ=\n','2011-11-26 20:00:21'),('e7d20cfb7c8780d340f00e9ad41a1349','gAJ9cQEuYjIwNWE3MWJjODQ1MGE5MTk1MjA1MTcxODgwZTZjMzQ=\n','2011-11-26 20:00:21'),('b124d93faa1410ef415a98ec9349c6db','gAJ9cQEuYjIwNWE3MWJjODQ1MGE5MTk1MjA1MTcxODgwZTZjMzQ=\n','2011-11-26 20:00:28'),('d5c81f8225a02de59c2ef356a2736a1f','gAJ9cQEuYjIwNWE3MWJjODQ1MGE5MTk1MjA1MTcxODgwZTZjMzQ=\n','2011-11-26 20:00:29'),('a8769be366f58195e8acc233600cc0e6','gAJ9cQEuYjIwNWE3MWJjODQ1MGE5MTk1MjA1MTcxODgwZTZjMzQ=\n','2011-11-26 20:00:29'),('a1d80b37a4b54492576cfd5b367ffc11','gAJ9cQEuYjIwNWE3MWJjODQ1MGE5MTk1MjA1MTcxODgwZTZjMzQ=\n','2011-11-26 20:00:30'),('7571a4e03cac5ea57886b51620565f74','gAJ9cQEuYjIwNWE3MWJjODQ1MGE5MTk1MjA1MTcxODgwZTZjMzQ=\n','2011-11-27 13:24:43'),('263452c421d5b40a79c6b8f22497d2a6','gAJ9cQEuYjIwNWE3MWJjODQ1MGE5MTk1MjA1MTcxODgwZTZjMzQ=\n','2011-11-27 13:24:43'),('6423832bb869f3d29ed562e8a67ad71b','gAJ9cQEuYjIwNWE3MWJjODQ1MGE5MTk1MjA1MTcxODgwZTZjMzQ=\n','2011-11-27 13:24:43'),('21f556261c16e378f7c6e66ccf2e11bd','gAJ9cQEuYjIwNWE3MWJjODQ1MGE5MTk1MjA1MTcxODgwZTZjMzQ=\n','2011-11-27 13:24:44'),('b7a766992ba10a774e4f3a53757d1901','gAJ9cQEuYjIwNWE3MWJjODQ1MGE5MTk1MjA1MTcxODgwZTZjMzQ=\n','2011-11-27 13:24:44'),('22257487a5f4978dacb36deaee728943','gAJ9cQEuYjIwNWE3MWJjODQ1MGE5MTk1MjA1MTcxODgwZTZjMzQ=\n','2011-11-27 13:24:44'),('d94449a4b4113072aa5749091306be43','gAJ9cQEuYjIwNWE3MWJjODQ1MGE5MTk1MjA1MTcxODgwZTZjMzQ=\n','2011-11-27 13:24:44'),('c43cfa5c7a4c76978a53454ad56cd540','gAJ9cQEuYjIwNWE3MWJjODQ1MGE5MTk1MjA1MTcxODgwZTZjMzQ=\n','2011-11-27 13:24:45'),('799a6b534c9d3f6dedecc8a71e5e67ec','gAJ9cQEuYjIwNWE3MWJjODQ1MGE5MTk1MjA1MTcxODgwZTZjMzQ=\n','2011-11-27 13:24:45'),('aa0826b0d05706119c487e772f326de4','gAJ9cQEuYjIwNWE3MWJjODQ1MGE5MTk1MjA1MTcxODgwZTZjMzQ=\n','2011-11-27 13:24:45'),('ef1606cae99afd55a33179b59f5c8951','gAJ9cQEuYjIwNWE3MWJjODQ1MGE5MTk1MjA1MTcxODgwZTZjMzQ=\n','2011-11-27 13:24:46'),('547dc3c17a2617b0e6321304fba6eb47','gAJ9cQEuYjIwNWE3MWJjODQ1MGE5MTk1MjA1MTcxODgwZTZjMzQ=\n','2011-11-27 13:24:46'),('674ec976d55df308e6732c1d83de3b3e','gAJ9cQEuYjIwNWE3MWJjODQ1MGE5MTk1MjA1MTcxODgwZTZjMzQ=\n','2011-11-27 13:24:47'),('f1890d6fbfd9dab6b99bf0a707fc2e44','gAJ9cQEuYjIwNWE3MWJjODQ1MGE5MTk1MjA1MTcxODgwZTZjMzQ=\n','2011-11-27 13:24:47'),('39be03783a845ba112ca89f3b4e8df7d','gAJ9cQEuYjIwNWE3MWJjODQ1MGE5MTk1MjA1MTcxODgwZTZjMzQ=\n','2011-11-27 13:24:47'),('162a0eff8fe94126a083c6d3920e49e9','gAJ9cQEuYjIwNWE3MWJjODQ1MGE5MTk1MjA1MTcxODgwZTZjMzQ=\n','2011-11-27 13:24:47'),('a773ba85db750e03f16a5fa6f7dea01d','gAJ9cQEuYjIwNWE3MWJjODQ1MGE5MTk1MjA1MTcxODgwZTZjMzQ=\n','2011-11-27 13:24:47'),('4cc8d9de6d9541dec50baae1d87eaa0e','gAJ9cQEuYjIwNWE3MWJjODQ1MGE5MTk1MjA1MTcxODgwZTZjMzQ=\n','2011-11-27 13:24:48'),('38440576b4ca1c34c84b308581657939','gAJ9cQEuYjIwNWE3MWJjODQ1MGE5MTk1MjA1MTcxODgwZTZjMzQ=\n','2011-11-27 13:24:48'),('a721be4485ab3a97c348f47b92657f30','gAJ9cQEuYjIwNWE3MWJjODQ1MGE5MTk1MjA1MTcxODgwZTZjMzQ=\n','2011-11-27 13:24:48'),('a39de890a72d8442f0dbb4e8b6e15ca3','gAJ9cQEuYjIwNWE3MWJjODQ1MGE5MTk1MjA1MTcxODgwZTZjMzQ=\n','2011-11-27 13:25:18'),('0b79fcd3d68eb896b1cc3c89936904db','gAJ9cQEuYjIwNWE3MWJjODQ1MGE5MTk1MjA1MTcxODgwZTZjMzQ=\n','2011-11-27 13:25:18'),('f7f906089565a17d5065bb6d94c5ecf9','gAJ9cQEuYjIwNWE3MWJjODQ1MGE5MTk1MjA1MTcxODgwZTZjMzQ=\n','2011-11-27 13:25:18'),('763cab14ee9c605f18eceac94cce095c','gAJ9cQEuYjIwNWE3MWJjODQ1MGE5MTk1MjA1MTcxODgwZTZjMzQ=\n','2011-11-27 13:25:19'),('c17f8a33eb7611d6f8cda988596b9246','gAJ9cQEuYjIwNWE3MWJjODQ1MGE5MTk1MjA1MTcxODgwZTZjMzQ=\n','2011-11-27 13:25:19'),('dc57edc055d87c8cf5cc44bd709815b8','gAJ9cQEuYjIwNWE3MWJjODQ1MGE5MTk1MjA1MTcxODgwZTZjMzQ=\n','2011-11-27 13:25:19'),('5e85e9203fcaf251ba3a95f124a8b485','gAJ9cQEuYjIwNWE3MWJjODQ1MGE5MTk1MjA1MTcxODgwZTZjMzQ=\n','2011-11-27 13:25:19'),('eac7edeab478c3cb74fe9342ad372b0e','gAJ9cQEuYjIwNWE3MWJjODQ1MGE5MTk1MjA1MTcxODgwZTZjMzQ=\n','2011-11-27 13:25:20'),('1830e9ac7fa59519c398783f5b08d026','gAJ9cQEuYjIwNWE3MWJjODQ1MGE5MTk1MjA1MTcxODgwZTZjMzQ=\n','2011-11-27 13:25:20'),('9b465c174dc91dbe45ea5495b53d61a0','gAJ9cQEuYjIwNWE3MWJjODQ1MGE5MTk1MjA1MTcxODgwZTZjMzQ=\n','2011-11-27 13:25:20'),('20ab02dc5ee35a2fb07530c1732f2a06','gAJ9cQEuYjIwNWE3MWJjODQ1MGE5MTk1MjA1MTcxODgwZTZjMzQ=\n','2011-11-27 13:25:20'),('4758ff5cd0dce560befba4e4254a29b7','gAJ9cQEuYjIwNWE3MWJjODQ1MGE5MTk1MjA1MTcxODgwZTZjMzQ=\n','2011-11-27 13:25:40'),('c7a2788a62bc17a2bfea321b739d06ea','gAJ9cQEuYjIwNWE3MWJjODQ1MGE5MTk1MjA1MTcxODgwZTZjMzQ=\n','2011-11-27 13:25:40'),('7c5bcb746f67dd7735b5f64e836bb57b','gAJ9cQEuYjIwNWE3MWJjODQ1MGE5MTk1MjA1MTcxODgwZTZjMzQ=\n','2011-11-27 13:26:20'),('2aa0eb97642ab71c35bc8124e5848cd3','gAJ9cQEuYjIwNWE3MWJjODQ1MGE5MTk1MjA1MTcxODgwZTZjMzQ=\n','2011-11-27 13:26:21'),('c82bccfc1ff299b4bfb90ea7ad94b3f9','gAJ9cQEoVRJfYXV0aF91c2VyX2JhY2tlbmRxAlUpZGphbmdvLmNvbnRyaWIuYXV0aC5iYWNrZW5k\ncy5Nb2RlbEJhY2tlbmRxA1UNX2F1dGhfdXNlcl9pZHEEigECdS5hMTBkYzRkZmZlMjk4NzhjYTBk\nNTg4YzExMzQ3OTU5Ng==\n','2011-12-07 17:40:16'),('13a21cdd47f5c7c5b04e98e10b4a234a','gAJ9cQEoVRJfYXV0aF91c2VyX2JhY2tlbmRxAlUpZGphbmdvLmNvbnRyaWIuYXV0aC5iYWNrZW5k\ncy5Nb2RlbEJhY2tlbmRxA1UNX2F1dGhfdXNlcl9pZHEEigECdS5hMTBkYzRkZmZlMjk4NzhjYTBk\nNTg4YzExMzQ3OTU5Ng==\n','2011-12-12 14:52:59'),('3d0a1c62ee190828ea7d083cdadd18f5','gAJ9cQEoVRJfYXV0aF91c2VyX2JhY2tlbmRxAlUpZGphbmdvLmNvbnRyaWIuYXV0aC5iYWNrZW5k\ncy5Nb2RlbEJhY2tlbmRxA1UNX2F1dGhfdXNlcl9pZHEEigECdS5hMTBkYzRkZmZlMjk4NzhjYTBk\nNTg4YzExMzQ3OTU5Ng==\n','2011-12-19 17:20:43'),('dc4d4e113a7f761f0d9baf4ae68952ef','gAJ9cQEoVRJfYXV0aF91c2VyX2JhY2tlbmRxAlUpZGphbmdvLmNvbnRyaWIuYXV0aC5iYWNrZW5k\ncy5Nb2RlbEJhY2tlbmRxA1UNX2F1dGhfdXNlcl9pZHEEigECdS5hMTBkYzRkZmZlMjk4NzhjYTBk\nNTg4YzExMzQ3OTU5Ng==\n','2011-12-30 09:58:11'),('8ea7dd9b80d9a74ec0484dcbda681edc','Mjk0N2Q1YmU1MzU5ODRiNGYyMWE1OTcxNDAzZjg3NmFjNWY1M2E4MzqAAn1xAShVEl9hdXRoX3Vz\nZXJfYmFja2VuZHECVSlkamFuZ28uY29udHJpYi5hdXRoLmJhY2tlbmRzLk1vZGVsQmFja2VuZHED\nVQ1fYXV0aF91c2VyX2lkcQSKAQJ1Lg==\n','2011-12-30 11:06:02'),('1ece16ce0208a3d9c1e58b4a226f985b','gAJ9cQFVCnRlc3Rjb29raWVxAlUGd29ya2VkcQNzLjljZGIxYTg4ZDAxOTZlNTc1MTZmOWQ5Y2Q4\nMmExYzBh\n','2012-01-01 04:17:28'),('0f949117d20af315538820d540b0e232','gAJ9cQFVCnRlc3Rjb29raWVxAlUGd29ya2VkcQNzLjljZGIxYTg4ZDAxOTZlNTc1MTZmOWQ5Y2Q4\nMmExYzBh\n','2012-01-08 17:47:30'),('d9ea88b2973208620e6c84f3d90503df','gAJ9cQFVCnRlc3Rjb29raWVxAlUGd29ya2VkcQNzLjljZGIxYTg4ZDAxOTZlNTc1MTZmOWQ5Y2Q4\nMmExYzBh\n','2012-01-15 11:24:06'),('0df0abef1b2fda5fd4acd87c010a6bed','gAJ9cQEoVRJfYXV0aF91c2VyX2JhY2tlbmRxAlUpZGphbmdvLmNvbnRyaWIuYXV0aC5iYWNrZW5k\ncy5Nb2RlbEJhY2tlbmRxA1UNX2F1dGhfdXNlcl9pZHEEigECdS5hMTBkYzRkZmZlMjk4NzhjYTBk\nNTg4YzExMzQ3OTU5Ng==\n','2012-01-09 16:12:07'),('960f9726e3ec55a2b1db68e32dedbaff','gAJ9cQEoVRJfYXV0aF91c2VyX2JhY2tlbmRxAlUpZGphbmdvLmNvbnRyaWIuYXV0aC5iYWNrZW5k\ncy5Nb2RlbEJhY2tlbmRxA1UNX2F1dGhfdXNlcl9pZHEEigECdS5hMTBkYzRkZmZlMjk4NzhjYTBk\nNTg4YzExMzQ3OTU5Ng==\n','2012-01-10 19:36:42'),('ab60231581cf92fc6e0a17a5b0f7b0e5','gAJ9cQFVCnRlc3Rjb29raWVxAlUGd29ya2VkcQNzLjljZGIxYTg4ZDAxOTZlNTc1MTZmOWQ5Y2Q4\nMmExYzBh\n','2012-02-02 16:22:24'),('6642c83e447300ee318a2a312bb490bd','gAJ9cQEoVRJfYXV0aF91c2VyX2JhY2tlbmRxAlUpZGphbmdvLmNvbnRyaWIuYXV0aC5iYWNrZW5k\ncy5Nb2RlbEJhY2tlbmRxA1UNX2F1dGhfdXNlcl9pZHEEigECdS5hMTBkYzRkZmZlMjk4NzhjYTBk\nNTg4YzExMzQ3OTU5Ng==\n','2012-01-27 18:36:24'),('93d7d560ba3b1404c15a332f991d93ab','gAJ9cQEoVRJfYXV0aF91c2VyX2JhY2tlbmRxAlUpZGphbmdvLmNvbnRyaWIuYXV0aC5iYWNrZW5k\ncy5Nb2RlbEJhY2tlbmRxA1UNX2F1dGhfdXNlcl9pZHEEigECdS5hMTBkYzRkZmZlMjk4NzhjYTBk\nNTg4YzExMzQ3OTU5Ng==\n','2012-02-01 12:24:34'),('fa3116b644222766df9db41ee0fc1649','gAJ9cQFVCnRlc3Rjb29raWVxAlUGd29ya2VkcQNzLjljZGIxYTg4ZDAxOTZlNTc1MTZmOWQ5Y2Q4\nMmExYzBh\n','2012-02-04 20:24:59'),('79c176255b7ba18be049a743ab7bf8c2','gAJ9cQFVCnRlc3Rjb29raWVxAlUGd29ya2VkcQNzLjljZGIxYTg4ZDAxOTZlNTc1MTZmOWQ5Y2Q4\nMmExYzBh\n','2012-02-07 14:42:19'),('802af8039ff67be1995d8a171c75dd80','gAJ9cQFVCnRlc3Rjb29raWVxAlUGd29ya2VkcQNzLjljZGIxYTg4ZDAxOTZlNTc1MTZmOWQ5Y2Q4\nMmExYzBh\n','2012-02-14 06:41:04'),('a27d9e0eb152e1d10ac8804fef01bc31','gAJ9cQFVCnRlc3Rjb29raWVxAlUGd29ya2VkcQNzLjljZGIxYTg4ZDAxOTZlNTc1MTZmOWQ5Y2Q4\nMmExYzBh\n','2012-03-01 16:58:08'),('e12a8ce51b7b2b2e6da1cceda96c6ed8','gAJ9cQEoVRJfYXV0aF91c2VyX2JhY2tlbmRxAlUpZGphbmdvLmNvbnRyaWIuYXV0aC5iYWNrZW5k\ncy5Nb2RlbEJhY2tlbmRxA1UNX2F1dGhfdXNlcl9pZHEEigECdS5hMTBkYzRkZmZlMjk4NzhjYTBk\nNTg4YzExMzQ3OTU5Ng==\n','2012-03-06 10:48:50'),('d699dbca06a8f88918b291e0165e72f5','gAJ9cQEoVRJfYXV0aF91c2VyX2JhY2tlbmRxAlUpZGphbmdvLmNvbnRyaWIuYXV0aC5iYWNrZW5k\ncy5Nb2RlbEJhY2tlbmRxA1UNX2F1dGhfdXNlcl9pZHEEigECdS5hMTBkYzRkZmZlMjk4NzhjYTBk\nNTg4YzExMzQ3OTU5Ng==\n','2012-03-02 17:46:50'),('2ced1461b43ef50ac9d6a9005897eaff','gAJ9cQFVCnRlc3Rjb29raWVxAlUGd29ya2VkcQNzLjljZGIxYTg4ZDAxOTZlNTc1MTZmOWQ5Y2Q4\nMmExYzBh\n','2012-03-13 08:55:35'),('f38588fa589d08a7f67e8086667d3427','gAJ9cQFVCnRlc3Rjb29raWVxAlUGd29ya2VkcQNzLjljZGIxYTg4ZDAxOTZlNTc1MTZmOWQ5Y2Q4\nMmExYzBh\n','2012-03-31 05:19:01'),('1a9b47c2b2516a01db31b4ac64e9b329','gAJ9cQEoVRJfYXV0aF91c2VyX2JhY2tlbmRxAlUpZGphbmdvLmNvbnRyaWIuYXV0aC5iYWNrZW5k\ncy5Nb2RlbEJhY2tlbmRxA1UNX2F1dGhfdXNlcl9pZHEEigECdS5hMTBkYzRkZmZlMjk4NzhjYTBk\nNTg4YzExMzQ3OTU5Ng==\n','2012-03-27 17:20:14'),('61d2daa6c13f0019c13d15466bff9b3f','gAJ9cQEoVRJfYXV0aF91c2VyX2JhY2tlbmRxAlUpZGphbmdvLmNvbnRyaWIuYXV0aC5iYWNrZW5k\ncy5Nb2RlbEJhY2tlbmRxA1UNX2F1dGhfdXNlcl9pZHEEigECdS5hMTBkYzRkZmZlMjk4NzhjYTBk\nNTg4YzExMzQ3OTU5Ng==\n','2012-03-27 20:33:38'),('238475b8c93d2d415c14347709131c94','gAJ9cQEoVRJfYXV0aF91c2VyX2JhY2tlbmRxAlUpZGphbmdvLmNvbnRyaWIuYXV0aC5iYWNrZW5k\ncy5Nb2RlbEJhY2tlbmRxA1UNX2F1dGhfdXNlcl9pZHEEigECdS5hMTBkYzRkZmZlMjk4NzhjYTBk\nNTg4YzExMzQ3OTU5Ng==\n','2012-03-30 11:21:15'),('c5e596d7aae58a52e224668d26472c83','gAJ9cQEoVRJfYXV0aF91c2VyX2JhY2tlbmRxAlUpZGphbmdvLmNvbnRyaWIuYXV0aC5iYWNrZW5k\ncy5Nb2RlbEJhY2tlbmRxA1UNX2F1dGhfdXNlcl9pZHEEigECdS5hMTBkYzRkZmZlMjk4NzhjYTBk\nNTg4YzExMzQ3OTU5Ng==\n','2012-03-30 11:30:12'),('bf6d888bdfd05d0a9489c5f69f5eb06d','gAJ9cQFVCnRlc3Rjb29raWVxAlUGd29ya2VkcQNzLjljZGIxYTg4ZDAxOTZlNTc1MTZmOWQ5Y2Q4\nMmExYzBh\n','2012-04-08 19:22:26'),('5f673c95c51b51f2695cfce797fa56d1','gAJ9cQEoVRJfYXV0aF91c2VyX2JhY2tlbmRxAlUpZGphbmdvLmNvbnRyaWIuYXV0aC5iYWNrZW5k\ncy5Nb2RlbEJhY2tlbmRxA1UNX2F1dGhfdXNlcl9pZHEEigECdS5hMTBkYzRkZmZlMjk4NzhjYTBk\nNTg4YzExMzQ3OTU5Ng==\n','2012-04-03 17:21:05'),('86b19d1056152228c07ae4b23162213b','gAJ9cQFVCnRlc3Rjb29raWVxAlUGd29ya2VkcQNzLjljZGIxYTg4ZDAxOTZlNTc1MTZmOWQ5Y2Q4\nMmExYzBh\n','2012-04-19 21:54:34'),('6ae33a79e1a77c288dac199e67f086b1','gAJ9cQEoVRJfYXV0aF91c2VyX2JhY2tlbmRxAlUpZGphbmdvLmNvbnRyaWIuYXV0aC5iYWNrZW5k\ncy5Nb2RlbEJhY2tlbmRxA1UNX2F1dGhfdXNlcl9pZHEEigECdS5hMTBkYzRkZmZlMjk4NzhjYTBk\nNTg4YzExMzQ3OTU5Ng==\n','2012-04-10 10:01:09'),('7b7f1f522a5c3af6c26d98b0ebf92229','gAJ9cQFVCnRlc3Rjb29raWVxAlUGd29ya2VkcQNzLjljZGIxYTg4ZDAxOTZlNTc1MTZmOWQ5Y2Q4\nMmExYzBh\n','2012-04-28 03:34:33'),('e264e179a8c17e3df00625d3e2f801ac','gAJ9cQEoVRJfYXV0aF91c2VyX2JhY2tlbmRxAlUpZGphbmdvLmNvbnRyaWIuYXV0aC5iYWNrZW5k\ncy5Nb2RlbEJhY2tlbmRxA1UNX2F1dGhfdXNlcl9pZHEEigECdS5hMTBkYzRkZmZlMjk4NzhjYTBk\nNTg4YzExMzQ3OTU5Ng==\n','2012-04-27 17:16:30'),('b23e6d34bcd01ef1c9f21bc612f1c364','gAJ9cQFVCnRlc3Rjb29raWVxAlUGd29ya2VkcQNzLjljZGIxYTg4ZDAxOTZlNTc1MTZmOWQ5Y2Q4\nMmExYzBh\n','2012-04-28 03:34:33'),('4d6ef33ea77dc66e9911a2ac5241a45d','gAJ9cQFVCnRlc3Rjb29raWVxAlUGd29ya2VkcQNzLjljZGIxYTg4ZDAxOTZlNTc1MTZmOWQ5Y2Q4\nMmExYzBh\n','2012-04-28 03:34:37'),('12748b4625e703d0aee1496c44e7b392','gAJ9cQFVCnRlc3Rjb29raWVxAlUGd29ya2VkcQNzLjljZGIxYTg4ZDAxOTZlNTc1MTZmOWQ5Y2Q4\nMmExYzBh\n','2012-04-28 03:34:38'),('7d74e76b27f5efd9991a41eea6b41be4','gAJ9cQFVCnRlc3Rjb29raWVxAlUGd29ya2VkcQNzLjljZGIxYTg4ZDAxOTZlNTc1MTZmOWQ5Y2Q4\nMmExYzBh\n','2012-04-28 03:34:38'),('f93cd43ef2e6ba5c64c23cefda47197e','gAJ9cQFVCnRlc3Rjb29raWVxAlUGd29ya2VkcQNzLjljZGIxYTg4ZDAxOTZlNTc1MTZmOWQ5Y2Q4\nMmExYzBh\n','2012-04-28 03:34:38'),('f22c49956b503e17c67daba973af2d8d','gAJ9cQFVCnRlc3Rjb29raWVxAlUGd29ya2VkcQNzLjljZGIxYTg4ZDAxOTZlNTc1MTZmOWQ5Y2Q4\nMmExYzBh\n','2012-04-28 03:34:38'),('b3d095c054503f130b3d7deb9782c383','gAJ9cQFVCnRlc3Rjb29raWVxAlUGd29ya2VkcQNzLjljZGIxYTg4ZDAxOTZlNTc1MTZmOWQ5Y2Q4\nMmExYzBh\n','2012-04-28 03:34:38'),('99b5f4d743ec655441d4f7e85a8050ec','gAJ9cQFVCnRlc3Rjb29raWVxAlUGd29ya2VkcQNzLjljZGIxYTg4ZDAxOTZlNTc1MTZmOWQ5Y2Q4\nMmExYzBh\n','2012-04-28 03:34:39'),('f5c3a1e6604949075a2c412e732fade1','gAJ9cQFVCnRlc3Rjb29raWVxAlUGd29ya2VkcQNzLjljZGIxYTg4ZDAxOTZlNTc1MTZmOWQ5Y2Q4\nMmExYzBh\n','2012-04-28 03:34:39'),('00b996dc9a3913c8690248eb5e17c4b0','gAJ9cQFVCnRlc3Rjb29raWVxAlUGd29ya2VkcQNzLjljZGIxYTg4ZDAxOTZlNTc1MTZmOWQ5Y2Q4\nMmExYzBh\n','2012-04-28 03:34:39'),('b39a4cec0493f0e116df762c1fe22431','gAJ9cQFVCnRlc3Rjb29raWVxAlUGd29ya2VkcQNzLjljZGIxYTg4ZDAxOTZlNTc1MTZmOWQ5Y2Q4\nMmExYzBh\n','2012-04-28 03:34:39'),('de34ac23d31403eadd224724f7449940','gAJ9cQFVCnRlc3Rjb29raWVxAlUGd29ya2VkcQNzLjljZGIxYTg4ZDAxOTZlNTc1MTZmOWQ5Y2Q4\nMmExYzBh\n','2012-04-28 03:34:40'),('edf44d95e38a7bb0970d050da456693c','gAJ9cQFVCnRlc3Rjb29raWVxAlUGd29ya2VkcQNzLjljZGIxYTg4ZDAxOTZlNTc1MTZmOWQ5Y2Q4\nMmExYzBh\n','2012-04-28 03:34:40'),('e34f1e0ac71c211d57a2bb641fb49dfa','gAJ9cQFVCnRlc3Rjb29raWVxAlUGd29ya2VkcQNzLjljZGIxYTg4ZDAxOTZlNTc1MTZmOWQ5Y2Q4\nMmExYzBh\n','2012-04-28 03:34:40'),('e16462351c1c03756aa4379b74b98d8f','gAJ9cQFVCnRlc3Rjb29raWVxAlUGd29ya2VkcQNzLjljZGIxYTg4ZDAxOTZlNTc1MTZmOWQ5Y2Q4\nMmExYzBh\n','2012-04-28 03:34:40'),('9601c5b6b831c898e67edc581578d4bf','gAJ9cQFVCnRlc3Rjb29raWVxAlUGd29ya2VkcQNzLjljZGIxYTg4ZDAxOTZlNTc1MTZmOWQ5Y2Q4\nMmExYzBh\n','2012-04-28 17:08:04'),('4f2c8e7c0346c7451aa6096dc2ebd138','gAJ9cQFVCnRlc3Rjb29raWVxAlUGd29ya2VkcQNzLjljZGIxYTg4ZDAxOTZlNTc1MTZmOWQ5Y2Q4\nMmExYzBh\n','2012-04-28 17:09:06'),('73789f718d9ea84889a6e64972d68563','gAJ9cQFVCnRlc3Rjb29raWVxAlUGd29ya2VkcQNzLjljZGIxYTg4ZDAxOTZlNTc1MTZmOWQ5Y2Q4\nMmExYzBh\n','2012-04-28 17:09:07'),('0baff64fb6cd6ca1ba419ed41ab9db94','gAJ9cQFVCnRlc3Rjb29raWVxAlUGd29ya2VkcQNzLjljZGIxYTg4ZDAxOTZlNTc1MTZmOWQ5Y2Q4\nMmExYzBh\n','2012-04-28 17:09:08'),('b9d48e4b203be65db91c9bf748f1fa82','gAJ9cQFVCnRlc3Rjb29raWVxAlUGd29ya2VkcQNzLjljZGIxYTg4ZDAxOTZlNTc1MTZmOWQ5Y2Q4\nMmExYzBh\n','2012-04-28 21:26:15'),('3141761d7a85e56ae8e00e789ca0687d','gAJ9cQFVCnRlc3Rjb29raWVxAlUGd29ya2VkcQNzLjljZGIxYTg4ZDAxOTZlNTc1MTZmOWQ5Y2Q4\nMmExYzBh\n','2012-04-28 21:27:17'),('59ee998b3cf595704d630739320e24de','gAJ9cQFVCnRlc3Rjb29raWVxAlUGd29ya2VkcQNzLjljZGIxYTg4ZDAxOTZlNTc1MTZmOWQ5Y2Q4\nMmExYzBh\n','2012-04-28 21:27:18'),('a067bd0108b9cdd882da3acc5a64dfe6','gAJ9cQFVCnRlc3Rjb29raWVxAlUGd29ya2VkcQNzLjljZGIxYTg4ZDAxOTZlNTc1MTZmOWQ5Y2Q4\nMmExYzBh\n','2012-04-28 21:27:19'),('139d9b32e1270b4b364cfc7eff0e01f9','gAJ9cQFVCnRlc3Rjb29raWVxAlUGd29ya2VkcQNzLjljZGIxYTg4ZDAxOTZlNTc1MTZmOWQ5Y2Q4\nMmExYzBh\n','2012-04-30 03:34:41'),('f40aff5eb26dbabb374a9da02391cbe7','gAJ9cQFVCnRlc3Rjb29raWVxAlUGd29ya2VkcQNzLjljZGIxYTg4ZDAxOTZlNTc1MTZmOWQ5Y2Q4\nMmExYzBh\n','2012-05-21 14:47:52'),('09b0f10c74d3d46cad353c0bd6f6906d','gAJ9cQFVCnRlc3Rjb29raWVxAlUGd29ya2VkcQNzLjljZGIxYTg4ZDAxOTZlNTc1MTZmOWQ5Y2Q4\nMmExYzBh\n','2012-05-21 14:47:52'),('50f6de31e68e941d4327f3547df3c42a','gAJ9cQFVCnRlc3Rjb29raWVxAlUGd29ya2VkcQNzLjljZGIxYTg4ZDAxOTZlNTc1MTZmOWQ5Y2Q4\nMmExYzBh\n','2012-05-21 14:47:53'),('8458970fc944d86f4b69ed4f2502fcf4','gAJ9cQFVCnRlc3Rjb29raWVxAlUGd29ya2VkcQNzLjljZGIxYTg4ZDAxOTZlNTc1MTZmOWQ5Y2Q4\nMmExYzBh\n','2012-05-21 14:47:53'),('02276094451a212219d10ab6bb92ddc8','gAJ9cQFVCnRlc3Rjb29raWVxAlUGd29ya2VkcQNzLjljZGIxYTg4ZDAxOTZlNTc1MTZmOWQ5Y2Q4\nMmExYzBh\n','2012-05-21 14:47:55'),('4384a484df2252fcfc8a97d53a13fb17','gAJ9cQEoVRJfYXV0aF91c2VyX2JhY2tlbmRxAlUpZGphbmdvLmNvbnRyaWIuYXV0aC5iYWNrZW5k\ncy5Nb2RlbEJhY2tlbmRxA1UNX2F1dGhfdXNlcl9pZHEEigECdS5hMTBkYzRkZmZlMjk4NzhjYTBk\nNTg4YzExMzQ3OTU5Ng==\n','2012-05-31 10:47:11'),('9461365e6fe5ac90445fa425e2e4b00e','gAJ9cQEoVRJfYXV0aF91c2VyX2JhY2tlbmRxAlUpZGphbmdvLmNvbnRyaWIuYXV0aC5iYWNrZW5k\ncy5Nb2RlbEJhY2tlbmRxA1UNX2F1dGhfdXNlcl9pZHEEigECdS5hMTBkYzRkZmZlMjk4NzhjYTBk\nNTg4YzExMzQ3OTU5Ng==\n','2012-05-31 10:42:55'),('b2a83f492c34ffd992b0fa55fee41131','gAJ9cQFVCnRlc3Rjb29raWVxAlUGd29ya2VkcQNzLjljZGIxYTg4ZDAxOTZlNTc1MTZmOWQ5Y2Q4\nMmExYzBh\n','2012-05-31 22:14:14'),('b60d272fa63ab3225a2188b5cd8ae9d0','gAJ9cQEuYjIwNWE3MWJjODQ1MGE5MTk1MjA1MTcxODgwZTZjMzQ=\n','2012-05-29 13:31:31'),('5319578a548b5ceae29876ea3328a873','gAJ9cQFVCnRlc3Rjb29raWVxAlUGd29ya2VkcQNzLjljZGIxYTg4ZDAxOTZlNTc1MTZmOWQ5Y2Q4\nMmExYzBh\n','2012-06-23 18:42:54'),('0227d85dc8040572e360f7f7fda2a004','gAJ9cQEoVRJfYXV0aF91c2VyX2JhY2tlbmRxAlUpZGphbmdvLmNvbnRyaWIuYXV0aC5iYWNrZW5k\ncy5Nb2RlbEJhY2tlbmRxA1UNX2F1dGhfdXNlcl9pZHEEigECdS5hMTBkYzRkZmZlMjk4NzhjYTBk\nNTg4YzExMzQ3OTU5Ng==\n','2012-06-15 12:43:17'),('2f5432e698eae4744fa3ebeca1f4927f','gAJ9cQEoVRJfYXV0aF91c2VyX2JhY2tlbmRxAlUpZGphbmdvLmNvbnRyaWIuYXV0aC5iYWNrZW5k\ncy5Nb2RlbEJhY2tlbmRxA1UNX2F1dGhfdXNlcl9pZHEEigEBdS5iMTc2Y2I0NmU2MTNiMTkwMWE5\nMTkyNzY5ZDgzZmVkNA==\n','2012-06-17 15:55:56'),('09f27eaf488b5e3b415f8bcef2041e6a','gAJ9cQFVCnRlc3Rjb29raWVxAlUGd29ya2VkcQNzLjljZGIxYTg4ZDAxOTZlNTc1MTZmOWQ5Y2Q4\nMmExYzBh\n','2012-06-29 17:25:22'),('bc86e36d90e81caa2523eabe063a58a2','gAJ9cQEoVRJfYXV0aF91c2VyX2JhY2tlbmRxAlUpZGphbmdvLmNvbnRyaWIuYXV0aC5iYWNrZW5k\ncy5Nb2RlbEJhY2tlbmRxA1UNX2F1dGhfdXNlcl9pZHEEigECdS5hMTBkYzRkZmZlMjk4NzhjYTBk\nNTg4YzExMzQ3OTU5Ng==\n','2012-06-24 18:53:16'),('db870c8740c761e80feff050ab913bbe','gAJ9cQFVCnRlc3Rjb29raWVxAlUGd29ya2VkcQNzLjljZGIxYTg4ZDAxOTZlNTc1MTZmOWQ5Y2Q4\nMmExYzBh\n','2012-07-13 11:10:40'),('690926ca96e6af79550aef3a9589b87c','gAJ9cQFVCnRlc3Rjb29raWVxAlUGd29ya2VkcQNzLjljZGIxYTg4ZDAxOTZlNTc1MTZmOWQ5Y2Q4\nMmExYzBh\n','2012-07-12 14:28:04'),('7e2d512f901f412ae38872630ba1aef9','gAJ9cQEoVRJfYXV0aF91c2VyX2JhY2tlbmRxAlUpZGphbmdvLmNvbnRyaWIuYXV0aC5iYWNrZW5k\ncy5Nb2RlbEJhY2tlbmRxA1UNX2F1dGhfdXNlcl9pZHEEigEBdS5iMTc2Y2I0NmU2MTNiMTkwMWE5\nMTkyNzY5ZDgzZmVkNA==\n','2012-07-12 14:27:58'),('3eaaae4c27ccc8b9f8767050836c547e','gAJ9cQFVCnRlc3Rjb29raWVxAlUGd29ya2VkcQNzLjljZGIxYTg4ZDAxOTZlNTc1MTZmOWQ5Y2Q4\nMmExYzBh\n','2012-07-12 14:26:53'),('3fef25f2abae0218e018832ed23ded34','gAJ9cQFVCnRlc3Rjb29raWVxAlUGd29ya2VkcQNzLjljZGIxYTg4ZDAxOTZlNTc1MTZmOWQ5Y2Q4\nMmExYzBh\n','2012-07-12 14:28:18'),('c4d61b3b4c197e9897908a9d0bd20ad1','gAJ9cQFVCnRlc3Rjb29raWVxAlUGd29ya2VkcQNzLjljZGIxYTg4ZDAxOTZlNTc1MTZmOWQ5Y2Q4\nMmExYzBh\n','2012-07-12 14:28:35'),('d05db63201155c0e64c6aea5925451f9','gAJ9cQFVCnRlc3Rjb29raWVxAlUGd29ya2VkcQNzLjljZGIxYTg4ZDAxOTZlNTc1MTZmOWQ5Y2Q4\nMmExYzBh\n','2012-07-12 15:16:32'),('07fab58be406ce3f09a06eeb76242613','gAJ9cQFVCnRlc3Rjb29raWVxAlUGd29ya2VkcQNzLjljZGIxYTg4ZDAxOTZlNTc1MTZmOWQ5Y2Q4\nMmExYzBh\n','2012-07-12 15:17:04'),('5f55b87843b0958f7e5211e85ab5dfdc','gAJ9cQFVCnRlc3Rjb29raWVxAlUGd29ya2VkcQNzLjljZGIxYTg4ZDAxOTZlNTc1MTZmOWQ5Y2Q4\nMmExYzBh\n','2012-07-13 10:22:12'),('afc348abd546099792bb09e08ca3c5ef','gAJ9cQEoVRJfYXV0aF91c2VyX2JhY2tlbmRxAlUpZGphbmdvLmNvbnRyaWIuYXV0aC5iYWNrZW5k\ncy5Nb2RlbEJhY2tlbmRxA1UNX2F1dGhfdXNlcl9pZHEEigECdS5hMTBkYzRkZmZlMjk4NzhjYTBk\nNTg4YzExMzQ3OTU5Ng==\n','2012-07-12 19:33:46'),('44376f1849617e0a710ff191cefeaf1d','gAJ9cQFVCnRlc3Rjb29raWVxAlUGd29ya2VkcQNzLjljZGIxYTg4ZDAxOTZlNTc1MTZmOWQ5Y2Q4\nMmExYzBh\n','2012-07-13 10:22:25'),('9e89c360094b53ba30f1245416cdd655','gAJ9cQFVCnRlc3Rjb29raWVxAlUGd29ya2VkcQNzLjljZGIxYTg4ZDAxOTZlNTc1MTZmOWQ5Y2Q4\nMmExYzBh\n','2012-07-13 13:13:54'),('0b6869dd69cfeb7dfccfb898fae48e70','gAJ9cQFVCnRlc3Rjb29raWVxAlUGd29ya2VkcQNzLjljZGIxYTg4ZDAxOTZlNTc1MTZmOWQ5Y2Q4\nMmExYzBh\n','2012-07-13 13:14:04'),('118cb65bd77eee8f0d1f7b044cb3ba7c','gAJ9cQFVCnRlc3Rjb29raWVxAlUGd29ya2VkcQNzLjljZGIxYTg4ZDAxOTZlNTc1MTZmOWQ5Y2Q4\nMmExYzBh\n','2012-07-13 13:14:14'),('5f74c9699973682b4071d289757945da','gAJ9cQFVCnRlc3Rjb29raWVxAlUGd29ya2VkcQNzLjljZGIxYTg4ZDAxOTZlNTc1MTZmOWQ5Y2Q4\nMmExYzBh\n','2012-07-13 13:14:21'),('caf92f1d9f5c39a993bc4a52df974465','gAJ9cQFVCnRlc3Rjb29raWVxAlUGd29ya2VkcQNzLjljZGIxYTg4ZDAxOTZlNTc1MTZmOWQ5Y2Q4\nMmExYzBh\n','2012-07-13 13:14:27');
/*!40000 ALTER TABLE `django_session` ENABLE KEYS */;
UNLOCK TABLES;

--
-- Table structure for table `django_site`
--

DROP TABLE IF EXISTS `django_site`;
/*!40101 SET @saved_cs_client     = @@character_set_client */;
/*!40101 SET character_set_client = utf8 */;
CREATE TABLE `django_site` (
  `id` int(11) NOT NULL AUTO_INCREMENT,
  `domain` varchar(100) COLLATE utf8_unicode_ci NOT NULL,
  `name` varchar(50) COLLATE utf8_unicode_ci NOT NULL,
  PRIMARY KEY (`id`)
) ENGINE=MyISAM AUTO_INCREMENT=2 DEFAULT CHARSET=utf8 COLLATE=utf8_unicode_ci;
/*!40101 SET character_set_client = @saved_cs_client */;

--
-- Dumping data for table `django_site`
--

LOCK TABLES `django_site` WRITE;
/*!40000 ALTER TABLE `django_site` DISABLE KEYS */;
INSERT INTO `django_site` VALUES (1,'example.com','example.com');
/*!40000 ALTER TABLE `django_site` ENABLE KEYS */;
UNLOCK TABLES;

--
-- Table structure for table `templatetags_projectoption`
--

DROP TABLE IF EXISTS `templatetags_projectoption`;
/*!40101 SET @saved_cs_client     = @@character_set_client */;
/*!40101 SET character_set_client = utf8 */;
CREATE TABLE `templatetags_projectoption` (
  `id` int(11) NOT NULL AUTO_INCREMENT,
  `name` varchar(200) COLLATE utf8_unicode_ci NOT NULL,
  `value` longtext COLLATE utf8_unicode_ci NOT NULL,
  PRIMARY KEY (`id`)
) ENGINE=MyISAM AUTO_INCREMENT=62 DEFAULT CHARSET=utf8 COLLATE=utf8_unicode_ci;
/*!40101 SET character_set_client = @saved_cs_client */;

--
-- Dumping data for table `templatetags_projectoption`
--

LOCK TABLES `templatetags_projectoption` WRITE;
/*!40000 ALTER TABLE `templatetags_projectoption` DISABLE KEYS */;
INSERT INTO `templatetags_projectoption` VALUES (1,'form_label_comments','Комментарий к заказу:'),(2,'url_name_restaurants','Рестораны'),(3,'content_name_flights_no','Пока нет заметок об авиа'),(4,'owner_email','olga@rim-gid.com'),(5,'content_name_transport_no','Пока нет заметок о транспорте'),(6,'page_title','Русскоязычный индивидуальный гид по Риму и Италии. Экскурсии на русском языке в Риме в Италии русскоговорящий гид. rim-gid.com'),(7,'form_input_email','Адрес почты...'),(8,'content_name_restaurants','Рестораны'),(9,'content_name_info','Информация'),(10,'url_name_info','Информация'),(11,'url_name_italy','Экскурсии по другим городам Италии'),(12,'url_name_contacts','Контакты'),(13,'content_name_flights','Авиаперелеты'),(14,'content_name_notes_no','Еще нет ни одной новости'),(15,'form_label_name','Ваше имя:'),(16,'form_input_date','Введите желаемую дату...'),(17,'content_name_hotels','Отели'),(18,'content_name_notes','Новости'),(19,'url_name_license','Лицензия'),(20,'url_name_reccomendations','Отзывы'),(21,'owner_maintitle','Экскурсии в Риме'),(22,'form_label_email','Ваш e-mail:'),(23,'url_name_notes','Новости'),(24,'form_input_comments','Напишите дополнительные пожелания...'),(25,'url_name_flights','Авиаперелеты'),(26,'content_name_hotels_no','Пока нет заметок об отелях'),(27,'msg_error','Ошибка! Возможно, это проблемы с сайтом'),(28,'site_footer','© 2012 Гид по Риму, rim-gid.com. Все права защищены. Использование информации без ссылки на сайт запрещено.'),(29,'page_keywords','Русскоязычный индивидуальный гид по Риму и Италии. Экскурсии на русском языке в Риме в Италии русскоговорящий гид. rim-gid.com'),(30,'content_name_shops','Магазины'),(31,'form_input_name','Введите Ваше имя...'),(32,'site_name','Гид по Риму'),(33,'url_name_translate','Услуги перевода'),(34,'url_name_main','Главная'),(35,'form_label_date','Предпочтительная дата экскурсии:'),(36,'request_title','Заявка'),(37,'page_description','Офицальный сайт Ольги Новиковой - гида-переводчика в Риме'),(38,'request_button_text','Заказать'),(39,'url_name_transport','Транспорт'),(40,'content_name_transfer','Трансфер'),(41,'url_name_shops','Магазины'),(42,'msg_error_contacts','Или свяжитесь со мной любым удобным для Вас способом. Мои контакты указаны на странице: gid-rim.com/contacts'),(43,'url_name_hotels','Отели'),(44,'request_msg_error','Исправьте, пожалуйста, все ошибки'),(45,'owner_phone','+39 3336631315'),(46,'site_version','ru'),(47,'url_name_fotos','Фото'),(48,'owner_friends_title','Друзья'),(49,'owner_skype','olga.gidinrome'),(50,'msg_error_repeat','Если проблема повторяется, отправьте, пожалуйста, заявку вручную на e-mail: olga@rim-gid.com'),(51,'owner_name','Ольга'),(52,'msg_thx','Спасибо за заявку! Я отвечу Вам в ближайшее время (в течение нескольких дней)'),(53,'content_name_transport','Транспорт'),(54,'owner_status','Русскоговорящий лицензированный гид-переводчик по Риму и региону Лацио'),(55,'content_name_info_no','Пока нет заметок'),(56,'url_name_transfer','Трансфер'),(57,'content_name_restaurants_no','Пока нет заметок о ресторанах'),(58,'owner_maintext','Предлагаю Вам увлекательные экскурсии по Риму и его пригородам со мной - русскоговорящим лицензированным гидом-переводчиком по Риму и региону Лацио. Вы сможете посетить археологические музеи, соборы, картинные галереи, музеи скульптуры и многое другое. Так как Рим расположен близ западного побережья Центральной Италии (примерно в 20 километрах от места впадения реки Тибр в Тирренское море), мы также сможем совершить интересные поездки на живописные морские курорты.'),(59,'content_name_shops_no','Пока нет заметок о магазинах'),(60,'owner_phone_title','Телефон'),(61,'yandex_metrika','<!-- Yandex.Metrika counter -->\n<div style=\"display:none;\"><script type=\"text/javascript\">\n(function(w, c) {\n    (w[c] = w[c] || []).push(function() {\n  try {\n      w.yaCounter11554360 = new Ya.Metrika({id:11554360, enableAll: true});\n  }\n  catch(e) { }\n    });\n})(window, \"yandex_metrika_callbacks\");\n</script></div>\n<script src=\"//mc.yandex.ru/metrika/watch.js\" type=\"text/javascript\" defer=\"defer\"></script>\n<noscript><div><img src=\"//mc.yandex.ru/watch/11554360\" style=\"position:absolute; left:-9999px;\" alt=\"\" /></div></noscript>\n<!-- /Yandex.Metrika counter -->');
/*!40000 ALTER TABLE `templatetags_projectoption` ENABLE KEYS */;
UNLOCK TABLES;

--
-- Table structure for table `templatetags_projectoption_sites`
--

DROP TABLE IF EXISTS `templatetags_projectoption_sites`;
/*!40101 SET @saved_cs_client     = @@character_set_client */;
/*!40101 SET character_set_client = utf8 */;
CREATE TABLE `templatetags_projectoption_sites` (
  `id` int(11) NOT NULL AUTO_INCREMENT,
  `projectoption_id` int(11) NOT NULL,
  `site_id` int(11) NOT NULL,
  PRIMARY KEY (`id`),
  UNIQUE KEY `projectoption_id` (`projectoption_id`,`site_id`),
  KEY `templatetags_projectoption_sites_3c88267` (`projectoption_id`),
  KEY `templatetags_projectoption_sites_6223029` (`site_id`)
) ENGINE=MyISAM AUTO_INCREMENT=62 DEFAULT CHARSET=utf8 COLLATE=utf8_unicode_ci;
/*!40101 SET character_set_client = @saved_cs_client */;

--
-- Dumping data for table `templatetags_projectoption_sites`
--

LOCK TABLES `templatetags_projectoption_sites` WRITE;
/*!40000 ALTER TABLE `templatetags_projectoption_sites` DISABLE KEYS */;
INSERT INTO `templatetags_projectoption_sites` VALUES (1,1,1),(2,2,1),(3,3,1),(4,4,1),(5,5,1),(6,6,1),(7,7,1),(8,8,1),(9,9,1),(10,10,1),(11,11,1),(12,12,1),(13,13,1),(14,14,1),(15,15,1),(16,16,1),(17,17,1),(18,18,1),(19,19,1),(20,20,1),(21,21,1),(22,22,1),(23,23,1),(24,24,1),(25,25,1),(26,26,1),(27,27,1),(28,28,1),(29,29,1),(30,30,1),(31,31,1),(32,32,1),(33,33,1),(34,34,1),(35,35,1),(36,36,1),(37,37,1),(38,38,1),(39,39,1),(40,40,1),(41,41,1),(42,42,1),(43,43,1),(44,44,1),(45,45,1),(46,46,1),(47,47,1),(48,48,1),(49,49,1),(50,50,1),(51,51,1),(52,52,1),(53,53,1),(54,54,1),(55,55,1),(56,56,1),(57,57,1),(58,58,1),(59,59,1),(60,60,1),(61,61,1);
/*!40000 ALTER TABLE `templatetags_projectoption_sites` ENABLE KEYS */;
UNLOCK TABLES;
/*!40103 SET TIME_ZONE=@OLD_TIME_ZONE */;

/*!40101 SET SQL_MODE=@OLD_SQL_MODE */;
/*!40014 SET FOREIGN_KEY_CHECKS=@OLD_FOREIGN_KEY_CHECKS */;
/*!40014 SET UNIQUE_CHECKS=@OLD_UNIQUE_CHECKS */;
/*!40101 SET CHARACTER_SET_CLIENT=@OLD_CHARACTER_SET_CLIENT */;
/*!40101 SET CHARACTER_SET_RESULTS=@OLD_CHARACTER_SET_RESULTS */;
/*!40101 SET COLLATION_CONNECTION=@OLD_COLLATION_CONNECTION */;
/*!40111 SET SQL_NOTES=@OLD_SQL_NOTES */;

-- Dump completed on 2012-06-29 19:11:04
